Cell,r_1,i_2,f_3,r_4,i_5,f_6,r_7,i_8,f_9,r_10,i_11,f_12,r_13,i_14,f_15,SOH
3,20004.453,0.2926,0.02272,0.01999,1.88063,-0.43411,15829.126,0.32102,0.00045,4.36941,1.21222,-0.35308,0.26261,1.63125,-0.14657,100
4,20004.453,0.27346,0.0198,0.01999,1.71939,-0.39159,15829.126,0.27938,-3e-05,11.1448,1.0851,-0.27554,0.41976,1.46508,-0.10541,100
6,20004.453,0.32195,0.02155,0.01999,1.7709,-0.43757,15829.126,0.33078,-0.0002,5.5173,1.09221,-0.32226,0.26261,1.51947,-0.13206,100
8,20004.453,0.29397,0.01514,0.01999,1.92954,-0.42692,15829.126,0.35484,-0.00189,4.36941,1.30794,-0.33007,0.26261,1.68835,-0.13579,100
7,20004.453,0.30528,0.01472,0.01999,1.75289,-0.41537,15829.126,0.35849,0.00166,8.81772,1.1194,-0.28388,0.33183,1.51085,-0.11232,100
2,20004.453,0.28533,0.02969,0.01999,1.64008,-0.39374,15829.126,0.30649,0.00689,8.81772,1.04978,-0.26747,0.41976,1.38913,-0.10249,100
6,20004.453,0.32132,0.0203,0.01999,1.76328,-0.44239,15829.126,0.34037,-2e-05,5.5173,1.10205,-0.32438,0.26261,1.51531,-0.13197,99
8,20004.453,0.29174,0.01561,0.01999,1.92911,-0.43034,1.07079,1.47659,0.00118,5.5173,1.22869,-0.32807,0.26261,1.66887,-0.13308,99
7,20004.453,0.31006,0.01425,0.01999,2.30937,-0.5436,15829.126,0.366,0.00012,2.73547,1.45598,-0.47412,0.16452,2.0324,-0.21338,99
2,20004.453,0.28474,0.02953,0.01999,1.64335,-0.37268,0.41976,1.80569,-0.00118,11.1448,1.00341,-0.2646,0.41976,1.39212,-0.10265,99
3,20004.453,0.29484,0.02313,0.01999,1.88546,-0.42533,15829.126,0.30339,-7e-05,5.5173,1.14165,-0.34777,0.26261,1.62514,-0.14371,99
1,20004.453,0.275,0.03318,0.01999,0.90402,-0.27584,12516.703,0.31193,-0.00057,45.3629,0.56538,-0.11389,1.35352,0.71009,-0.03347,99
1,20004.453,1.56984,0.03628,0.01999,2.04766,-0.24432,12516.703,1.46012,-8e-05,57.36816,1.77751,-0.08262,2.73547,1.87064,-0.02329,99
2,20004.453,0.54671,0.03806,0.01999,1.02889,-0.25181,12516.703,0.58266,0.00021,72.51701,0.73787,-0.08131,2.16054,0.84763,-0.02324,99
2,20004.453,0.47084,0.02958,0.01999,1.09505,-0.27295,0.26261,1.18725,-0.00119,57.36816,0.74384,-0.11167,1.35352,0.90469,-0.03382,99
5,20004.453,0.3463,0.02711,0.01999,1.19608,-0.31109,12516.703,0.35997,-0.0028,35.93134,0.73808,-0.16094,0.84734,0.98267,-0.05284,98
1,20004.453,0.3847,0.03513,0.01999,1.25668,-0.32795,12516.703,0.39684,-9e-05,35.93134,0.81236,-0.17167,0.84734,1.05071,-0.05344,98
2,20004.453,0.57719,0.03744,0.01999,1.08406,-0.25962,12516.703,0.60473,0.0003,72.51701,0.77324,-0.0844,2.16054,0.88937,-0.02475,98
1,20004.453,1.78756,0.03616,0.01999,2.27447,-0.24661,12516.703,1.65578,-0.00057,57.36816,1.99747,-0.08447,2.16054,2.09736,-0.02435,98
1,20004.453,0.28022,0.03158,0.01999,0.92128,-0.28327,12516.703,0.29162,0.00113,45.3629,0.57531,-0.11685,1.35352,0.72616,-0.03425,98
2,20004.453,0.47543,0.02743,0.01999,1.11992,-0.2751,12516.703,0.48686,-0.00131,45.3629,0.77518,-0.11621,1.70952,0.9175,-0.03499,97
1,20004.453,1.36835,0.03542,0.01999,1.86876,-0.24981,12516.703,1.40038,-0.00067,57.36816,1.58159,-0.08736,1.70952,1.68945,-0.02439,97
1,20004.453,0.28259,0.03215,0.01999,0.94334,-0.28604,12516.703,0.29537,0.00074,45.3629,0.58024,-0.11752,1.70952,0.72848,-0.03455,97
1,20004.453,1.425,0.03619,0.01999,1.92624,-0.24952,12516.703,1.40491,-0.00021,57.36816,1.63928,-0.08858,2.73547,1.74249,-0.02548,96
2,20004.453,0.53035,0.03459,0.01999,1.04166,-0.25803,12516.703,0.56814,-0.00127,72.51701,0.73189,-0.08638,2.16054,0.85477,-0.02552,96
1,20004.453,1.43608,0.0362,0.01999,1.94256,-0.24402,12516.703,1.44815,-0.00068,57.36816,1.64995,-0.08785,1.70952,1.76215,-0.02545,96
2,20004.453,0.53496,0.03544,0.01999,1.05201,-0.25177,12516.703,0.57291,-0.00074,57.36816,0.75358,-0.08784,1.70952,0.86298,-0.02647,96
1,20004.453,0.38886,0.03399,0.01999,1.2808,-0.323,12516.703,0.40122,0.00013,35.93134,0.818,-0.17235,0.84734,1.06051,-0.05376,96
5,20004.453,0.36317,0.02875,0.01999,1.22101,-0.31452,15829.126,0.38397,0.00274,28.40909,0.78968,-0.16418,1.07079,1.00307,-0.05411,96
1,20004.453,1.40873,0.03629,0.01999,1.9148,-0.25129,12516.703,1.44294,-0.00016,57.36816,1.62419,-0.08916,2.16054,1.73217,-0.02471,96
1,20004.453,1.41037,0.03348,0.01999,1.91381,-0.25078,0.10309,1.86686,-0.00093,72.51701,1.60706,-0.08905,2.16054,1.73127,-0.02538,96
2,20004.453,0.47854,0.02825,0.01999,1.12053,-0.28367,0.84734,1.11592,-0.00078,57.36816,0.75823,-0.11695,1.35352,0.92964,-0.03561,96
2,20004.453,0.49497,0.03451,0.01999,1.0221,-0.26651,12516.703,0.5322,-0.00126,57.36816,0.71129,-0.08887,2.73547,0.81898,-0.02618,96
1,20004.453,1.42262,0.03609,0.01999,1.92776,-0.24896,12516.703,1.42115,-0.00076,72.51701,1.62016,-0.08837,2.16054,1.74613,-0.02535,96
2,20004.453,0.50383,0.03532,0.01999,1.01968,-0.25723,12516.703,0.52447,0.00133,72.51701,0.70449,-0.08859,2.16054,0.83128,-0.02651,95
1,20004.453,1.36997,0.03521,0.01999,1.87773,-0.25123,12516.703,1.40751,-0.00074,57.36816,1.5864,-0.09001,1.70952,1.70023,-0.02541,95
1,20004.453,0.27878,0.03159,0.01999,0.94638,-0.28556,0.10309,0.80046,0.00017,45.3629,0.57764,-0.11839,1.35352,0.73254,-0.03536,95
2,20004.453,0.50302,0.03517,0.01999,1.03258,-0.26707,12516.703,0.52249,0.00246,57.36816,0.72138,-0.09015,2.16054,0.83182,-0.02638,95
2,20004.453,0.48469,0.0345,0.01999,1.00903,-0.25412,0.20791,1.08627,-0.00023,57.36816,0.70443,-0.08911,2.73547,0.8149,-0.02676,95
1,20004.453,1.37159,0.03513,0.01999,1.88173,-0.25094,0.26261,1.95885,0.00083,57.36816,1.58489,-0.08918,1.70952,1.70151,-0.02569,95
2,20004.453,0.48,0.03454,0.01999,1.00977,-0.25563,0.41976,1.08381,-0.00029,57.36816,0.69711,-0.08965,2.16054,0.81118,-0.02659,95
1,20004.453,1.43304,0.03481,0.01999,1.94008,-0.25186,12516.703,1.44604,-0.00168,57.36816,1.64816,-0.08956,1.70952,1.7637,-0.02541,95
1,20004.453,1.38718,0.03542,0.01999,1.897,-0.25057,12516.703,1.40115,0.00141,45.3629,1.61788,-0.08931,2.16054,1.71452,-0.02621,95
2,20004.453,0.45887,0.0344,0.01999,0.97996,-0.26012,0.08153,0.96523,0.00233,57.36816,0.67647,-0.08999,2.16054,0.79027,-0.02632,95
1,20004.453,0.27923,0.03043,0.01999,0.94371,-0.29818,12516.703,0.29008,0.00011,45.3629,0.57732,-0.11982,1.70952,0.73081,-0.03558,95
2,20004.453,0.44607,0.03259,0.01999,0.9788,-0.27268,12516.703,0.46401,0.00131,57.36816,0.66524,-0.09176,1.70952,0.78365,-0.02705,95
1,20004.453,1.42997,0.03508,0.01999,1.944,-0.247,12516.703,1.41797,0.00157,57.36816,1.64211,-0.09017,2.16054,1.75838,-0.02647,95
1,20004.453,1.44149,0.03336,0.01999,1.95633,-0.24676,0.08153,1.86734,-0.00055,45.3629,1.67486,-0.09096,2.16054,1.77274,-0.02646,95
2,20004.453,0.4293,0.03088,0.01999,0.96503,-0.25844,12516.703,0.44827,0.00072,57.36816,0.6467,-0.09164,2.16054,0.76335,-0.02671,95
1,20004.453,0.27811,0.03,0.01999,0.93355,-0.28144,12516.703,0.28876,0.00032,45.3629,0.57664,-0.12033,1.35352,0.73175,-0.03502,95
2,20004.453,0.47624,0.02819,0.01999,1.12511,-0.28735,12516.703,0.48674,-0.00079,45.3629,0.78129,-0.11871,1.35352,0.93315,-0.03568,94
1,20004.453,1.44282,0.03309,0.01999,1.95627,-0.25195,0.26261,1.98469,-0.00065,45.3629,1.67381,-0.09076,1.70952,1.77528,-0.02556,94
1,20004.453,0.39038,0.0337,0.01999,1.2774,-0.32955,12516.703,0.4025,-0.0,35.93134,0.82036,-0.17258,1.07079,1.05986,-0.05367,94
2,20004.453,0.42878,0.0304,0.01999,0.95651,-0.26232,12516.703,0.44968,0.00087,45.3629,0.66684,-0.09146,2.16054,0.76579,-0.02643,94
2,20004.453,0.41674,0.03402,0.01999,0.95359,-0.25781,12516.703,0.43541,-0.00016,57.36816,0.63355,-0.09203,2.16054,0.75344,-0.02717,94
1,20004.453,1.40024,0.03293,0.01999,1.91663,-0.24837,0.41976,1.94489,-0.00274,57.36816,1.61329,-0.09133,2.16054,1.73221,-0.02595,94
1,20004.453,0.27667,0.03228,0.01999,0.93404,-0.28217,12516.703,0.28825,0.00072,45.3629,0.57513,-0.11941,1.70952,0.72928,-0.03509,94
2,20004.453,0.41601,0.03178,0.01999,0.95318,-0.25678,12516.703,0.4348,0.00085,57.36816,0.63469,-0.0928,2.16054,0.75468,-0.02725,94
5,20004.453,0.37289,0.02741,0.01999,1.24381,-0.31707,15829.126,0.39626,0.00123,28.40909,0.80072,-0.16511,0.84734,1.02269,-0.05435,94
2,20004.453,0.4159,0.03196,0.01999,0.95679,-0.27262,12516.703,0.43529,0.00044,57.36816,0.63428,-0.09162,1.70952,0.75735,-0.02734,94
1,20004.453,1.47551,0.033,0.01999,1.99803,-0.24816,12516.703,1.44979,0.00175,57.36816,1.68939,-0.09306,1.70952,1.81002,-0.02652,94
1,20004.453,0.27496,0.03168,0.01999,0.93201,-0.28197,12516.703,0.28697,0.00019,35.93134,0.5959,-0.1193,1.35352,0.73024,-0.035,94
2,20004.453,0.4182,0.03129,0.01999,0.94864,-0.26093,12516.703,0.43934,0.00015,57.36816,0.63554,-0.09218,2.73547,0.75603,-0.02763,94
1,20004.453,1.45999,0.03339,0.01999,1.97321,-0.25512,0.41976,1.90529,0.00018,45.3629,1.69123,-0.09213,2.16054,1.79465,-0.02665,94
2,20004.453,0.41459,0.03117,0.01999,0.95239,-0.25733,12516.703,0.43538,0.00129,57.36816,0.63417,-0.09369,2.16054,0.75444,-0.02735,94
1,20004.453,1.5489,0.03201,0.01999,2.06728,-0.25149,12516.703,1.56961,0.00108,45.3629,1.78095,-0.09264,1.35352,1.88873,-0.02707,94
1,20004.453,0.27342,0.03082,0.01999,0.938,-0.28065,0.53067,0.94796,0.00038,35.93134,0.5934,-0.11888,1.35352,0.72906,-0.03532,94
2,20004.453,0.41004,0.03124,0.01999,0.95056,-0.25709,0.05102,1.06098,0.00063,57.36816,0.62824,-0.09401,1.70952,0.75297,-0.02761,94
2,20004.453,0.40604,0.03203,0.01999,0.94504,-0.25847,12516.703,0.42499,0.00142,57.36816,0.62299,-0.09442,1.70952,0.75018,-0.02791,94
1,20004.453,1.38649,0.03362,0.01999,1.9179,-0.26012,12516.703,1.40431,0.0014,57.36816,1.59991,-0.09294,1.70952,1.72421,-0.02699,94
1,20004.453,0.27395,0.03107,0.01999,0.94155,-0.28231,0.41976,0.96458,-3e-05,45.3629,0.57045,-0.12038,1.35352,0.7299,-0.03599,94
2,20004.453,0.47571,0.02615,0.01999,1.13355,-0.28542,12516.703,0.48675,-0.00143,45.3629,0.78237,-0.11957,1.70952,0.9323,-0.03658,94
1,20004.453,0.39194,0.0335,0.01999,1.28189,-0.33673,12516.703,0.40523,-0.00024,35.93134,0.82599,-0.17487,1.07079,1.06637,-0.05423,93
1,20004.453,1.45805,0.03331,0.01999,1.98309,-0.25494,12516.703,1.44445,0.00133,57.36816,1.67195,-0.09299,1.70952,1.79933,-0.02723,93
1,20004.453,1.37511,0.03164,0.01999,1.90105,-0.24949,12516.703,1.41532,-0.00015,45.3629,1.6062,-0.09499,1.70952,1.71677,-0.02733,93
2,20004.453,0.40288,0.0318,0.01999,0.94017,-0.26498,12516.703,0.42156,-0.00096,45.3629,0.63925,-0.09468,1.70952,0.74907,-0.027,93
1,20004.453,0.27298,0.03019,0.01999,0.9331,-0.28445,12516.703,0.28533,0.00038,35.93134,0.59461,-0.12142,1.35352,0.73075,-0.03589,93
2,20004.453,0.40362,0.0311,0.01999,0.94626,-0.27724,12516.703,0.42329,0.0006,45.3629,0.63987,-0.09507,1.70952,0.75067,-0.02854,93
1,20004.453,1.36155,0.0328,0.01999,1.88633,-0.25704,12516.703,1.37411,-0.00088,45.3629,1.59231,-0.09565,2.16054,1.70156,-0.02749,93
2,20004.453,0.40036,0.03103,0.01999,0.94534,-0.25926,12516.703,0.41833,-0.00021,45.3629,0.63578,-0.0957,2.16054,0.74544,-0.02854,93
1,20004.453,1.4343,0.03251,0.01999,1.97129,-0.25097,12516.703,1.40673,0.00163,45.3629,1.66698,-0.09492,1.70952,1.77842,-0.027,93
1,20004.453,1.24327,0.03227,0.01999,1.76965,-0.25838,12516.703,1.26275,0.00071,45.3629,1.47402,-0.09548,1.70952,1.58804,-0.0267,93
2,20004.453,0.39494,0.03192,0.01999,0.95086,-0.27224,12516.703,0.41701,-0.00016,45.3629,0.6336,-0.09548,1.70952,0.74651,-0.02814,93
2,20004.453,0.47508,0.02677,0.01999,1.1347,-0.28097,15829.126,0.50559,0.00188,45.3629,0.78069,-0.12074,1.35352,0.93692,-0.03688,93
1,20004.453,0.2728,0.02902,0.01999,0.93732,-0.28806,12516.703,0.28602,0.00081,45.3629,0.57086,-0.12118,1.07079,0.73878,-0.03632,93
1,20004.453,1.31159,0.03425,0.01999,1.84312,-0.25733,0.13007,1.88052,8e-05,57.36816,1.52551,-0.09466,2.16054,1.65586,-0.02727,93
2,20004.453,0.39429,0.03109,0.01999,0.95046,-0.26684,12516.703,0.4134,-0.00084,57.36816,0.61084,-0.09513,1.70952,0.74474,-0.02818,93
1,20004.453,1.29389,0.03328,0.01999,1.82689,-0.25287,12516.703,1.29639,-0.00071,45.3629,1.52691,-0.09497,2.16054,1.63927,-0.0278,93
1,20004.453,1.242,0.03306,0.01999,1.76991,-0.25268,12516.703,1.27487,0.00051,57.36816,1.45349,-0.09538,1.70952,1.58746,-0.02812,93
1,20004.453,0.27246,0.03095,0.01999,0.94457,-0.2873,12516.703,0.28482,0.00024,35.93134,0.59198,-0.12083,1.70952,0.7256,-0.03574,93
1,20004.453,0.39225,0.03368,0.01999,1.29838,-0.32562,0.08153,1.58905,-0.00013,35.93134,0.82683,-0.17481,0.84734,1.07313,-0.05409,93
5,20004.453,0.37524,0.02647,0.01999,1.24476,-0.31775,15829.126,0.40088,0.00278,28.40909,0.80611,-0.16548,0.84734,1.03049,-0.05463,93
1,20004.453,1.20547,0.03209,0.01999,1.73588,-0.25717,12516.703,1.23148,0.00121,45.3629,1.43615,-0.09571,1.70952,1.55178,-0.02743,93
1,20004.453,1.19041,0.03245,0.01999,1.72909,-0.25358,0.06443,1.5149,4e-05,45.3629,1.41985,-0.09702,1.70952,1.53621,-0.0278,92
1,20004.453,1.27841,0.03161,0.01999,1.81223,-0.25313,12516.703,1.27884,-0.00025,45.3629,1.50926,-0.09601,1.70952,1.6256,-0.02816,92
2,20004.453,0.39297,0.02932,0.01999,0.95063,-0.26569,12516.703,0.41397,-0.00177,45.3629,0.62927,-0.0966,1.70952,0.74612,-0.02879,92
2,20004.453,0.39428,0.02995,0.01999,0.95236,-0.27051,12516.703,0.41481,-0.00066,45.3629,0.63139,-0.09545,1.70952,0.74615,-0.02851,92
1,20004.453,0.27086,0.03063,0.01999,0.9528,-0.2947,12516.703,0.28361,0.00036,45.3629,0.56819,-0.12131,1.35352,0.73346,-0.03626,92
2,20004.453,0.398,0.03027,0.01999,0.94165,-0.26729,0.13007,0.78754,-0.00043,45.3629,0.63073,-0.09629,1.70952,0.74929,-0.02841,92
1,20004.453,1.29647,0.03212,0.01999,1.83216,-0.25887,12516.703,1.30353,-0.00034,45.3629,1.52774,-0.09768,2.16054,1.64301,-0.0276,92
2,20004.453,0.47387,0.02719,0.01999,1.14642,-0.28254,12516.703,0.4859,-0.00171,45.3629,0.77978,-0.12034,1.35352,0.93762,-0.037,92
1,20004.453,0.39252,0.03331,0.01999,1.28814,-0.33888,12516.703,0.40675,-0.00071,35.93134,0.82798,-0.17498,0.84734,1.07542,-0.05466,92
1,20004.453,0.27161,0.03123,0.01999,0.93954,-0.29064,12516.703,0.28312,8e-05,45.3629,0.56695,-0.12334,1.35352,0.73562,-0.0368,92
1,20004.453,1.28402,0.03301,0.01999,1.82403,-0.26016,12516.703,1.27521,-0.00123,45.3629,1.51394,-0.09812,2.16054,1.63207,-0.02811,92
2,20004.453,0.38883,0.02909,0.01999,0.95015,-0.27499,12516.703,0.40929,-0.0,45.3629,0.6267,-0.09893,1.70952,0.74563,-0.02915,92
1,20004.453,1.26476,0.03235,0.01999,1.80602,-0.25349,12516.703,1.27795,-0.00113,45.3629,1.49627,-0.09814,1.70952,1.61619,-0.02832,92
2,20004.453,0.38207,0.03016,0.01999,0.93367,-0.26556,12516.703,0.4034,-0.00165,57.36816,0.60245,-0.0979,1.70952,0.74063,-0.02882,92
2,20004.453,0.38473,0.02864,0.01999,0.94645,-0.2772,0.20791,1.0067,-0.00072,45.3629,0.62065,-0.09753,1.70952,0.74144,-0.02882,92
1,20004.453,1.35162,0.03172,0.01999,1.88839,-0.25762,12516.703,1.33501,-0.00061,35.93134,1.603,-0.09852,1.70952,1.70343,-0.02886,92
1,20004.453,1.24623,0.03134,0.01999,1.78549,-0.25927,12516.703,1.264,-0.00028,45.3629,1.47721,-0.09858,1.70952,1.59912,-0.02795,92
1,20004.453,1.12833,0.03258,0.01999,1.67413,-0.25425,12516.703,1.17319,-0.00078,35.93134,1.378,-0.09787,1.70952,1.4819,-0.02863,92
2,20004.453,0.38162,0.03086,0.01999,0.93201,-0.26789,12516.703,0.40355,-0.00064,45.3629,0.61905,-0.09805,1.70952,0.73962,-0.02901,92
2,20004.453,0.37815,0.031,0.01999,0.94127,-0.26749,12516.703,0.39793,-0.00146,45.3629,0.61526,-0.09904,1.70952,0.73515,-0.02926,92
1,20004.453,1.11866,0.03339,0.01999,1.66463,-0.25405,12516.703,1.13754,-0.00146,45.3629,1.34874,-0.09784,1.35352,1.47441,-0.02904,92
1,20004.453,0.26913,0.02934,0.01999,0.95271,-0.29927,12516.703,0.28254,0.00018,45.3629,0.56593,-0.12295,1.35352,0.73343,-0.03651,92
2,20004.453,0.47205,0.0258,0.01999,1.14087,-0.2958,12516.703,0.48237,-0.00072,45.3629,0.77644,-0.11954,1.35352,0.93209,-0.03612,92
1,20004.453,0.39164,0.03335,0.01999,1.29382,-0.33428,12516.703,0.40531,-0.00052,35.93134,0.82711,-0.17572,1.07079,1.07189,-0.0542,92
2,20004.453,0.47094,0.02679,0.01999,1.1492,-0.28754,12516.703,0.48442,-0.00022,57.36816,0.7582,-0.12098,1.70952,0.93453,-0.03704,92
1,20004.453,0.26938,0.03004,0.01999,0.94965,-0.28695,12516.703,0.28105,0.00058,45.3629,0.56421,-0.12311,1.70952,0.73005,-0.03609,91
5,20004.453,0.37643,0.02669,0.01999,1.24869,-0.32628,15829.126,0.40084,0.00134,28.40909,0.81001,-0.16699,1.07079,1.02961,-0.05463,91
1,20004.453,0.39617,0.03353,0.01999,1.29725,-0.32594,12516.703,0.40938,0.00021,35.93134,0.82528,-0.17391,1.07079,1.0669,-0.05452,91
1,20004.453,0.26884,0.03092,0.01999,0.95544,-0.29624,12516.703,0.28142,-0.00076,45.3629,0.56563,-0.1231,1.35352,0.73345,-0.03702,91
1,20004.453,1.22451,0.03307,0.01999,1.76834,-0.26013,12516.703,1.21395,-0.00136,45.3629,1.45593,-0.09819,1.70952,1.58011,-0.0286,91
2,20004.453,0.37616,0.02845,0.01999,0.94099,-0.26596,12516.703,0.39556,-0.00085,35.93134,0.63204,-0.09856,1.70952,0.73556,-0.02927,91
2,20004.453,0.47263,0.02732,0.01999,1.14293,-0.29314,0.08153,1.07697,-0.00063,45.3629,0.77691,-0.12008,1.35352,0.93305,-0.03643,91
2,20004.453,0.37721,0.02936,0.01999,0.93735,-0.26269,0.06443,0.83385,-0.00106,45.3629,0.61463,-0.09932,1.35352,0.73952,-0.02936,91
2,20004.453,0.37453,0.02973,0.01999,0.93919,-0.26477,12516.703,0.39519,-0.00145,45.3629,0.61086,-0.0995,1.70952,0.73585,-0.02949,91
1,20004.453,1.08314,0.03163,0.01999,1.62584,-0.26277,12516.703,1.0983,0.00027,45.3629,1.31164,-0.09985,1.70952,1.43921,-0.02875,91
1,20004.453,1.16591,0.03041,0.01999,1.71569,-0.25512,12516.703,1.19972,-0.00027,35.93134,1.41704,-0.09981,1.35352,1.52599,-0.02878,91
1,20004.453,0.39351,0.03208,0.01999,1.29283,-0.3338,12516.703,0.40519,-0.00054,35.93134,0.82701,-0.17629,0.84734,1.07715,-0.05483,91
1,20004.453,1.15275,0.03234,0.01999,1.69672,-0.2585,12516.703,1.13591,8e-05,45.3629,1.38396,-0.09983,1.35352,1.51149,-0.02885,91
2,20004.453,0.37693,0.03053,0.01999,0.94518,-0.27085,12516.703,0.39669,-0.00109,35.93134,0.63203,-0.09988,1.70952,0.73715,-0.0295,91
1,20004.453,0.39641,0.0342,0.01999,1.29153,-0.33413,12516.703,0.40892,-0.00022,35.93134,0.82541,-0.17402,0.84734,1.0717,-0.05331,91
1,20004.453,1.1082,0.0335,0.01999,1.65495,-0.26167,0.05102,1.42709,0.00064,45.3629,1.33934,-0.09993,1.35352,1.46879,-0.02902,91
1,20004.453,1.15678,0.03184,0.01999,1.70285,-0.25899,12516.703,1.16271,0.00035,35.93134,1.4076,-0.0999,1.70952,1.51418,-0.0292,91
2,20004.453,0.47271,0.02766,0.01999,1.1368,-0.28042,12516.703,0.48329,-0.00162,45.3629,0.77593,-0.12034,1.70952,0.92996,-0.03685,91
1,20004.453,0.26887,0.03033,0.01999,0.95454,-0.2883,12516.703,0.28197,0.00034,35.93134,0.59116,-0.12437,1.07079,0.74081,-0.03762,91
2,20004.453,0.37929,0.02858,0.01999,0.94683,-0.26592,12516.703,0.401,-0.0009,45.3629,0.61551,-0.10052,1.35352,0.74364,-0.02926,91
1,20004.453,1.16668,0.03155,0.01999,1.71906,-0.26274,12516.703,1.1423,-0.00173,35.93134,1.41735,-0.10206,1.70952,1.52612,-0.02959,91
2,20004.453,0.37858,0.02847,0.01999,0.93966,-0.28208,0.13007,0.81272,0.00067,45.3629,0.61714,-0.09957,1.70952,0.74152,-0.02937,91
1,20004.453,1.07545,0.03186,0.01999,1.62559,-0.25887,12516.703,1.10832,0.00032,35.93134,1.32612,-0.10181,1.35352,1.43844,-0.02924,91
1,20004.453,1.0993,0.03072,0.01999,1.6481,-0.25822,12516.703,1.11554,-0.00131,35.93134,1.34996,-0.10263,1.35352,1.46162,-0.02995,91
2,20004.453,0.37613,0.02855,0.01999,0.95055,-0.27682,15829.126,0.41206,0.00197,45.3629,0.61489,-0.10211,1.35352,0.74473,-0.02974,91
1,20004.453,0.26734,0.03009,0.01999,0.95838,-0.29187,12516.703,0.28011,-0.00052,45.3629,0.56495,-0.12493,1.35352,0.7377,-0.03749,91
1,20004.453,0.26967,0.02983,0.01999,0.94407,-0.28662,12516.703,0.28062,3e-05,45.3629,0.56245,-0.12313,1.35352,0.73527,-0.03696,91
1,20004.453,0.98885,0.03263,0.01999,1.54562,-0.27351,12516.703,0.99875,-0.00111,45.3629,1.21799,-0.10102,1.70952,1.34979,-0.02911,91
2,20004.453,0.37782,0.02857,0.01999,0.94029,-0.26411,15829.126,0.4093,0.00177,45.3629,0.61347,-0.10023,1.35352,0.74372,-0.0297,91
1,20004.453,0.26841,0.03084,0.01999,0.9386,-0.29317,12516.703,0.28142,-0.00043,45.3629,0.56258,-0.12335,1.35352,0.7331,-0.03687,91
2,20004.453,0.37785,0.02954,0.01999,0.95001,-0.26681,15829.126,0.41524,0.00096,45.3629,0.61494,-0.10107,1.70952,0.74243,-0.03002,91
1,20004.453,0.9188,0.03232,0.01999,1.48191,-0.27247,12516.703,0.95762,-0.00157,35.93134,1.16879,-0.10216,1.35352,1.28473,-0.02967,91
1,20004.453,1.01365,0.03165,0.01999,1.57656,-0.26143,12516.703,1.03691,-0.00147,45.3629,1.24504,-0.10242,1.70952,1.37773,-0.02947,90
2,20004.453,0.38067,0.0295,0.01999,0.94671,-0.26469,12516.703,0.38956,0.00115,45.3629,0.61504,-0.10264,1.70952,0.74551,-0.02919,90
1,20004.453,0.26735,0.02921,0.01999,0.94447,-0.2949,12516.703,0.28098,0.00105,35.93134,0.58718,-0.1244,1.35352,0.73825,-0.03749,90
5,20004.453,0.37789,0.02512,0.01999,1.26363,-0.31972,15829.126,0.40546,0.00272,28.40909,0.8118,-0.16961,0.84734,1.03934,-0.05553,90
1,20004.453,0.98743,0.03126,0.01999,1.54576,-0.26427,12516.703,0.97169,-0.0014,35.93134,1.23891,-0.10213,1.70952,1.35162,-0.03016,90
2,20004.453,0.37731,0.0295,0.01999,0.94221,-0.2716,0.10309,0.88396,0.00106,35.93134,0.63489,-0.1013,1.70952,0.74643,-0.02957,90
1,20004.453,0.40838,0.03418,0.01999,1.30244,-0.34723,12516.703,0.41931,-0.00031,35.93134,0.83469,-0.17548,1.07079,1.0778,-0.0536,90
2,20004.453,0.3775,0.02868,0.01999,0.95231,-0.26709,12516.703,0.39268,0.00114,45.3629,0.61373,-0.10145,1.70952,0.74486,-0.0301,90
1,20004.453,1.01919,0.03073,0.01999,1.57688,-0.26477,0.05102,1.6347,0.00091,35.93134,1.26973,-0.10179,1.70952,1.38281,-0.02969,90
1,20004.453,0.40612,0.03392,0.01999,1.3093,-0.33148,12516.703,0.41788,4e-05,28.40909,0.8707,-0.17754,0.84734,1.09163,-0.05491,90
2,20004.453,0.46412,0.02794,0.01999,1.1333,-0.29064,15829.126,0.49582,0.00068,57.36816,0.74871,-0.12115,1.70952,0.93119,-0.03726,90
1,20004.453,0.40993,0.03018,0.01999,1.30888,-0.32696,12516.703,0.4217,0.00043,35.93134,0.83249,-0.17574,1.07079,1.08039,-0.05459,90
1,20004.453,1.05731,0.03043,0.01999,1.61455,-0.26496,12516.703,1.07581,-0.0019,45.3629,1.28853,-0.10342,1.70952,1.425,-0.03002,90
2,20004.453,0.46373,0.02785,0.01999,1.13177,-0.28288,12516.703,0.47606,-0.00153,45.3629,0.77096,-0.12177,1.35352,0.92987,-0.03642,90
2,20004.453,0.37571,0.02902,0.01999,0.95154,-0.26795,15829.126,0.41274,0.00163,45.3629,0.61339,-0.10217,1.70952,0.74304,-0.03031,90
1,20004.453,0.97584,0.0317,0.01999,1.53382,-0.26622,12516.703,0.98492,0.00227,35.93134,1.22665,-0.10385,1.70952,1.34331,-0.03037,90
1,20004.453,0.97255,0.03004,0.01999,1.53802,-0.27541,0.84734,1.53469,0.00146,45.3629,1.20301,-0.10369,1.70952,1.33887,-0.0304,90
2,20004.453,0.37421,0.02846,0.01999,0.93804,-0.27029,15829.126,0.40868,0.00103,45.3629,0.61106,-0.10187,1.70952,0.74283,-0.03,90
1,20004.453,0.32264,0.04587,0.01999,1.2205,-0.32999,2.16054,0.94994,-0.00133,35.93134,0.749,-0.17591,1.07079,0.99633,-0.0547,90
1,20004.453,0.26993,0.02933,0.01999,0.95852,-0.28851,12516.703,0.28093,0.00031,45.3629,0.5643,-0.12624,1.35352,0.7427,-0.03701,90
2,20004.453,0.37243,0.0289,0.01999,0.9395,-0.27158,15829.126,0.40792,0.00036,45.3629,0.61095,-0.10429,1.70952,0.74426,-0.03045,90
2,20004.453,0.46487,0.02491,0.01999,1.13061,-0.28778,15829.126,0.49682,0.00094,45.3629,0.76927,-0.12232,1.35352,0.93068,-0.03703,90
2,20004.453,0.37233,0.02837,0.01999,0.95509,-0.27559,15829.126,0.40627,0.00061,45.3629,0.61042,-0.10273,1.70952,0.74318,-0.03073,90
1,20004.453,0.33605,0.04754,0.01999,1.25268,-0.34584,0.53067,1.15067,-0.00057,35.93134,0.7655,-0.17754,0.84734,1.02009,-0.05441,90
1,20004.453,0.95688,0.03027,0.01999,1.52198,-0.27654,12516.703,0.94375,-0.00195,35.93134,1.20981,-0.10466,1.07079,1.33184,-0.03067,90
1,20004.453,0.89146,0.03238,0.01999,1.4485,-0.26879,12516.703,0.89441,-0.00146,45.3629,1.12131,-0.10507,1.35352,1.26242,-0.02995,90
5,20004.453,0.37773,0.02561,0.01999,1.2688,-0.3223,15829.126,0.40563,0.00192,28.40909,0.81415,-0.16858,0.84734,1.04083,-0.05498,90
2,20004.453,0.37205,0.02833,0.01999,0.94599,-0.26487,15829.126,0.4028,2e-05,45.3629,0.61005,-0.10299,1.70952,0.7431,-0.03064,90
1,20004.453,0.26915,0.03024,0.01999,0.95509,-0.28918,12516.703,0.28214,0.0007,35.93134,0.58827,-0.12734,1.35352,0.74376,-0.03743,90
1,20004.453,0.885,0.03063,0.01999,1.4431,-0.26862,0.20791,1.53012,0.00059,45.3629,1.11552,-0.10445,1.35352,1.25703,-0.02999,90
1,20004.453,0.33847,0.0467,0.01999,1.24639,-0.33146,12516.703,0.36846,0.00276,35.93134,0.76846,-0.17919,0.84734,1.02488,-0.05528,90
1,20004.453,0.91345,0.03097,0.01999,1.48056,-0.26012,12516.703,0.93038,-0.00159,45.3629,1.14417,-0.10442,1.70952,1.28412,-0.03077,90
2,20004.453,0.37139,0.02743,0.01999,0.94418,-0.26491,15829.126,0.40634,0.00049,35.93134,0.62836,-0.10417,1.35352,0.74458,-0.03079,90
1,20004.453,0.34079,0.04652,0.01999,1.23459,-0.3324,12516.703,0.36977,0.00293,28.40909,0.79524,-0.1755,1.07079,1.01203,-0.05471,90
1,20004.453,0.85387,0.03195,0.01999,1.41693,-0.26194,12516.703,0.8659,-0.00049,35.93134,1.10497,-0.10501,1.35352,1.22652,-0.03059,90
1,20004.453,0.26955,0.02845,0.01999,0.95255,-0.29096,12516.703,0.28213,3e-05,35.93134,0.58795,-0.12697,1.35352,0.74327,-0.03803,90
2,20004.453,0.37116,0.02908,0.01999,0.93469,-0.27645,15829.126,0.40291,0.00105,45.3629,0.6069,-0.10345,1.70952,0.74082,-0.03036,90
1,20004.453,0.34164,0.04744,0.01999,1.23959,-0.32874,12516.703,0.37257,0.00361,35.93134,0.76363,-0.17627,1.07079,1.0128,-0.05456,90
1,20004.453,0.26776,0.0295,0.01999,0.95295,-0.28888,12516.703,0.28119,-8e-05,45.3629,0.5633,-0.12643,1.35352,0.74317,-0.03767,89
2,20004.453,0.46349,0.0268,0.01999,1.13291,-0.28544,12516.703,0.47625,-0.00173,45.3629,0.76845,-0.12245,1.35352,0.93168,-0.03682,89
1,20004.453,0.84006,0.03176,0.01999,1.40361,-0.26759,0.03192,1.16322,0.00038,35.93134,1.09074,-0.10556,1.70952,1.21004,-0.031,89
1,20004.453,0.34463,0.04752,0.01999,1.24052,-0.33754,0.67072,1.18343,-0.00145,35.93134,0.76456,-0.17632,0.84734,1.02032,-0.05477,89
1,20004.453,0.79369,0.02987,0.01999,1.36064,-0.26151,12516.703,0.80857,-0.0011,45.3629,1.02374,-0.10456,1.35352,1.16859,-0.03087,89
1,20004.453,0.79737,0.03143,0.01999,1.36527,-0.26894,0.67072,1.41775,-0.00061,35.93134,1.047,-0.10495,1.35352,1.17289,-0.03091,89
1,20004.453,0.26873,0.03,0.01999,0.95441,-0.29717,12516.703,0.28165,-6e-05,35.93134,0.58991,-0.12939,1.07079,0.74945,-0.03838,89
2,20004.453,0.36752,0.02845,0.01999,0.94607,-0.26668,15829.126,0.40273,0.00075,35.93134,0.62648,-0.10432,1.70952,0.74099,-0.03089,89
1,20004.453,0.34066,0.04506,0.01999,1.24597,-0.32881,0.05102,1.25063,0.00024,35.93134,0.76456,-0.17602,1.07079,1.01563,-0.05553,89
5,20004.453,0.37715,0.02716,0.01999,1.26409,-0.31966,0.08153,1.54623,-4e-05,28.40909,0.81218,-0.1684,0.84734,1.04076,-0.05564,89
2,20004.453,0.366,0.02819,0.01999,0.95041,-0.26912,12516.703,0.3825,0.00027,35.93134,0.62396,-0.10381,1.70952,0.74057,-0.03097,89
1,20004.453,0.26928,0.02959,0.01999,0.95665,-0.2985,12516.703,0.2812,0.00032,45.3629,0.56487,-0.12786,1.35352,0.74812,-0.03877,89
1,20004.453,0.34587,0.04778,0.01999,1.25685,-0.34267,1.70952,0.94651,-0.00275,28.40909,0.79779,-0.17644,0.84734,1.02143,-0.05417,89
2,20004.453,0.36599,0.0272,0.01999,0.9367,-0.27237,15829.126,0.40286,-7e-05,45.3629,0.60207,-0.1036,1.70952,0.73987,-0.03026,89
2,20004.453,0.458,0.0258,0.01999,1.13095,-0.28457,15829.126,0.48886,0.00054,35.93134,0.78512,-0.12255,1.35352,0.92727,-0.03746,89
1,20004.453,0.7311,0.03066,0.01999,1.30733,-0.26227,0.84734,1.30425,-0.00072,35.93134,0.98384,-0.10527,1.70952,1.10728,-0.03188,89
5,20004.453,0.37934,0.02596,0.01999,1.26262,-0.32071,15829.126,0.408,0.00198,28.40909,0.81288,-0.16916,0.84734,1.04275,-0.0557,89
1,20004.453,0.3439,0.04818,0.01999,1.26467,-0.34009,12516.703,0.3727,0.00291,28.40909,0.80152,-0.17885,0.84734,1.02767,-0.05499,89
2,20004.453,0.45637,0.02565,0.01999,1.12926,-0.29171,15829.126,0.48804,0.00066,45.3629,0.76038,-0.12342,1.35352,0.92563,-0.03721,89
2,20004.453,0.45905,0.02489,0.01999,1.14618,-0.28728,15829.126,0.49005,0.00097,45.3629,0.76599,-0.12474,1.35352,0.93261,-0.03727,89
5,20004.453,0.37898,0.0258,0.01999,1.25068,-0.32782,15829.126,0.40939,0.00203,28.40909,0.80986,-0.16753,1.07079,1.02872,-0.05443,89
1,20004.453,0.71086,0.03065,0.01999,1.28692,-0.26301,12516.703,0.74652,-0.00041,35.93134,0.9612,-0.10647,1.35352,1.08772,-0.03133,89
1,20004.453,0.34457,0.04778,0.01999,1.24569,-0.33964,0.41976,1.33532,0.00059,35.93134,0.76858,-0.17911,1.07079,1.02296,-0.05596,89
1,20004.453,0.70111,0.03061,0.01999,1.2717,-0.27901,0.41976,1.22952,-0.00148,35.93134,0.952,-0.10632,1.35352,1.07763,-0.0309,89
1,20004.453,0.6784,0.03001,0.01999,1.24706,-0.26968,12516.703,0.70177,-0.00155,35.93134,0.9282,-0.10719,1.70952,1.0538,-0.03116,89
2,20004.453,0.36476,0.02774,0.01999,0.93894,-0.27422,0.84734,0.90939,6e-05,45.3629,0.60338,-0.10452,1.70952,0.74195,-0.03102,89
1,20004.453,0.2689,0.02923,0.01999,0.95938,-0.29286,12516.703,0.28118,-0.00091,35.93134,0.5883,-0.12848,1.07079,0.75244,-0.03816,89
1,20004.453,0.2702,0.02928,0.01999,0.95896,-0.29918,12516.703,0.28139,-0.00086,45.3629,0.56497,-0.12963,1.35352,0.74852,-0.03828,89
2,20004.453,0.36491,0.02781,0.01999,0.94517,-0.26757,12516.703,0.37562,0.00038,45.3629,0.60207,-0.10478,1.35352,0.74421,-0.03142,89
2,20004.453,0.36442,0.02683,0.01999,0.95081,-0.2692,15829.126,0.39648,-0.00021,35.93134,0.62192,-0.10574,1.70952,0.7428,-0.03102,89
1,20004.453,0.68073,0.03033,0.01999,1.25915,-0.26324,15829.126,0.69897,0.00186,35.93134,0.93207,-0.10713,1.35352,1.06052,-0.03143,89
1,20004.453,0.67272,0.03111,0.01999,1.24737,-0.26976,0.84734,1.27245,-0.0001,45.3629,0.90453,-0.10709,1.35352,1.05443,-0.0314,89
1,20004.453,0.34776,0.04701,0.01999,1.25412,-0.33246,12516.703,0.37656,0.00174,35.93134,0.76985,-0.18019,0.84734,1.0322,-0.05573,89
2,20004.453,0.36337,0.02786,0.01999,0.94593,-0.26748,15829.126,0.40093,0.00014,45.3629,0.60171,-0.10594,1.35352,0.7441,-0.03046,89
5,20004.453,0.3838,0.02718,0.01999,1.25875,-0.32,15829.126,0.41058,0.00158,28.40909,0.81189,-0.16766,0.84734,1.03891,-0.05482,89
2,20004.453,0.45067,0.02667,0.01999,1.12872,-0.28579,15829.126,0.48188,0.00092,45.3629,0.75386,-0.12484,1.35352,0.92194,-0.03765,89
2,20004.453,0.45024,0.02554,0.01999,1.13217,-0.29343,15829.126,0.48143,0.00047,45.3629,0.75532,-0.12521,1.70952,0.92478,-0.0376,89
1,20004.453,0.65714,0.03024,0.01999,1.23063,-0.27325,0.67072,1.25117,0.00058,35.93134,0.9119,-0.10939,1.70952,1.03839,-0.03131,89
2,20004.453,0.44954,0.02444,0.01999,1.12381,-0.28778,15829.126,0.48258,0.00094,35.93134,0.7769,-0.12339,1.35352,0.92297,-0.03843,89
1,20004.453,0.70122,0.02929,0.01999,1.28882,-0.26629,0.41976,1.31608,-0.00025,35.93134,0.95429,-0.10901,1.35352,1.08312,-0.0317,88
1,20004.453,0.26878,0.0291,0.01999,0.95896,-0.31212,12516.703,0.28186,5e-05,35.93134,0.58961,-0.13056,1.35352,0.75013,-0.03903,88
1,20004.453,0.34708,0.04719,0.01999,1.25182,-0.33514,0.41976,1.34356,0.00068,35.93134,0.76941,-0.17883,0.84734,1.03202,-0.05602,88
1,20004.453,0.68815,0.03098,0.01999,1.26148,-0.26836,12516.703,0.7178,-0.00142,35.93134,0.93946,-0.10846,1.35352,1.06976,-0.0316,88
2,20004.453,0.36304,0.02814,0.01999,0.94175,-0.27108,12516.703,0.37402,-9e-05,35.93134,0.62294,-0.10586,1.70952,0.74204,-0.0318,88
1,20004.453,0.34693,0.04632,0.01999,1.25669,-0.33283,12516.703,0.37285,0.00292,35.93134,0.76849,-0.17954,1.07079,1.02761,-0.05613,88
1,20004.453,0.68332,0.0292,0.01999,1.27348,-0.27426,12516.703,0.68794,-0.00211,35.93134,0.93566,-0.10831,1.35352,1.06651,-0.03165,88
2,20004.453,0.36302,0.02852,0.01999,0.94271,-0.27345,15829.126,0.39817,0.00023,35.93134,0.62214,-0.10575,1.70952,0.7436,-0.03183,88
1,20004.453,0.2705,0.0291,0.01999,0.96392,-0.29324,12516.703,0.28202,-0.00065,35.93134,0.59045,-0.12997,1.35352,0.75248,-0.03871,88
1,20004.453,0.3456,0.04618,0.01999,1.25248,-0.33654,2.16054,1.06913,-0.00068,28.40909,0.8008,-0.1793,0.84734,1.03253,-0.05582,88
2,20004.453,0.36256,0.02675,0.01999,0.94624,-0.26943,12516.703,0.37418,-0.00014,35.93134,0.6221,-0.10702,1.35352,0.7479,-0.03171,88
2,20004.453,0.45259,0.02535,0.01999,1.12928,-0.29291,15829.126,0.48058,0.00076,45.3629,0.75492,-0.12435,1.35352,0.92559,-0.03834,88
2,20004.453,0.36418,0.02741,0.01999,0.95088,-0.26938,0.84734,0.93567,9e-05,35.93134,0.62201,-0.10644,1.35352,0.7465,-0.03135,88
1,20004.453,0.34597,0.04588,0.01999,1.25048,-0.34821,0.67072,1.27174,0.00022,28.40909,0.80015,-0.17925,0.84734,1.03247,-0.056,88
1,20004.453,0.26866,0.03071,0.01999,0.95966,-0.29785,12516.703,0.2837,-0.00035,35.93134,0.58602,-0.12855,1.07079,0.75379,-0.03876,88
1,20004.453,0.67326,0.02945,0.01999,1.2504,-0.27182,15829.126,0.70466,0.00207,35.93134,0.92589,-0.1089,1.35352,1.05644,-0.03249,88
1,20004.453,0.68951,0.02969,0.01999,1.27407,-0.28283,0.08153,1.23354,-0.00117,35.93134,0.94216,-0.11015,1.70952,1.07219,-0.03233,88
1,20004.453,0.34747,0.04592,0.01999,1.26728,-0.33386,0.04042,0.27968,-0.0011,28.40909,0.80118,-0.18121,0.84734,1.03348,-0.05643,88
1,20004.453,0.26986,0.02703,0.01999,0.96642,-0.29222,12516.703,0.28267,-0.00047,35.93134,0.58762,-0.13109,1.07079,0.7549,-0.03891,88
1,20004.453,0.68688,0.02987,0.01999,1.26799,-0.27172,15829.126,0.72236,0.00135,35.93134,0.94091,-0.11084,1.35352,1.07387,-0.03177,88
1,20004.453,0.6574,0.03089,0.01999,1.23674,-0.27051,12516.703,0.66846,-0.00171,35.93134,0.91095,-0.10993,1.07079,1.04539,-0.032,88
1,20004.453,0.27002,0.02748,0.01999,0.968,-0.2925,12516.703,0.2821,-0.00117,35.93134,0.58646,-0.13061,1.35352,0.75167,-0.0387,88
2,20004.453,0.44956,0.02584,0.01999,1.13143,-0.29415,15829.126,0.48028,0.0001,35.93134,0.7783,-0.12597,1.07079,0.92992,-0.03871,88
1,20004.453,0.68311,0.02895,0.01999,1.27033,-0.26673,12516.703,0.69122,-0.00191,35.93134,0.93512,-0.11181,1.70952,1.06631,-0.03245,88
5,20004.453,0.38487,0.02578,0.01999,1.27161,-0.32266,15829.126,0.41095,0.0012,28.40909,0.8186,-0.17056,0.84734,1.05187,-0.05606,88
1,20004.453,0.34691,0.04628,0.01999,1.25411,-0.35237,0.67072,1.19521,-0.00032,35.93134,0.7672,-0.17965,1.07079,1.02897,-0.05586,88
1,20004.453,0.34725,0.04562,0.01999,1.26108,-0.33364,12516.703,0.37632,0.00323,28.40909,0.80074,-0.17998,0.84734,1.03576,-0.05629,88
1,20004.453,0.35201,0.04796,0.01999,1.25224,-0.33555,12516.703,0.38259,0.00324,35.93134,0.76477,-0.1787,1.07079,1.02574,-0.05527,88
1,20004.453,0.6851,0.03017,0.01999,1.26663,-0.2703,12516.703,0.69712,0.00077,35.93134,0.93724,-0.11036,1.70952,1.0706,-0.03252,88
1,20004.453,0.35388,0.04757,0.01999,1.26378,-0.33229,12516.703,0.38276,0.0038,28.40909,0.80055,-0.17965,0.84734,1.03241,-0.05592,88
2,20004.453,0.36428,0.0259,0.01999,0.94811,-0.27755,12516.703,0.37479,6e-05,35.93134,0.62323,-0.10665,1.70952,0.74723,-0.03218,88
1,20004.453,0.35066,0.04664,0.01999,1.25304,-0.35357,12516.703,0.37869,0.00347,28.40909,0.79854,-0.17847,1.07079,1.02693,-0.05523,88
1,20004.453,0.3465,0.0468,0.01999,1.25883,-0.3419,12516.703,0.37551,0.00408,28.40909,0.79993,-0.18008,0.84734,1.03417,-0.05571,88
1,20004.453,0.34622,0.04809,0.01999,1.26001,-0.34151,1.07079,1.1913,-0.00231,28.40909,0.79997,-0.18116,0.84734,1.0353,-0.05577,88
2,20004.453,0.44811,0.02584,0.01999,1.12925,-0.28921,15829.126,0.4789,4e-05,35.93134,0.7748,-0.12623,1.35352,0.92519,-0.03817,88
2,20004.453,0.3634,0.02637,0.01999,0.94458,-0.2842,12516.703,0.3755,-4e-05,35.93134,0.62323,-0.10593,1.70952,0.74653,-0.03164,88
2,20004.453,0.36261,0.02711,0.01999,0.96363,-0.28382,15829.126,0.39908,-0.00073,35.93134,0.62284,-0.10683,1.70952,0.74788,-0.0324,88
1,20004.453,0.34785,0.04632,0.01999,1.25478,-0.3422,2.16054,0.98671,0.00231,35.93134,0.76619,-0.18017,0.84734,1.03502,-0.0565,88
1,20004.453,0.6928,0.02869,0.01999,1.28089,-0.26628,15829.126,0.70536,0.00033,28.40909,0.96987,-0.10976,1.35352,1.08256,-0.03243,88
2,20004.453,0.44536,0.0249,0.01999,1.12905,-0.29356,15829.126,0.47587,-0.00037,45.3629,0.74977,-0.12553,1.35352,0.92506,-0.03868,88
1,20004.453,0.27039,0.02878,0.01999,0.97684,-0.3159,12516.703,0.28259,-0.00052,35.93134,0.58817,-0.13032,1.35352,0.75469,-0.03872,88
1,20004.453,0.66644,0.02886,0.01999,1.25098,-0.27317,0.53067,1.23455,0.00013,35.93134,0.9193,-0.11022,1.07079,1.05843,-0.03297,88
5,20004.453,0.38593,0.02517,0.01999,1.27509,-0.33854,15829.126,0.41265,0.00232,28.40909,0.81749,-0.16828,0.84734,1.04568,-0.05438,88
5,20004.453,0.386,0.02704,0.01999,1.27491,-0.33085,15829.126,0.40989,0.00142,35.93134,0.78904,-0.17046,0.84734,1.05408,-0.05534,88
2,20004.453,0.36227,0.0261,0.01999,0.95726,-0.27067,15829.126,0.39707,1e-05,45.3629,0.60136,-0.10697,1.70952,0.74783,-0.03208,88
1,20004.453,0.65939,0.02892,0.01999,1.24799,-0.26647,0.06443,1.03338,-0.00021,35.93134,0.91122,-0.11061,1.35352,1.04784,-0.0322,88
1,20004.453,0.34833,0.04694,0.01999,1.27132,-0.33456,12516.703,0.37752,0.00251,28.40909,0.80012,-0.18159,0.84734,1.03682,-0.05589,88
2,20004.453,0.44588,0.02534,0.01999,1.14183,-0.29811,15829.126,0.47555,0.00107,35.93134,0.77236,-0.12667,1.35352,0.92363,-0.0385,87
5,20004.453,0.38564,0.02552,0.01999,1.27406,-0.32487,15829.126,0.41418,0.00198,28.40909,0.81637,-0.16818,0.84734,1.04402,-0.05541,87
1,20004.453,0.35066,0.04771,0.01999,1.2666,-0.33351,12516.703,0.37693,0.00305,28.40909,0.80177,-0.18051,1.07079,1.03356,-0.05713,87
1,20004.453,0.35003,0.04657,0.01999,1.26158,-0.3426,2.16054,0.98955,-3e-05,28.40909,0.80051,-0.18142,0.84734,1.03865,-0.05578,87
1,20004.453,0.27095,0.02781,0.01999,0.96889,-0.30199,12516.703,0.28237,-0.00053,35.93134,0.58999,-0.13316,1.07079,0.76135,-0.03935,87
2,20004.453,0.44248,0.02442,0.01999,1.12857,-0.29587,15829.126,0.47415,0.00048,35.93134,0.77132,-0.1257,1.07079,0.92679,-0.03901,87
2,20004.453,0.36152,0.02559,0.01999,0.95151,-0.27787,12516.703,0.37478,5e-05,35.93134,0.62303,-0.10927,1.35352,0.75215,-0.0318,87
1,20004.453,0.35371,0.04599,0.01999,1.25967,-0.34206,12516.703,0.38329,0.00357,28.40909,0.79752,-0.18192,0.84734,1.03705,-0.05524,87
1,20004.453,0.63687,0.0292,0.01999,1.23035,-0.2671,15829.126,0.66797,0.00047,35.93134,0.89016,-0.11111,1.35352,1.03022,-0.03277,87
2,20004.453,0.36407,0.02582,0.01999,0.96129,-0.29011,12516.703,0.37906,-0.00067,35.93134,0.62216,-0.10953,1.70952,0.7504,-0.03229,87
1,20004.453,0.64069,0.02964,0.01999,1.22955,-0.26916,15829.126,0.65976,0.00051,35.93134,0.89311,-0.11092,1.35352,1.03356,-0.03277,87
2,20004.453,0.36327,0.02527,0.01999,0.95615,-0.27147,12516.703,0.37914,-0.00037,35.93134,0.62244,-0.10814,1.35352,0.75345,-0.03214,87
1,20004.453,0.27003,0.02857,0.01999,0.97788,-0.29397,12516.703,0.28554,-0.00086,35.93134,0.58765,-0.13104,1.35352,0.75732,-0.03927,87
1,20004.453,0.27169,0.02736,0.01999,0.97489,-0.29459,12516.703,0.28391,-0.00183,35.93134,0.59,-0.13275,1.07079,0.76366,-0.03968,87
5,20004.453,0.38584,0.02559,0.01999,1.27612,-0.33185,1.35352,1.16638,0.0011,28.40909,0.82149,-0.17126,0.84734,1.05638,-0.0558,87
2,20004.453,0.44235,0.02505,0.01999,1.13588,-0.28905,15829.126,0.4731,0.0004,45.3629,0.74352,-0.12676,1.35352,0.92292,-0.03885,87
1,20004.453,0.64202,0.0287,0.01999,1.22951,-0.27065,15829.126,0.66805,0.00019,35.93134,0.89479,-0.11267,1.35352,1.03607,-0.03313,87
1,20004.453,0.35624,0.04787,0.01999,1.26703,-0.33555,2.16054,1.07878,0.0011,28.40909,0.80239,-0.18303,1.07079,1.03769,-0.05647,87
5,20004.453,0.38628,0.02601,0.01999,1.27252,-0.32241,15829.126,0.41529,-0.00064,28.40909,0.81586,-0.16873,0.84734,1.04501,-0.05508,87
1,20004.453,0.27024,0.02772,0.01999,0.98666,-0.30186,12516.703,0.28363,-0.00092,35.93134,0.58675,-0.13221,1.07079,0.76161,-0.03976,87
1,20004.453,0.65789,0.02774,0.01999,1.25505,-0.28498,0.05102,0.97906,-5e-05,35.93134,0.9118,-0.11202,1.35352,1.05102,-0.03308,87
2,20004.453,0.45548,0.02577,0.01999,1.13929,-0.29473,15829.126,0.48854,0.00084,35.93134,0.77859,-0.12759,1.35352,0.9344,-0.03849,87
1,20004.453,0.35513,0.04787,0.01999,1.26919,-0.35632,12516.703,0.38276,0.00253,28.40909,0.80539,-0.18162,1.07079,1.04151,-0.05637,87
2,20004.453,0.36422,0.02608,0.01999,0.95636,-0.2703,12516.703,0.37451,-0.0,35.93134,0.62236,-0.10856,1.35352,0.75349,-0.03217,87
2,20004.453,0.44756,0.02618,0.01999,1.1311,-0.30625,15829.126,0.47925,0.0004,35.93134,0.76864,-0.12735,1.35352,0.92501,-0.0388,87
2,20004.453,0.36422,0.0254,0.01999,0.96114,-0.27115,12516.703,0.37573,6e-05,35.93134,0.62403,-0.10939,1.70952,0.75128,-0.03211,87
2,20004.453,0.44276,0.02532,0.01999,1.12762,-0.30412,15829.126,0.47644,-6e-05,35.93134,0.76916,-0.12658,1.35352,0.92337,-0.03858,87
1,20004.453,0.27153,0.02851,0.01999,0.98517,-0.29773,12516.703,0.28488,-0.00028,35.93134,0.58948,-0.13155,1.35352,0.75897,-0.03975,87
1,20004.453,0.3532,0.04775,0.01999,1.28875,-0.34559,12516.703,0.38332,0.00217,28.40909,0.80446,-0.18394,0.84734,1.04727,-0.05654,87
1,20004.453,0.66235,0.02845,0.01999,1.26162,-0.28609,15829.126,0.67813,-0.00057,35.93134,0.91601,-0.11215,1.35352,1.05731,-0.03285,87
2,20004.453,0.36395,0.02532,0.01999,0.97098,-0.27883,12516.703,0.3755,0.00027,35.93134,0.6238,-0.10968,1.35352,0.756,-0.0329,87
1,20004.453,0.69344,0.02957,0.01999,1.28513,-0.27533,0.67072,1.27939,-2e-05,35.93134,0.94581,-0.11231,1.35352,1.0898,-0.03337,87
2,20004.453,0.36428,0.02548,0.01999,0.96404,-0.27255,0.13007,0.80399,-0.00043,35.93134,0.62384,-0.11032,1.35352,0.75762,-0.03258,87
1,20004.453,0.66583,0.02936,0.01999,1.2565,-0.27226,15829.126,0.70469,-0.00011,28.40909,0.9414,-0.11258,1.35352,1.06176,-0.03328,87
1,20004.453,0.66827,0.02912,0.01999,1.26125,-0.27635,15829.126,0.70819,0.00032,35.93134,0.92413,-0.11234,1.35352,1.0652,-0.03312,87
1,20004.453,0.35258,0.04661,0.01999,1.26699,-0.33768,2.16054,1.00879,0.00293,28.40909,0.79979,-0.18219,0.84734,1.04303,-0.05671,87
2,20004.453,0.44462,0.02438,0.01999,1.14844,-0.30068,15829.126,0.47391,-0.00011,35.93134,0.77104,-0.12902,1.35352,0.92862,-0.03856,87
1,20004.453,0.35391,0.04731,0.01999,1.26663,-0.34053,0.84734,1.24104,0.00179,28.40909,0.79919,-0.18262,1.07079,1.03886,-0.0564,87
2,20004.453,0.44389,0.02503,0.01999,1.1335,-0.29643,15829.126,0.47525,0.00027,35.93134,0.77133,-0.12779,1.07079,0.93146,-0.03887,87
1,20004.453,0.353,0.04885,0.01999,1.27541,-0.34265,12516.703,0.37919,0.00254,28.40909,0.80329,-0.18576,0.84734,1.05193,-0.05726,87
1,20004.453,0.66331,0.02848,0.01999,1.25479,-0.27535,15829.126,0.68485,0.00059,35.93134,0.91591,-0.11355,1.35352,1.05922,-0.03324,87
1,20004.453,0.2719,0.02654,0.01999,0.9726,-0.31456,12516.703,0.28431,-0.00074,35.93134,0.58898,-0.13519,1.35352,0.76289,-0.03917,87
2,20004.453,0.36428,0.02522,0.01999,0.957,-0.29111,12516.703,0.37667,0.00037,35.93134,0.62447,-0.11062,1.70952,0.75316,-0.0325,87
1,20004.453,0.69369,0.02859,0.01999,1.29095,-0.26882,15829.126,0.71334,0.00026,28.40909,0.97116,-0.11211,1.35352,1.08981,-0.03293,87
2,20004.453,0.36406,0.02529,0.01999,0.9585,-0.27956,12516.703,0.37936,-0.00012,35.93134,0.62419,-0.11088,1.35352,0.75816,-0.03228,87
2,20004.453,0.36314,0.0256,0.01999,0.9692,-0.29146,12516.703,0.37984,-0.00033,35.93134,0.62357,-0.10897,1.35352,0.75668,-0.03291,87
1,20004.453,0.35549,0.04646,0.01999,1.28159,-0.33644,0.67072,1.22708,0.00045,28.40909,0.80506,-0.18524,0.84734,1.05211,-0.05755,87
1,20004.453,0.35448,0.0471,0.01999,1.27865,-0.3367,12516.703,0.38104,0.00228,28.40909,0.8043,-0.18561,0.84734,1.0513,-0.05761,87
2,20004.453,0.46083,0.02426,0.01999,1.14821,-0.29555,15829.126,0.48963,9e-05,35.93134,0.78396,-0.12883,1.07079,0.94609,-0.03911,87
1,20004.453,0.35171,0.04756,0.01999,1.27181,-0.33601,1.35352,1.16376,0.00165,28.40909,0.79916,-0.18394,0.84734,1.04358,-0.0571,86
2,20004.453,0.45624,0.02508,0.01999,1.14277,-0.29922,15829.126,0.48955,0.00012,35.93134,0.77977,-0.12796,1.35352,0.93925,-0.03876,86
1,20004.453,0.6735,0.02947,0.01999,1.28163,-0.27819,15829.126,0.70343,-0.00023,28.40909,0.95039,-0.11324,1.35352,1.07023,-0.03341,86
1,20004.453,0.27053,0.0283,0.01999,0.98647,-0.29626,12516.703,0.2851,-0.00018,28.40909,0.61637,-0.13476,1.07079,0.76804,-0.04029,86
2,20004.453,0.45607,0.02482,0.01999,1.14928,-0.29428,15829.126,0.48759,-0.0002,35.93134,0.7819,-0.12951,1.35352,0.94271,-0.0393,86
2,20004.453,0.36532,0.02422,0.01999,0.96722,-0.27275,12516.703,0.37884,-0.00029,35.93134,0.62384,-0.11061,1.35352,0.75757,-0.0327,86
1,20004.453,0.35337,0.04783,0.01999,1.28464,-0.34235,2.16054,1.00036,-0.00237,28.40909,0.79636,-0.18532,0.84734,1.04462,-0.05649,86
2,20004.453,0.46002,0.02394,0.01999,1.1594,-0.30521,15829.126,0.49076,-0.00076,35.93134,0.78126,-0.12821,1.35352,0.94046,-0.03954,86
2,20004.453,0.36265,0.02586,0.01999,0.96092,-0.27997,12516.703,0.38222,-0.00046,35.93134,0.6233,-0.11235,1.35352,0.76121,-0.03278,86
1,20004.453,0.27156,0.0276,0.01999,0.99477,-0.30075,12516.703,0.28504,-0.00106,35.93134,0.58963,-0.13508,1.35352,0.76603,-0.04006,86
1,20004.453,0.34986,0.0462,0.01999,1.27924,-0.34461,12516.703,0.37884,0.00246,28.40909,0.80059,-0.18756,0.84734,1.05533,-0.05772,86
1,20004.453,0.27031,0.02842,0.01999,0.98815,-0.29735,0.53067,0.91882,0.00118,28.40909,0.61543,-0.13461,1.35352,0.76359,-0.03978,86
2,20004.453,0.36521,0.02601,0.01999,0.96017,-0.28063,0.67072,0.93736,3e-05,35.93134,0.62451,-0.11059,1.70952,0.75682,-0.03276,86
5,20004.453,0.39753,0.02132,0.01999,1.27903,-0.33165,15829.126,0.42299,-0.00013,28.40909,0.82628,-0.17015,0.84734,1.06018,-0.05502,86
1,20004.453,0.27116,0.02696,0.01999,0.98253,-0.2964,12516.703,0.28546,-0.00176,35.93134,0.58901,-0.1341,1.07079,0.76806,-0.04049,86
1,20004.453,0.67707,0.02803,0.01999,1.27239,-0.27706,15829.126,0.69218,0.00057,28.40909,0.95296,-0.11496,1.70952,1.07262,-0.03369,86
1,20004.453,0.35305,0.04809,0.01999,1.27859,-0.36056,12516.703,0.37927,0.00356,28.40909,0.8007,-0.18607,1.07079,1.04883,-0.0573,86
1,20004.453,0.69852,0.02843,0.01999,1.29151,-0.27628,15829.126,0.73444,0.00016,35.93134,0.95125,-0.11535,1.35352,1.09577,-0.0335,86
5,20004.453,0.39887,0.02232,0.01999,1.29421,-0.32811,15829.126,0.42498,0.00015,28.40909,0.82784,-0.17076,0.84734,1.06109,-0.05607,86
1,20004.453,0.70976,0.02826,0.01999,1.31046,-0.27002,15829.126,0.715,-2e-05,35.93134,0.96311,-0.11363,1.35352,1.10788,-0.03281,86
1,20004.453,0.35179,0.04541,0.01999,1.27597,-0.33667,12516.703,0.38101,0.00284,28.40909,0.79391,-0.18568,0.84734,1.04427,-0.0571,86
1,20004.453,0.68739,0.02912,0.01999,1.28651,-0.27731,15829.126,0.71759,0.00028,35.93134,0.94079,-0.11302,1.35352,1.08763,-0.03354,86
5,20004.453,0.39192,0.02082,0.01999,1.28147,-0.34065,15829.126,0.41998,-0.00045,22.48202,0.85764,-0.17192,1.07079,1.05955,-0.05638,86
1,20004.453,0.66441,0.02743,0.01999,1.26071,-0.27757,15829.126,0.68506,0.00057,35.93134,0.91834,-0.11342,1.35352,1.06386,-0.03385,86
5,20004.453,0.39415,0.02132,0.01999,1.28525,-0.33472,15829.126,0.42071,-0.00083,28.40909,0.82913,-0.17392,0.84734,1.06867,-0.05684,86
2,20004.453,0.36455,0.02591,0.01999,0.96283,-0.28096,12516.703,0.37578,-0.00043,35.93134,0.62436,-0.11268,1.35352,0.76164,-0.03362,86
1,20004.453,0.35008,0.04741,0.01999,1.28152,-0.33962,0.05102,1.68038,-0.00165,28.40909,0.80084,-0.18673,0.84734,1.05555,-0.05853,86
5,20004.453,0.39897,0.02298,0.01999,1.28035,-0.33091,15829.126,0.42478,0.0002,28.40909,0.82652,-0.17073,0.84734,1.06314,-0.05519,86
2,20004.453,0.45676,0.0255,0.01999,1.15002,-0.29894,15829.126,0.48848,-9e-05,35.93134,0.77671,-0.13034,1.35352,0.94089,-0.03957,86
2,20004.453,0.36534,0.0241,0.01999,0.96359,-0.27781,12516.703,0.37651,-0.00036,35.93134,0.62564,-0.11212,1.35352,0.76285,-0.03284,86
2,20004.453,0.4591,0.02567,0.01999,1.16308,-0.29392,15829.126,0.49072,-0.00012,35.93134,0.78267,-0.13009,1.07079,0.94924,-0.03961,86
2,20004.453,0.45544,0.02276,0.01999,1.15691,-0.29195,15829.126,0.48916,0.00019,35.93134,0.77697,-0.12943,1.35352,0.94076,-0.03959,86
1,20004.453,0.34968,0.04868,0.01999,1.27513,-0.34258,12516.703,0.37982,0.00383,28.40909,0.79433,-0.18609,0.84734,1.05019,-0.0577,86
2,20004.453,0.36344,0.02489,0.01999,0.96429,-0.27989,12516.703,0.37766,-0.00127,35.93134,0.62548,-0.11214,1.35352,0.7627,-0.03324,86
1,20004.453,0.35012,0.04757,0.01999,1.28532,-0.34078,0.33183,1.16482,-0.00307,22.48202,0.83406,-0.18865,0.84734,1.05657,-0.05866,86
1,20004.453,0.27183,0.0283,0.01999,0.99036,-0.29762,12516.703,0.28403,-0.0015,35.93134,0.59089,-0.13556,1.35352,0.76944,-0.04083,86
1,20004.453,0.66781,0.02831,0.01999,1.26613,-0.27881,15829.126,0.69049,-0.0004,28.40909,0.94372,-0.11521,1.70952,1.0657,-0.03357,86
2,20004.453,0.36372,0.02411,0.01999,0.9694,-0.27406,0.53067,0.93093,-0.00061,28.40909,0.64777,-0.11092,1.35352,0.76441,-0.03283,86
1,20004.453,0.34946,0.04643,0.01999,1.28539,-0.33885,1.70952,1.13957,-0.00031,22.48202,0.83462,-0.18796,0.84734,1.05502,-0.05842,86
1,20004.453,0.35478,0.04711,0.01999,1.27815,-0.3403,12516.703,0.37813,0.00341,28.40909,0.79546,-0.1874,0.84734,1.05304,-0.05761,86
2,20004.453,0.45531,0.02475,0.01999,1.15212,-0.29354,15829.126,0.48912,-4e-05,35.93134,0.77956,-0.1319,1.35352,0.94441,-0.03963,86
1,20004.453,0.68573,0.02721,0.01999,1.29064,-0.27198,15829.126,0.7115,0.00032,35.93134,0.93951,-0.1156,1.35352,1.08852,-0.03368,86
1,20004.453,0.70938,0.02819,0.01999,1.30836,-0.27906,12516.703,0.72032,-0.0001,35.93134,0.96184,-0.11496,1.07079,1.11229,-0.03423,86
1,20004.453,0.27463,0.02717,0.01999,0.98839,-0.3,12516.703,0.28678,-0.00241,35.93134,0.59054,-0.13638,1.07079,0.77464,-0.04093,86
5,20004.453,0.39834,0.02187,0.01999,1.29404,-0.32936,15829.126,0.42378,4e-05,28.40909,0.83197,-0.17376,0.84734,1.07453,-0.05729,86
2,20004.453,0.3641,0.02469,0.01999,0.97634,-0.27497,12516.703,0.38086,-0.00115,35.93134,0.62566,-0.11092,1.35352,0.7648,-0.03358,86
1,20004.453,0.71358,0.02702,0.01999,1.32998,-0.28586,15829.126,0.73689,-0.00013,28.40909,0.99022,-0.11501,1.35352,1.11757,-0.03421,86
1,20004.453,0.27362,0.02724,0.01999,0.99867,-0.30135,12516.703,0.28496,-0.00106,35.93134,0.58776,-0.13529,1.07079,0.77203,-0.04069,86
1,20004.453,0.35007,0.04802,0.01999,1.28486,-0.34116,0.67072,1.31781,0.00046,28.40909,0.79823,-0.18971,0.84734,1.05781,-0.05854,86
1,20004.453,0.67851,0.02653,0.01999,1.2896,-0.28771,15829.126,0.71033,0.00037,35.93134,0.93172,-0.11505,1.35352,1.07924,-0.03369,86
2,20004.453,0.36398,0.02429,0.01999,0.97547,-0.2745,12516.703,0.37659,-0.00113,35.93134,0.62688,-0.11297,1.35352,0.76551,-0.03401,85
2,20004.453,0.36491,0.02415,0.01999,0.97546,-0.2745,12516.703,0.37785,-0.00146,35.93134,0.62584,-0.11296,1.35352,0.76605,-0.03357,85
5,20004.453,0.40086,0.0227,0.01999,1.28281,-0.34372,15829.126,0.42608,-0.00026,28.40909,0.82609,-0.17036,0.84734,1.06322,-0.05531,85
2,20004.453,0.45769,0.02312,0.01999,1.16216,-0.29263,15829.126,0.48709,-0.00053,35.93134,0.77853,-0.13201,1.35352,0.9452,-0.03989,85
2,20004.453,0.45107,0.0238,0.01999,1.14699,-0.29665,15829.126,0.48485,9e-05,35.93134,0.77268,-0.13062,1.35352,0.93933,-0.03974,85
2,20004.453,0.45078,0.02484,0.01999,1.15951,-0.30414,15829.126,0.4835,-0.00068,35.93134,0.77121,-0.13205,1.07079,0.94073,-0.04001,85
1,20004.453,0.27217,0.02753,0.01999,0.98382,-0.30641,12516.703,0.28542,-0.00091,28.40909,0.61383,-0.13767,1.07079,0.77217,-0.04051,85
5,20004.453,0.39944,0.02403,0.01999,1.27997,-0.336,15829.126,0.42716,-0.00019,28.40909,0.82702,-0.17108,0.84734,1.06459,-0.05612,85
1,20004.453,0.68491,0.02824,0.01999,1.29197,-0.2723,15829.126,0.71051,-7e-05,35.93134,0.93674,-0.11521,1.35352,1.08755,-0.03381,85
2,20004.453,0.45345,0.02457,0.01999,1.14887,-0.29923,0.41976,1.24001,-0.00018,35.93134,0.77467,-0.13187,1.35352,0.9416,-0.03948,85
2,20004.453,0.3628,0.02415,0.01999,0.96908,-0.28242,12516.703,0.38042,-0.00049,28.40909,0.64887,-0.11313,1.35352,0.7662,-0.03369,85
5,20004.453,0.40098,0.02212,0.01999,1.29996,-0.3253,15829.126,0.42536,-0.00036,28.40909,0.83363,-0.17369,0.84734,1.0749,-0.05679,85
2,20004.453,0.36575,0.02406,0.01999,0.98549,-0.28814,12516.703,0.37812,-0.00152,35.93134,0.62528,-0.11296,1.70952,0.76459,-0.03432,85
1,20004.453,0.27278,0.02639,0.01999,0.99341,-0.32406,12516.703,0.28581,-0.00156,35.93134,0.58851,-0.13706,1.07079,0.77545,-0.04055,85
1,20004.453,0.68612,0.02718,0.01999,1.28982,-0.27581,15829.126,0.71707,-4e-05,28.40909,0.96279,-0.11548,1.35352,1.09034,-0.03383,85
2,20004.453,0.45429,0.02547,0.01999,1.15349,-0.30005,15829.126,0.48595,0.00063,35.93134,0.77665,-0.13122,1.35352,0.94508,-0.03999,85
1,20004.453,0.35176,0.04629,0.01999,1.28575,-0.34957,12516.703,0.38236,0.00239,28.40909,0.80079,-0.19057,0.84734,1.06067,-0.05846,85
1,20004.453,0.7025,0.02639,0.01999,1.31236,-0.2727,15829.126,0.72485,-7e-05,28.40909,0.97947,-0.11562,1.35352,1.10584,-0.03428,85
5,20004.453,0.40028,0.02236,0.01999,1.29255,-0.34616,15829.126,0.42891,9e-05,28.40909,0.8256,-0.17203,0.84734,1.06635,-0.05551,85
1,20004.453,0.69733,0.02694,0.01999,1.30195,-0.28063,15829.126,0.72674,-0.00015,28.40909,0.97283,-0.11587,1.35352,1.10151,-0.03454,85
1,20004.453,0.35136,0.04729,0.01999,1.29309,-0.34115,0.67072,1.31882,-0.00111,28.40909,0.8005,-0.1905,0.84734,1.06455,-0.05926,85
2,20004.453,0.36525,0.02413,0.01999,0.979,-0.27526,12516.703,0.37827,-0.00056,35.93134,0.62681,-0.11391,1.35352,0.76836,-0.03369,85
2,20004.453,0.36616,0.02445,0.01999,0.97089,-0.28317,12516.703,0.38143,-0.00192,35.93134,0.62463,-0.11174,1.35352,0.76707,-0.03335,85
1,20004.453,0.69639,0.02738,0.01999,1.31485,-0.27816,12516.703,0.70772,-6e-05,28.40909,0.97405,-0.11619,1.35352,1.10161,-0.03378,85
1,20004.453,0.35272,0.04746,0.01999,1.29916,-0.34017,1.70952,1.15223,-0.0024,28.40909,0.7997,-0.19033,0.84734,1.06493,-0.05872,85
2,20004.453,0.36485,0.02448,0.01999,0.98119,-0.27484,12516.703,0.37755,-0.00142,35.93134,0.62518,-0.11235,1.35352,0.76716,-0.03341,85
1,20004.453,0.27333,0.02822,0.01999,1.0085,-0.30825,12516.703,0.28717,-0.00215,28.40909,0.61702,-0.1386,1.35352,0.77545,-0.04132,85
2,20004.453,0.45226,0.02415,0.01999,1.1695,-0.30903,15829.126,0.48532,-0.00064,28.40909,0.80187,-0.13293,1.07079,0.94938,-0.0403,85
1,20004.453,0.35181,0.04705,0.01999,1.28738,-0.35867,0.41976,1.38255,0.0025,28.40909,0.80036,-0.19083,0.84734,1.06609,-0.0587,85
2,20004.453,0.36535,0.02402,0.01999,0.97338,-0.27756,12516.703,0.38087,-0.00075,35.93134,0.62651,-0.11322,1.35352,0.76779,-0.03366,85
2,20004.453,0.45449,0.02345,0.01999,1.15514,-0.30044,15829.126,0.48459,-0.00017,35.93134,0.77353,-0.13078,1.35352,0.94369,-0.04029,85
1,20004.453,0.35096,0.04782,0.01999,1.29044,-0.35001,12516.703,0.38222,0.00227,28.40909,0.7997,-0.19078,0.84734,1.06519,-0.05834,85
2,20004.453,0.45296,0.02397,0.01999,1.15332,-0.2985,15829.126,0.48592,-6e-05,35.93134,0.77441,-0.13202,1.07079,0.94878,-0.03976,85
1,20004.453,0.27376,0.02732,0.01999,1.00559,-0.31778,0.13007,0.88463,0.00014,28.40909,0.61545,-0.13714,1.07079,0.77584,-0.04144,85
2,20004.453,0.36434,0.02394,0.01999,0.98018,-0.27693,12516.703,0.38197,-0.00158,35.93134,0.6263,-0.11444,1.70952,0.76758,-0.03393,85
2,20004.453,0.45546,0.02494,0.01999,1.15969,-0.29348,15829.126,0.48711,-0.00031,35.93134,0.77508,-0.13194,1.35352,0.94642,-0.04057,85
1,20004.453,0.70251,0.02635,0.01999,1.31377,-0.27383,12516.703,0.7184,0.00026,28.40909,0.98048,-0.11627,1.07079,1.11363,-0.03428,85
1,20004.453,0.27341,0.02674,0.01999,1.00004,-0.30003,15829.126,0.29976,0.00108,28.40909,0.61569,-0.13741,1.07079,0.77862,-0.04146,85
1,20004.453,0.35231,0.04698,0.01999,1.30953,-0.34662,12516.703,0.38243,0.00315,22.48202,0.83744,-0.19012,0.67072,1.0713,-0.0586,85
2,20004.453,0.4541,0.02482,0.01999,1.15378,-0.30751,15829.126,0.48426,-0.00069,35.93134,0.77579,-0.13221,1.35352,0.94836,-0.04022,85
2,20004.453,0.36414,0.02483,0.01999,0.97526,-0.28209,12516.703,0.37679,-0.00237,35.93134,0.62689,-0.11475,1.07079,0.77489,-0.03399,85
1,20004.453,0.69141,0.02823,0.01999,1.29683,-0.27477,15829.126,0.71058,5e-05,28.40909,0.96766,-0.11679,1.07079,1.09944,-0.0347,85
1,20004.453,0.27247,0.02614,0.01999,0.9923,-0.30318,12516.703,0.28598,-0.00154,35.93134,0.58855,-0.13792,1.07079,0.77916,-0.04094,85
2,20004.453,0.36653,0.02444,0.01999,0.97648,-0.28457,15829.126,0.40194,-0.00219,28.40909,0.64947,-0.11499,1.35352,0.77212,-0.03426,85
1,20004.453,0.66352,0.02557,0.01999,1.27363,-0.27383,15829.126,0.69542,-0.00012,28.40909,0.94052,-0.11571,1.35352,1.06938,-0.03396,85
2,20004.453,0.36515,0.02374,0.01999,0.97263,-0.2823,12516.703,0.37813,-0.00082,28.40909,0.6471,-0.11317,1.35352,0.76968,-0.03397,85
1,20004.453,0.71374,0.02834,0.01999,1.33144,-0.27457,15829.126,0.74254,4e-05,28.40909,0.99198,-0.11743,1.35352,1.12154,-0.03409,85
1,20004.453,0.71232,0.0264,0.01999,1.31849,-0.29048,12516.703,0.72533,-0.00012,35.93134,0.96612,-0.11708,1.35352,1.11981,-0.03454,85
1,20004.453,0.35337,0.04695,0.01999,1.29805,-0.34533,1.70952,1.15469,0.00155,22.48202,0.83732,-0.19221,0.84734,1.07279,-0.05924,85
1,20004.453,0.35445,0.04697,0.01999,1.29154,-0.36081,12516.703,0.38264,0.00291,28.40909,0.80118,-0.19204,0.84734,1.06934,-0.05865,85
1,20004.453,0.66725,0.02735,0.01999,1.2797,-0.27423,15829.126,0.68988,-0.00042,28.40909,0.94366,-0.11647,1.35352,1.07441,-0.03494,85
1,20004.453,0.35546,0.04746,0.01999,1.29953,-0.35148,12516.703,0.38557,0.00237,22.48202,0.83668,-0.19237,0.84734,1.07281,-0.05836,85
2,20004.453,0.36578,0.02375,0.01999,0.97306,-0.29561,12516.703,0.38029,-0.00203,35.93134,0.62614,-0.11424,1.07079,0.77289,-0.034,85
2,20004.453,0.45495,0.02446,0.01999,1.16747,-0.29489,15829.126,0.48575,-0.00018,35.93134,0.77683,-0.13298,1.07079,0.95253,-0.04067,85
2,20004.453,0.36567,0.02348,0.01999,0.98382,-0.2768,12516.703,0.37833,-0.00066,35.93134,0.62558,-0.11586,1.35352,0.77225,-0.03427,85
1,20004.453,0.35318,0.0467,0.01999,1.31677,-0.36316,12516.703,0.38312,0.00255,22.48202,0.83792,-0.19309,0.84734,1.07361,-0.05831,85
2,20004.453,0.45326,0.0248,0.01999,1.16128,-0.29595,15829.126,0.485,0.00062,35.93134,0.77407,-0.13374,1.35352,0.9489,-0.04072,84
1,20004.453,0.65186,0.02816,0.01999,1.26417,-0.27559,12516.703,0.66591,4e-05,28.40909,0.92927,-0.11832,1.35352,1.06116,-0.03452,84
1,20004.453,0.275,0.02826,0.01999,1.00137,-0.30153,12516.703,0.28946,-0.00107,28.40909,0.61804,-0.14056,1.35352,0.77872,-0.04141,84
5,20004.453,0.40385,0.02124,0.01999,1.3085,-0.34793,15829.126,0.42694,-0.00063,28.40909,0.83285,-0.17618,0.84734,1.08059,-0.05667,84
1,20004.453,0.35601,0.04466,0.01999,1.30305,-0.35135,12516.703,0.38617,0.00211,28.40909,0.80198,-0.19405,0.84734,1.07362,-0.05874,84
2,20004.453,0.36438,0.02401,0.01999,0.99223,-0.28519,12516.703,0.38169,-0.00204,35.93134,0.62534,-0.11525,1.35352,0.77348,-0.0341,84
1,20004.453,0.35734,0.04701,0.01999,1.30006,-0.34375,12516.703,0.38729,0.00243,22.48202,0.83764,-0.19207,0.84734,1.07149,-0.05948,84
1,20004.453,0.3552,0.04764,0.01999,1.30375,-0.36424,12516.703,0.38487,0.00333,22.48202,0.83843,-0.19399,0.84734,1.07902,-0.05938,84
2,20004.453,0.36388,0.02399,0.01999,0.99155,-0.28485,0.41976,1.02171,0.00213,35.93134,0.62621,-0.11497,1.35352,0.77086,-0.03437,84
1,20004.453,0.64369,0.02638,0.01999,1.25286,-0.27972,15829.126,0.67681,0.00015,28.40909,0.91947,-0.11813,1.07079,1.05519,-0.03423,84
2,20004.453,0.45215,0.0238,0.01999,1.15952,-0.30262,15829.126,0.48309,-0.00051,35.93134,0.77263,-0.135,1.07079,0.95153,-0.04103,84
1,20004.453,0.35544,0.04774,0.01999,1.3014,-0.3436,12516.703,0.38645,0.00327,22.48202,0.83775,-0.19329,0.84734,1.073,-0.05929,84
5,20004.453,0.40705,0.02151,0.01999,1.30805,-0.32781,15829.126,0.43112,-0.00044,28.40909,0.83518,-0.17477,0.84734,1.08371,-0.05725,84
2,20004.453,0.36457,0.02374,0.01999,0.99248,-0.28654,0.33183,1.04135,-0.00159,28.40909,0.64933,-0.11463,1.35352,0.7723,-0.03445,84
5,20004.453,0.40437,0.02196,0.01999,1.30433,-0.33625,15829.126,0.43151,0.00027,28.40909,0.83575,-0.17635,0.84734,1.08224,-0.05633,84
1,20004.453,0.27538,0.02554,0.01999,0.99717,-0.30746,15829.126,0.30137,0.00217,28.40909,0.61796,-0.13972,1.07079,0.78424,-0.0412,84
1,20004.453,0.65395,0.0278,0.01999,1.27435,-0.27555,12516.703,0.66786,-0.0001,35.93134,0.90833,-0.11722,1.35352,1.0646,-0.0353,84
1,20004.453,0.67028,0.02747,0.01999,1.27973,-0.27821,12516.703,0.67791,-0.00017,28.40909,0.9471,-0.11717,1.07079,1.08137,-0.03443,84
2,20004.453,0.45164,0.0233,0.01999,1.15868,-0.30286,15829.126,0.48578,-0.00075,28.40909,0.79664,-0.13324,1.07079,0.95118,-0.04107,84
2,20004.453,0.45205,0.02316,0.01999,1.17086,-0.29994,15829.126,0.48567,-3e-05,35.93134,0.77176,-0.13458,1.35352,0.94725,-0.04129,84
1,20004.453,0.35449,0.04678,0.01999,1.30618,-0.34603,2.16054,1.04505,-0.0005,22.48202,0.84172,-0.19469,0.84734,1.07878,-0.06031,84
1,20004.453,0.3553,0.04625,0.01999,1.31102,-0.34202,0.26261,0.74698,7e-05,28.40909,0.80333,-0.19439,0.84734,1.07877,-0.06014,84
1,20004.453,0.69112,0.02643,0.01999,1.29719,-0.2875,12516.703,0.70413,0.00047,35.93134,0.94329,-0.11676,1.35352,1.09898,-0.03426,84
1,20004.453,0.35744,0.0467,0.01999,1.30371,-0.3467,0.06443,2.23013,-0.00068,28.40909,0.80241,-0.19417,0.84734,1.07722,-0.05928,84
1,20004.453,0.2732,0.02669,0.01999,1.00332,-0.30275,15829.126,0.30334,0.00123,28.40909,0.61766,-0.14182,1.07079,0.78535,-0.04193,84
2,20004.453,0.36511,0.02338,0.01999,0.97845,-0.28538,0.67072,0.95406,-0.00141,35.93134,0.62561,-0.11571,1.35352,0.77434,-0.03474,84
2,20004.453,0.36678,0.02389,0.01999,0.97859,-0.29732,12516.703,0.38072,-0.00201,35.93134,0.6259,-0.11544,1.07079,0.77882,-0.0342,84
5,20004.453,0.40813,0.02227,0.01999,1.32109,-0.34225,15829.126,0.43332,-0.00027,22.48202,0.86898,-0.17514,0.84734,1.0846,-0.05671,84
2,20004.453,0.45344,0.02309,0.01999,1.16037,-0.29984,15829.126,0.48556,-2e-05,35.93134,0.7739,-0.13502,1.07079,0.9539,-0.04075,84
5,20004.453,0.40752,0.02051,0.01999,1.31284,-0.3281,15829.126,0.43384,-0.00036,22.48202,0.86965,-0.17567,0.84734,1.08515,-0.05773,84
2,20004.453,0.45122,0.02355,0.01999,1.17476,-0.30666,15829.126,0.48513,-0.00135,35.93134,0.7712,-0.13469,1.07079,0.95305,-0.04135,84
2,20004.453,0.36717,0.02476,0.01999,0.99006,-0.29901,0.33183,1.03879,0.00092,35.93134,0.62553,-0.11436,1.35352,0.77576,-0.03431,84
1,20004.453,0.27337,0.02614,0.01999,1.00923,-0.30237,0.67072,0.95892,-4e-05,28.40909,0.61722,-0.13972,1.35352,0.78222,-0.04228,84
2,20004.453,0.36723,0.02362,0.01999,0.97755,-0.29399,12516.703,0.38129,-0.00303,35.93134,0.62618,-0.11485,1.35352,0.77523,-0.03383,84
2,20004.453,0.36713,0.02434,0.01999,0.98241,-0.27823,0.67072,0.95629,-0.00211,28.40909,0.64963,-0.11484,1.35352,0.7755,-0.03453,84
1,20004.453,0.35722,0.04653,0.01999,1.31736,-0.34522,12516.703,0.38677,0.00323,22.48202,0.83803,-0.19331,0.67072,1.08196,-0.05935,84
2,20004.453,0.4529,0.02442,0.01999,1.16443,-0.3038,15829.126,0.48409,-0.00111,28.40909,0.79835,-0.13538,1.07079,0.95501,-0.04148,84
1,20004.453,0.70635,0.02595,0.01999,1.32398,-0.2777,15829.126,0.74979,-0.00115,28.40909,0.98616,-0.11915,1.35352,1.1208,-0.035,84
1,20004.453,0.27517,0.02582,0.01999,1.00708,-0.30227,0.67072,1.00797,0.00034,35.93134,0.59016,-0.13966,1.35352,0.78188,-0.042,84
2,20004.453,0.45509,0.02437,0.01999,1.167,-0.29649,15829.126,0.48728,6e-05,28.40909,0.79958,-0.13589,1.07079,0.95631,-0.04098,84
1,20004.453,0.35655,0.04848,0.01999,1.31831,-0.37026,12516.703,0.38554,0.00215,22.48202,0.84329,-0.19869,0.84734,1.08868,-0.06056,84
2,20004.453,0.45121,0.02445,0.01999,1.16568,-0.29653,15829.126,0.48603,-0.00048,35.93134,0.77226,-0.134,1.35352,0.95085,-0.0412,84
1,20004.453,0.35672,0.04557,0.01999,1.30352,-0.35247,0.67072,1.33542,0.00156,22.48202,0.83688,-0.19489,0.84734,1.07633,-0.05908,84
2,20004.453,0.45712,0.0231,0.01999,1.17888,-0.30261,15829.126,0.4901,5e-05,35.93134,0.77542,-0.13431,1.07079,0.95773,-0.04148,84
1,20004.453,0.27446,0.02493,0.01999,1.00542,-0.30285,15829.126,0.30169,0.00132,22.48202,0.64497,-0.1399,1.07079,0.78681,-0.04228,84
5,20004.453,0.40701,0.02173,0.01999,1.31479,-0.32828,15829.126,0.43344,-0.00027,22.48202,0.86968,-0.17571,0.84734,1.08612,-0.05739,84
2,20004.453,0.3665,0.02433,0.01999,0.97969,-0.28166,12516.703,0.38293,-0.00218,28.40909,0.65047,-0.11596,1.35352,0.7753,-0.03475,84
1,20004.453,0.35706,0.04833,0.01999,1.32542,-0.34705,0.04042,1.0881,-0.00057,22.48202,0.84052,-0.1958,0.67072,1.0871,-0.05967,84
1,20004.453,0.73138,0.02645,0.01999,1.34866,-0.2961,0.26261,1.43076,0.0002,28.40909,1.01104,-0.11749,1.07079,1.14838,-0.03526,84
1,20004.453,0.7355,0.02689,0.01999,1.35214,-0.28429,15829.126,0.76516,-8e-05,28.40909,1.01523,-0.11862,1.35352,1.1488,-0.03517,84
5,20004.453,0.4103,0.02127,0.01999,1.30738,-0.32812,2.16054,1.04446,-0.00023,22.48202,0.86515,-0.17354,0.84734,1.08223,-0.05738,84
1,20004.453,0.2753,0.0265,0.01999,1.01144,-0.32919,15829.126,0.30342,0.00035,35.93134,0.58908,-0.14038,1.07079,0.78794,-0.04231,84
1,20004.453,0.73735,0.02576,0.01999,1.36632,-0.27865,12516.703,0.75059,-0.00047,28.40909,1.01594,-0.11875,1.35352,1.15242,-0.03514,84
2,20004.453,0.45355,0.02368,0.01999,1.17175,-0.29741,15829.126,0.48608,-0.0015,28.40909,0.80024,-0.13617,1.35352,0.95605,-0.04184,84
2,20004.453,0.36819,0.02272,0.01999,0.99399,-0.2789,12516.703,0.38062,-0.00253,35.93134,0.62569,-0.11524,1.07079,0.78026,-0.03488,84
2,20004.453,0.4567,0.02361,0.01999,1.16921,-0.31621,15829.126,0.48837,-6e-05,35.93134,0.77332,-0.13459,1.07079,0.95755,-0.04079,84
2,20004.453,0.45854,0.02442,0.01999,1.16924,-0.29725,15829.126,0.48972,-0.00062,28.40909,0.80027,-0.13445,1.35352,0.95605,-0.04143,84
1,20004.453,0.3587,0.04722,0.01999,1.31561,-0.34508,2.16054,1.05351,-0.00018,22.48202,0.84058,-0.1957,0.84734,1.08329,-0.06016,84
2,20004.453,0.36786,0.02308,0.01999,0.98257,-0.28772,12516.703,0.38342,-0.00111,28.40909,0.65028,-0.11591,1.35352,0.77939,-0.03475,84
1,20004.453,0.35752,0.0471,0.01999,1.31675,-0.35465,12516.703,0.38691,0.00291,22.48202,0.84067,-0.19687,0.84734,1.08703,-0.0602,84
5,20004.453,0.4076,0.02205,0.01999,1.31328,-0.32792,15829.126,0.43289,0.0003,28.40909,0.83734,-0.17516,0.84734,1.08578,-0.0581,84
2,20004.453,0.45477,0.02221,0.01999,1.16645,-0.30259,15829.126,0.48791,-0.00141,35.93134,0.77473,-0.13619,1.07079,0.95955,-0.04125,84
2,20004.453,0.36759,0.02372,0.01999,0.99278,-0.27884,0.10309,0.79751,-0.00015,35.93134,0.62714,-0.11636,1.35352,0.77817,-0.03514,84
1,20004.453,0.7488,0.02634,0.01999,1.37014,-0.27748,12516.703,0.76194,0.00032,28.40909,1.0269,-0.11977,1.35352,1.16321,-0.03493,84
1,20004.453,0.27546,0.02674,0.01999,1.00928,-0.30416,12516.703,0.28661,-0.00121,28.40909,0.61817,-0.14285,1.35352,0.78529,-0.04248,84
5,20004.453,0.41182,0.02255,0.01999,1.31436,-0.33356,15829.126,0.43884,-0.00026,28.40909,0.83294,-0.17372,0.84734,1.078,-0.05655,84
2,20004.453,0.36795,0.02256,0.01999,0.98376,-0.28626,12516.703,0.37964,-0.00208,35.93134,0.62712,-0.11587,1.07079,0.78143,-0.03464,84
2,20004.453,0.45795,0.02221,0.01999,1.18184,-0.31155,0.33183,1.27948,6e-05,28.40909,0.80206,-0.13536,1.07079,0.95988,-0.0415,84
5,20004.453,0.41286,0.022,0.01999,1.30195,-0.32922,15829.126,0.43998,-5e-05,22.48202,0.86443,-0.17267,0.84734,1.0787,-0.05681,84
1,20004.453,0.73912,0.02689,0.01999,1.35829,-0.28558,12516.703,0.75055,-0.00177,28.40909,1.01686,-0.11978,1.07079,1.15729,-0.03568,83
5,20004.453,0.40762,0.02206,0.01999,1.3217,-0.33033,15829.126,0.43429,-0.0004,22.48202,0.86998,-0.17611,0.67072,1.09377,-0.05802,83
2,20004.453,0.45602,0.02283,0.01999,1.16817,-0.30402,15829.126,0.48978,-0.0014,28.40909,0.80191,-0.13554,1.35352,0.95809,-0.04198,83
2,20004.453,0.36845,0.02408,0.01999,0.99794,-0.29776,0.08153,0.77097,-0.00077,35.93134,0.62704,-0.11623,1.07079,0.78126,-0.03501,83
5,20004.453,0.40951,0.02173,0.01999,1.31382,-0.32893,15829.126,0.43338,0.00012,22.48202,0.86915,-0.17627,0.67072,1.09242,-0.05822,83
1,20004.453,0.27433,0.02606,0.01999,1.00453,-0.31295,15829.126,0.30157,0.00132,28.40909,0.61666,-0.14291,1.07079,0.7894,-0.04245,83
2,20004.453,0.45787,0.02315,0.01999,1.17106,-0.30485,15829.126,0.49015,-0.00055,28.40909,0.80012,-0.13622,1.07079,0.96055,-0.04172,83
2,20004.453,0.4603,0.02391,0.01999,1.17633,-0.29654,15829.126,0.49447,-0.00127,35.93134,0.7768,-0.13492,1.35352,0.95973,-0.04126,83
1,20004.453,0.74768,0.02453,0.01999,1.37503,-0.29843,12516.703,0.76107,-3e-05,28.40909,1.02578,-0.11953,1.07079,1.16634,-0.03559,83
5,20004.453,0.40922,0.02209,0.01999,1.30735,-0.33535,15829.126,0.43581,5e-05,22.48202,0.86727,-0.17548,0.84734,1.08597,-0.05739,83
2,20004.453,0.36719,0.02342,0.01999,0.98651,-0.287,15829.126,0.38201,0.00183,28.40909,0.65089,-0.11749,1.35352,0.78089,-0.0353,83
1,20004.453,0.75818,0.02558,0.01999,1.37869,-0.28399,12516.703,0.77032,8e-05,28.40909,1.03678,-0.11968,1.35352,1.17373,-0.0359,83
1,20004.453,0.75016,0.02673,0.01999,1.3772,-0.27794,15829.126,0.78056,-0.00069,28.40909,1.02865,-0.11974,1.35352,1.16598,-0.03533,83
2,20004.453,0.45475,0.02262,0.01999,1.1771,-0.2983,15829.126,0.48742,-0.00086,28.40909,0.79929,-0.13728,1.35352,0.95998,-0.04233,83
1,20004.453,0.73772,0.02486,0.01999,1.35576,-0.28931,0.08153,1.16295,1e-05,28.40909,1.01735,-0.1208,1.35352,1.15478,-0.03556,83
1,20004.453,0.3602,0.04677,0.01999,1.31497,-0.34972,2.16054,1.06167,0.00264,22.48202,0.83924,-0.19714,0.84734,1.08638,-0.06082,83
5,20004.453,0.4099,0.0216,0.01999,1.31788,-0.35017,15829.126,0.43437,-0.00011,28.40909,0.83645,-0.17563,0.84734,1.0881,-0.05716,83
2,20004.453,0.36939,0.02237,0.01999,0.99483,-0.30211,12516.703,0.38389,-0.00193,28.40909,0.65115,-0.11731,1.07079,0.78429,-0.03538,83
1,20004.453,0.36171,0.04636,0.01999,1.31709,-0.35507,1.35352,1.21395,0.00091,22.48202,0.84048,-0.19724,0.84734,1.08715,-0.05961,83
2,20004.453,0.3694,0.02206,0.01999,1.00295,-0.29697,0.53067,0.95909,0.0002,35.93134,0.62635,-0.11844,1.35352,0.78181,-0.03554,83
2,20004.453,0.45743,0.02325,0.01999,1.16994,-0.31033,15829.126,0.48791,-0.00193,28.40909,0.80351,-0.13618,1.07079,0.96554,-0.04115,83
1,20004.453,0.77253,0.02502,0.01999,1.39601,-0.28638,12516.703,0.78587,0.00013,28.40909,1.05138,-0.12026,1.07079,1.19354,-0.0359,83
1,20004.453,0.35821,0.0468,0.01999,1.31992,-0.35163,12516.703,0.38879,0.00257,22.48202,0.84168,-0.19796,0.84734,1.09304,-0.06125,83
2,20004.453,0.36892,0.02147,0.01999,0.99903,-0.28105,15829.126,0.38109,0.00258,28.40909,0.65174,-0.11758,1.35352,0.78314,-0.03516,83
1,20004.453,0.27389,0.02669,0.01999,1.02343,-0.32783,15829.126,0.30338,-0.00012,28.40909,0.61808,-0.14304,1.07079,0.79155,-0.04247,83
5,20004.453,0.41142,0.02115,0.01999,1.31002,-0.34399,15829.126,0.43752,-0.00032,22.48202,0.87086,-0.17649,0.84734,1.09129,-0.05799,83
2,20004.453,0.45502,0.02364,0.01999,1.1732,-0.30505,15829.126,0.48827,-0.00146,28.40909,0.80011,-0.13647,1.07079,0.96325,-0.0422,83
2,20004.453,0.37079,0.02353,0.01999,1.00059,-0.28128,0.67072,0.97619,0.0004,35.93134,0.62673,-0.11773,1.35352,0.78283,-0.03482,83
2,20004.453,0.46115,0.02356,0.01999,1.17798,-0.29852,15829.126,0.49572,-0.00144,28.40909,0.80523,-0.13708,1.35352,0.96458,-0.04166,83
1,20004.453,0.77856,0.02556,0.01999,1.39998,-0.29594,15829.126,0.80779,-0.0007,28.40909,1.05675,-0.12068,1.35352,1.19738,-0.03535,83
1,20004.453,0.75431,0.02475,0.01999,1.37706,-0.28653,12516.703,0.76863,-0.00053,28.40909,1.03316,-0.11917,1.35352,1.17297,-0.0355,83
2,20004.453,0.45581,0.02361,0.01999,1.17265,-0.30571,15829.126,0.49211,-0.00149,35.93134,0.77425,-0.13696,1.07079,0.96336,-0.04206,83
1,20004.453,0.27587,0.02649,0.01999,1.02679,-0.32607,15829.126,0.30304,0.00037,28.40909,0.61918,-0.14352,1.07079,0.79367,-0.04273,83
5,20004.453,0.41564,0.02232,0.01999,1.31911,-0.3303,15829.126,0.44032,-0.00041,22.48202,0.869,-0.17464,0.84734,1.0871,-0.05739,83
1,20004.453,0.36066,0.04742,0.01999,1.32517,-0.34805,12516.703,0.38895,0.00294,22.48202,0.84376,-0.20038,0.84734,1.09363,-0.06126,83
2,20004.453,0.46273,0.02362,0.01999,1.18797,-0.30158,15829.126,0.49527,-0.00122,28.40909,0.8039,-0.13732,1.35352,0.96283,-0.04221,83
2,20004.453,0.36717,0.02072,0.01999,0.99063,-0.28735,12516.703,0.38155,-0.00264,35.93134,0.62779,-0.11845,1.35352,0.78479,-0.0355,83
1,20004.453,0.77518,0.02486,0.01999,1.40264,-0.27922,0.67072,1.41329,-0.0013,28.40909,1.05262,-0.12201,1.35352,1.19327,-0.03604,83
1,20004.453,0.36029,0.04693,0.01999,1.33364,-0.34719,12516.703,0.39183,0.00247,22.48202,0.84219,-0.19979,0.84734,1.09192,-0.06078,83
1,20004.453,0.27627,0.02717,0.01999,1.02225,-0.30634,15829.126,0.30389,0.00011,28.40909,0.61567,-0.14248,1.35352,0.78888,-0.04293,83
2,20004.453,0.46252,0.02366,0.01999,1.1783,-0.30548,15829.126,0.49526,-0.00086,28.40909,0.80476,-0.13722,1.07079,0.96788,-0.04149,83
1,20004.453,0.73447,0.02533,0.01999,1.35336,-0.29396,12516.703,0.74877,-0.00025,28.40909,1.01242,-0.12082,1.35352,1.15304,-0.03553,83
1,20004.453,0.35779,0.04438,0.01999,1.32229,-0.35026,12516.703,0.38931,0.00271,22.48202,0.84501,-0.19939,0.84734,1.0933,-0.06132,83
1,20004.453,0.27613,0.0254,0.01999,1.02662,-0.32953,15829.126,0.30309,0.00069,28.40909,0.61762,-0.14325,0.84734,0.79916,-0.04336,83
5,20004.453,0.41463,0.02106,0.01999,1.30858,-0.33522,15829.126,0.44125,-9e-05,22.48202,0.86717,-0.17485,0.84734,1.08761,-0.0578,83
2,20004.453,0.46087,0.02421,0.01999,1.18312,-0.29902,15829.126,0.49247,-0.00097,28.40909,0.80641,-0.1373,1.07079,0.97055,-0.04206,83
1,20004.453,0.27648,0.02559,0.01999,1.02742,-0.31066,15829.126,0.30323,0.00021,28.40909,0.61549,-0.14276,1.35352,0.78979,-0.04357,83
2,20004.453,0.36683,0.02168,0.01999,0.99741,-0.28032,15829.126,0.384,0.00145,35.93134,0.62878,-0.11838,1.35352,0.78542,-0.03532,83
1,20004.453,0.73882,0.02538,0.01999,1.36798,-0.27982,12516.703,0.75118,-0.00062,28.40909,1.01651,-0.12164,1.07079,1.16262,-0.0357,83
2,20004.453,0.36978,0.02154,0.01999,1.00424,-0.28159,15829.126,0.38259,0.00128,35.93134,0.62822,-0.11847,1.70952,0.78293,-0.0356,83
1,20004.453,0.27552,0.02616,0.01999,1.02042,-0.30585,15829.126,0.30274,-0.00062,28.40909,0.61474,-0.14435,1.07079,0.79393,-0.043,83
5,20004.453,0.41433,0.02142,0.01999,1.30935,-0.34892,15829.126,0.44283,0.00035,22.48202,0.86787,-0.17553,0.84734,1.08809,-0.05731,83
2,20004.453,0.45891,0.02314,0.01999,1.1733,-0.31179,15829.126,0.49155,-0.00074,28.40909,0.80342,-0.13873,1.35352,0.96478,-0.04228,83
2,20004.453,0.36967,0.02211,0.01999,1.00878,-0.28459,0.67072,0.97784,-0.00068,35.93134,0.62835,-0.1189,1.35352,0.78731,-0.03557,83
1,20004.453,0.73557,0.02406,0.01999,1.36084,-0.28761,12516.703,0.74799,-6e-05,28.40909,1.01419,-0.12175,1.07079,1.15779,-0.03627,83
2,20004.453,0.37008,0.0205,0.01999,0.99455,-0.28321,0.33183,0.94897,-0.0,28.40909,0.65177,-0.1196,1.07079,0.7902,-0.03557,83
5,20004.453,0.41494,0.01987,0.01999,1.32626,-0.33048,15829.126,0.44239,1e-05,22.48202,0.872,-0.17588,0.67072,1.09927,-0.05809,83
1,20004.453,0.73737,0.02568,0.01999,1.38049,-0.28333,12516.703,0.7526,-0.00147,28.40909,1.01875,-0.12132,1.07079,1.16466,-0.03664,83
1,20004.453,0.74221,0.02512,0.01999,1.36684,-0.28771,12516.703,0.75445,-0.00127,28.40909,1.01859,-0.12215,1.35352,1.16205,-0.03646,83
1,20004.453,0.73689,0.02454,0.01999,1.36838,-0.28064,0.10309,1.20335,0.0004,28.40909,1.01644,-0.12315,1.35352,1.15937,-0.03665,83
1,20004.453,0.27607,0.02668,0.01999,1.0158,-0.33268,15829.126,0.30423,0.0004,28.40909,0.61716,-0.14452,1.07079,0.79555,-0.04252,83
5,20004.453,0.41429,0.02271,0.01999,1.32137,-0.33924,15829.126,0.43981,1e-05,28.40909,0.84018,-0.17718,0.84734,1.09656,-0.05783,82
1,20004.453,0.36203,0.04716,0.01999,1.34725,-0.3504,12516.703,0.39074,0.0027,22.48202,0.84438,-0.20104,0.67072,1.10713,-0.06189,82
1,20004.453,0.35932,0.04607,0.01999,1.33187,-0.34783,0.13007,1.55713,0.00204,28.40909,0.80399,-0.19867,0.84734,1.09401,-0.06147,82
2,20004.453,0.4624,0.02302,0.01999,1.18607,-0.2988,15829.126,0.49614,-0.0019,28.40909,0.80483,-0.13854,1.07079,0.97273,-0.04255,82
2,20004.453,0.45709,0.0227,0.01999,1.17715,-0.30237,15829.126,0.49215,-0.00148,35.93134,0.77225,-0.13869,1.07079,0.9698,-0.04158,82
2,20004.453,0.36924,0.02129,0.01999,1.01417,-0.28943,15829.126,0.38372,0.00053,35.93134,0.62988,-0.11922,1.35352,0.78951,-0.03605,82
1,20004.453,0.7557,0.02353,0.01999,1.38342,-0.28841,0.08153,1.32329,-0.00014,28.40909,1.03511,-0.12099,1.07079,1.18045,-0.03653,82
2,20004.453,0.45624,0.02267,0.01999,1.18106,-0.29944,15829.126,0.49236,-0.00115,28.40909,0.80036,-0.13898,1.07079,0.96764,-0.04197,82
1,20004.453,0.27534,0.02735,0.01999,1.01613,-0.31505,15829.126,0.30356,0.00083,28.40909,0.61672,-0.14603,1.07079,0.79933,-0.04357,82
1,20004.453,0.36143,0.04827,0.01999,1.35429,-0.36387,0.67072,0.9254,0.00042,22.48202,0.84595,-0.20232,0.84734,1.10323,-0.06159,82
5,20004.453,0.41987,0.02387,0.01999,1.32579,-0.33205,15829.126,0.44416,-6e-05,28.40909,0.83637,-0.17449,0.84734,1.09011,-0.05735,82
2,20004.453,0.45618,0.02298,0.01999,1.19549,-0.30391,15829.126,0.48856,-0.0019,28.40909,0.80223,-0.13981,1.07079,0.9724,-0.04295,82
1,20004.453,0.35949,0.04658,0.01999,1.33685,-0.35929,2.16054,1.07603,0.00184,22.48202,0.84587,-0.20186,0.67072,1.11159,-0.06181,82
1,20004.453,0.74399,0.02389,0.01999,1.38809,-0.29553,12516.703,0.7568,-0.00036,28.40909,1.02223,-0.12173,1.07079,1.16978,-0.03593,82
1,20004.453,0.36068,0.04754,0.01999,1.33333,-0.34976,12516.703,0.38999,0.00279,22.48202,0.84247,-0.20055,0.67072,1.1048,-0.06186,82
2,20004.453,0.37029,0.02248,0.01999,1.01498,-0.29197,0.06443,1.22598,0.00123,28.40909,0.65319,-0.12053,1.35352,0.79016,-0.03638,82
5,20004.453,0.42047,0.02141,0.01999,1.32258,-0.33108,15829.126,0.44614,0.00015,22.48202,0.86845,-0.17659,0.84734,1.09054,-0.05742,82
1,20004.453,0.75044,0.02644,0.01999,1.3801,-0.28861,12516.703,0.7639,-0.00123,28.40909,1.02854,-0.12288,1.35352,1.17329,-0.03643,82
1,20004.453,0.27678,0.02607,0.01999,1.02672,-0.30709,15829.126,0.30323,0.00035,22.48202,0.64519,-0.14492,1.07079,0.79788,-0.04427,82
1,20004.453,0.74992,0.02517,0.01999,1.37913,-0.28544,12516.703,0.76237,-0.00038,28.40909,1.02917,-0.12268,1.07079,1.17583,-0.03664,82
2,20004.453,0.45881,0.023,0.01999,1.182,-0.3025,0.08153,1.0419,-0.00063,28.40909,0.80411,-0.13874,1.07079,0.97244,-0.04232,82
1,20004.453,0.27599,0.02392,0.01999,1.02626,-0.33414,15829.126,0.30553,-0.00021,28.40909,0.61765,-0.14538,1.07079,0.79878,-0.04354,82
1,20004.453,0.7483,0.0245,0.01999,1.38085,-0.28922,12516.703,0.76421,-0.00091,28.40909,1.02881,-0.12339,1.07079,1.17689,-0.03659,82
2,20004.453,0.37096,0.02034,0.01999,1.00788,-0.3059,0.10309,0.90305,-0.00089,35.93134,0.62983,-0.11884,1.07079,0.79412,-0.03561,82
2,20004.453,0.36901,0.02034,0.01999,1.01538,-0.29496,15829.126,0.38394,0.00105,28.40909,0.65451,-0.1215,1.35352,0.78983,-0.03622,82
1,20004.453,0.73728,0.02486,0.01999,1.37858,-0.28335,12516.703,0.75104,-0.00153,28.40909,1.01343,-0.12205,1.07079,1.16323,-0.03664,82
1,20004.453,0.2765,0.02609,0.01999,1.03362,-0.32778,15829.126,0.30415,0.00021,22.48202,0.64475,-0.14342,1.07079,0.79741,-0.04307,82
5,20004.453,0.41814,0.0213,0.01999,1.32676,-0.34021,15829.126,0.44229,-0.00016,22.48202,0.87433,-0.17897,0.84734,1.10169,-0.0583,82
5,20004.453,0.42057,0.0214,0.01999,1.32939,-0.34977,15829.126,0.44488,-0.00013,22.48202,0.8694,-0.17707,0.84734,1.09413,-0.05653,82
1,20004.453,0.27796,0.02536,0.01999,1.02625,-0.30706,15829.126,0.30564,0.00022,28.40909,0.61641,-0.14468,1.07079,0.79791,-0.04356,82
1,20004.453,0.72589,0.02505,0.01999,1.36361,-0.28242,12516.703,0.74331,-0.00065,28.40909,1.00776,-0.12234,1.07079,1.15624,-0.03653,82
2,20004.453,0.36942,0.02177,0.01999,1.01691,-0.28903,0.10309,0.91294,-0.00037,28.40909,0.6553,-0.12068,1.70952,0.79048,-0.0365,82
5,20004.453,0.41822,0.02162,0.01999,1.33807,-0.33389,15829.126,0.44303,0.00038,22.48202,0.87398,-0.1793,0.84734,1.10259,-0.05868,82
1,20004.453,0.35564,0.0454,0.01999,1.34119,-0.35019,0.05102,1.74527,0.00074,22.48202,0.84151,-0.20077,0.67072,1.10412,-0.0617,82
2,20004.453,0.37019,0.02114,0.01999,1.00174,-0.28992,15829.126,0.38546,0.00061,35.93134,0.62959,-0.1205,1.07079,0.79728,-0.03579,82
1,20004.453,0.70998,0.02372,0.01999,1.35693,-0.30233,12516.703,0.72421,8e-05,28.40909,0.99019,-0.12394,1.07079,1.13989,-0.03709,82
2,20004.453,0.45054,0.02186,0.01999,1.18114,-0.30481,15829.126,0.483,-0.00145,28.40909,0.79585,-0.14104,1.07079,0.97047,-0.04261,82
2,20004.453,0.45022,0.02219,0.01999,1.18987,-0.30641,15829.126,0.48446,-0.00127,28.40909,0.79453,-0.14031,0.84734,0.9679,-0.04284,82
1,20004.453,0.71153,0.02377,0.01999,1.35651,-0.2844,12516.703,0.72503,-0.00199,28.40909,0.98955,-0.12147,1.35352,1.13716,-0.03713,82
2,20004.453,0.37155,0.02098,0.01999,1.00261,-0.29036,15829.126,0.38587,0.00047,28.40909,0.65563,-0.11949,1.07079,0.79706,-0.03598,82
1,20004.453,0.35814,0.04621,0.01999,1.34875,-0.3715,0.53067,1.24871,-0.00077,22.48202,0.84089,-0.20376,0.67072,1.10613,-0.06156,82
2,20004.453,0.37367,0.02075,0.01999,1.00824,-0.28257,0.53067,0.97533,0.00038,28.40909,0.65535,-0.11994,1.35352,0.7949,-0.03609,82
1,20004.453,0.71345,0.02565,0.01999,1.34821,-0.28486,12516.703,0.72692,-0.00252,28.40909,0.99332,-0.12433,1.07079,1.14441,-0.03687,82
5,20004.453,0.41902,0.02176,0.01999,1.32745,-0.33893,15829.126,0.44651,-9e-05,22.48202,0.87609,-0.17919,0.84734,1.10336,-0.05827,82
2,20004.453,0.37029,0.02153,0.01999,1.0124,-0.28415,0.10309,1.15165,0.00081,28.40909,0.65526,-0.1199,1.35352,0.79452,-0.03594,82
2,20004.453,0.45445,0.02288,0.01999,1.18259,-0.30471,15829.126,0.46801,0.00152,28.40909,0.80039,-0.13933,1.07079,0.97339,-0.04277,82
5,20004.453,0.42239,0.02207,0.01999,1.33467,-0.33553,15829.126,0.44589,0.00049,22.48202,0.87094,-0.17687,0.84734,1.09699,-0.05748,82
2,20004.453,0.45092,0.0215,0.01999,1.17574,-0.30289,0.67072,1.11377,0.00068,28.40909,0.79351,-0.14044,1.07079,0.96491,-0.04212,82
1,20004.453,0.71273,0.02426,0.01999,1.36365,-0.2909,12516.703,0.72638,-0.00068,28.40909,0.99231,-0.12336,1.35352,1.13921,-0.03742,82
1,20004.453,0.27629,0.0247,0.01999,1.03258,-0.30835,15829.126,0.30525,-0.00105,28.40909,0.61838,-0.1478,1.07079,0.80415,-0.04458,82
2,20004.453,0.37283,0.02028,0.01999,1.00252,-0.29203,0.41976,0.96582,-2e-05,28.40909,0.65611,-0.12163,1.35352,0.79489,-0.03652,82
2,20004.453,0.45309,0.02124,0.01999,1.18287,-0.30905,15829.126,0.48425,-0.00146,28.40909,0.79688,-0.14109,1.07079,0.97162,-0.0433,82
2,20004.453,0.37223,0.02155,0.01999,1.00796,-0.30687,15829.126,0.38517,0.00058,28.40909,0.65485,-0.12225,1.07079,0.79986,-0.03629,82
1,20004.453,0.35932,0.0455,0.01999,1.34047,-0.37485,0.33183,1.47451,-0.00046,22.48202,0.84417,-0.20483,0.67072,1.11723,-0.06312,82
1,20004.453,0.7144,0.02285,0.01999,1.35194,-0.29125,0.08153,1.16341,0.0007,28.40909,0.99547,-0.12476,1.07079,1.14764,-0.03666,82
1,20004.453,0.27803,0.02655,0.01999,1.0247,-0.31825,15829.126,0.3054,0.00012,28.40909,0.61797,-0.1474,1.07079,0.80501,-0.04456,82
1,20004.453,0.27669,0.02489,0.01999,1.02954,-0.33653,15829.126,0.30632,5e-05,22.48202,0.64599,-0.14577,1.07079,0.80283,-0.04379,81
1,20004.453,0.35932,0.0455,0.01999,1.3442,-0.35164,12516.703,0.38867,0.00224,22.48202,0.84336,-0.20293,0.67072,1.11353,-0.06307,81
5,20004.453,0.42129,0.02293,0.01999,1.32237,-0.33376,15829.126,0.448,-0.00014,22.48202,0.87066,-0.17729,0.84734,1.09726,-0.05825,81
5,20004.453,0.42228,0.02096,0.01999,1.32108,-0.33457,15829.126,0.44814,-8e-05,22.48202,0.87099,-0.17533,0.84734,1.09862,-0.05832,81
1,20004.453,0.27821,0.02666,0.01999,1.03485,-0.30964,15829.126,0.30594,0.00075,28.40909,0.61719,-0.14683,1.07079,0.80334,-0.04447,81
1,20004.453,0.35978,0.04597,0.01999,1.35161,-0.35111,12516.703,0.38962,0.00271,22.48202,0.84458,-0.20492,0.67072,1.11592,-0.06316,81
2,20004.453,0.3714,0.02019,0.01999,1.00594,-0.2926,15829.126,0.38617,0.00135,28.40909,0.65618,-0.12331,1.35352,0.7976,-0.03695,81
1,20004.453,0.3579,0.04439,0.01999,1.33647,-0.36057,12516.703,0.39067,0.00252,22.48202,0.84031,-0.204,0.84734,1.10569,-0.06196,81
1,20004.453,0.71364,0.02476,0.01999,1.3523,-0.28485,12516.703,0.72833,-0.00205,28.40909,0.99208,-0.12405,1.35352,1.14327,-0.03711,81
2,20004.453,0.37314,0.02174,0.01999,1.0091,-0.2926,0.67072,1.03466,-0.00064,35.93134,0.6332,-0.12171,1.35352,0.79848,-0.03687,81
2,20004.453,0.37384,0.02043,0.01999,1.02509,-0.28992,15829.126,0.38526,0.00028,28.40909,0.65719,-0.12225,1.35352,0.79779,-0.03711,81
1,20004.453,0.71126,0.02405,0.01999,1.35015,-0.29167,0.26261,1.45737,-0.00043,28.40909,0.99263,-0.12623,1.07079,1.14589,-0.03775,81
5,20004.453,0.42067,0.02231,0.01999,1.33268,-0.33381,15829.126,0.44688,-6e-05,22.48202,0.87465,-0.17923,0.84734,1.10669,-0.05938,81
1,20004.453,0.71237,0.02377,0.01999,1.34971,-0.29139,15829.126,0.72859,0.00222,28.40909,0.99195,-0.1252,1.07079,1.14539,-0.03722,81
2,20004.453,0.45145,0.02181,0.01999,1.19463,-0.30374,15829.126,0.48216,-0.00262,28.40909,0.79492,-0.14098,1.07079,0.9716,-0.04407,81
1,20004.453,0.71342,0.02341,0.01999,1.35189,-0.29212,0.08153,1.2162,0.00153,28.40909,0.99352,-0.12475,1.07079,1.14791,-0.03758,81
2,20004.453,0.37444,0.02115,0.01999,1.02786,-0.29619,15829.126,0.38682,0.00155,28.40909,0.65793,-0.12256,1.07079,0.80188,-0.0366,81
5,20004.453,0.42124,0.02273,0.01999,1.32889,-0.34705,15829.126,0.44724,-0.00045,22.48202,0.87667,-0.17983,0.84734,1.1086,-0.05909,81
1,20004.453,0.71604,0.02136,0.01999,1.35609,-0.29231,12516.703,0.72941,-0.00109,28.40909,0.99487,-0.12548,1.07079,1.15065,-0.03761,81
2,20004.453,0.44721,0.02333,0.01999,1.17673,-0.3147,15829.126,0.48191,-0.00201,28.40909,0.79252,-0.14333,1.07079,0.97097,-0.04306,81
5,20004.453,0.42216,0.02201,0.01999,1.34104,-0.33364,15829.126,0.44597,5e-05,22.48202,0.87635,-0.17945,0.84734,1.10899,-0.05939,81
2,20004.453,0.3735,0.02127,0.01999,1.02944,-0.29513,15829.126,0.38592,-0.00014,28.40909,0.65693,-0.12506,1.07079,0.80402,-0.03715,81
1,20004.453,0.71998,0.02352,0.01999,1.3613,-0.29215,0.08153,1.29551,0.00116,28.40909,0.99982,-0.12719,1.07079,1.15623,-0.03758,81
1,20004.453,0.27866,0.02447,0.01999,1.05201,-0.32627,15829.126,0.3055,5e-05,22.48202,0.64703,-0.14866,0.84734,0.81442,-0.04558,81
2,20004.453,0.37389,0.02065,0.01999,1.01276,-0.28582,15829.126,0.38661,0.00092,28.40909,0.65611,-0.12234,1.35352,0.80047,-0.03662,81
2,20004.453,0.37307,0.02105,0.01999,1.01533,-0.28641,15829.126,0.38592,-0.00011,28.40909,0.65671,-0.12307,1.07079,0.8051,-0.03686,81
2,20004.453,0.44617,0.02246,0.01999,1.18268,-0.30372,15829.126,0.48025,-0.00246,28.40909,0.79255,-0.14469,1.07079,0.97111,-0.04317,81
1,20004.453,0.35809,0.04656,0.01999,1.33958,-0.35656,12516.703,0.38816,0.00212,22.48202,0.84106,-0.2034,0.67072,1.11304,-0.06318,81
1,20004.453,0.277,0.02578,0.01999,1.03626,-0.3378,15829.126,0.30542,0.00086,28.40909,0.61618,-0.14783,1.07079,0.80787,-0.04453,81
1,20004.453,0.72537,0.02375,0.01999,1.36405,-0.29548,0.67072,1.38883,-0.00027,28.40909,1.00498,-0.12641,1.35352,1.15839,-0.03723,81
2,20004.453,0.37499,0.01899,0.01999,1.0122,-0.29288,15829.126,0.38627,-0.00135,28.40909,0.65737,-0.12258,1.07079,0.80446,-0.03692,81
5,20004.453,0.42282,0.02332,0.01999,1.33459,-0.33242,15829.126,0.44779,8e-05,22.48202,0.87055,-0.17726,0.84734,1.09969,-0.05846,81
1,20004.453,0.27745,0.02368,0.01999,1.03779,-0.31211,15829.126,0.30584,7e-05,28.40909,0.61904,-0.14936,1.07079,0.81235,-0.04503,81
2,20004.453,0.44408,0.02165,0.01999,1.17868,-0.3112,15829.126,0.45854,0.00157,28.40909,0.79166,-0.14299,1.35352,0.96503,-0.04327,81
1,20004.453,0.2779,0.02536,0.01999,1.03154,-0.31356,15829.126,0.30746,4e-05,22.48202,0.64602,-0.14904,1.07079,0.80951,-0.04532,81
5,20004.453,0.42243,0.02247,0.01999,1.32862,-0.33255,15829.126,0.44927,8e-05,22.48202,0.8722,-0.17772,0.84734,1.09972,-0.05856,81
2,20004.453,0.44506,0.02259,0.01999,1.18501,-0.30297,15829.126,0.45967,0.00152,28.40909,0.78917,-0.14494,1.07079,0.9695,-0.04356,81
1,20004.453,0.7266,0.02317,0.01999,1.37989,-0.2854,12516.703,0.74221,-0.00126,28.40909,1.00824,-0.12618,1.35352,1.16365,-0.03788,81
1,20004.453,0.73015,0.02381,0.01999,1.37344,-0.29318,15829.126,0.74591,0.00185,22.48202,1.03676,-0.12576,1.07079,1.1682,-0.03777,81
1,20004.453,0.35759,0.04578,0.01999,1.34793,-0.3605,12516.703,0.38867,0.00135,22.48202,0.84433,-0.20626,0.67072,1.12114,-0.06377,81
5,20004.453,0.42466,0.02334,0.01999,1.33017,-0.3328,15829.126,0.45123,0.00072,22.48202,0.87239,-0.17823,0.84734,1.10224,-0.05864,81
1,20004.453,0.27716,0.02566,0.01999,1.04428,-0.3367,15829.126,0.30775,-5e-05,22.48202,0.64648,-0.1492,1.07079,0.80872,-0.04498,81
2,20004.453,0.37454,0.01915,0.01999,1.02385,-0.28547,15829.126,0.38593,-0.00147,28.40909,0.65928,-0.1244,1.35352,0.80352,-0.0373,81
1,20004.453,0.73119,0.02425,0.01999,1.3761,-0.29341,12516.703,0.74855,-0.00177,22.48202,1.0383,-0.12623,1.07079,1.17055,-0.03818,81
2,20004.453,0.44301,0.02123,0.01999,1.19432,-0.30641,0.08153,1.0631,8e-05,28.40909,0.78928,-0.14364,1.07079,0.96954,-0.04386,81
2,20004.453,0.37347,0.02039,0.01999,1.02308,-0.28562,15829.126,0.38686,-0.00023,28.40909,0.65856,-0.1229,1.07079,0.80754,-0.03721,81
1,20004.453,0.73606,0.02354,0.01999,1.38415,-0.2866,15829.126,0.75232,0.00142,28.40909,1.01633,-0.12712,1.07079,1.17506,-0.03754,81
1,20004.453,0.35817,0.04599,0.01999,1.36986,-0.3618,0.67072,1.38123,-0.00067,22.48202,0.84366,-0.20782,0.67072,1.12164,-0.06306,81
5,20004.453,0.42297,0.02199,0.01999,1.33202,-0.33391,15829.126,0.44876,-0.00084,22.48202,0.8764,-0.17921,0.84734,1.10766,-0.05897,81
1,20004.453,0.74126,0.02255,0.01999,1.38538,-0.29714,15829.126,0.76007,0.00086,28.40909,1.02262,-0.12561,1.07079,1.18229,-0.03776,81
2,20004.453,0.37481,0.01953,0.01999,1.02394,-0.28618,15829.126,0.38542,-0.00025,28.40909,0.65897,-0.12311,1.35352,0.80458,-0.03688,81
2,20004.453,0.44376,0.02231,0.01999,1.1775,-0.31455,15829.126,0.45874,0.00095,28.40909,0.78899,-0.14306,1.07079,0.97069,-0.04416,81
1,20004.453,0.75117,0.0237,0.01999,1.40861,-0.2901,12516.703,0.76583,-0.00148,28.40909,1.03122,-0.12629,1.07079,1.18789,-0.03825,80
2,20004.453,0.37519,0.02067,0.01999,1.01878,-0.28638,15829.126,0.3873,-0.00119,28.40909,0.65911,-0.12297,1.07079,0.808,-0.0375,80
1,20004.453,0.75502,0.02362,0.01999,1.40746,-0.28586,0.41976,1.47587,0.00135,28.40909,1.03168,-0.12738,1.07079,1.19148,-0.03802,80
1,20004.453,0.35806,0.04724,0.01999,1.36664,-0.35542,12516.703,0.38511,0.00132,22.48202,0.84263,-0.20772,0.67072,1.12233,-0.06345,80
1,20004.453,0.27712,0.02547,0.01999,1.04306,-0.31226,15829.126,0.30551,0.00026,22.48202,0.64872,-0.15071,1.07079,0.81419,-0.04549,80
2,20004.453,0.37579,0.02012,0.01999,1.02711,-0.28562,0.67072,1.04286,-0.00061,35.93134,0.6339,-0.12324,1.35352,0.80614,-0.03744,80
5,20004.453,0.42221,0.02311,0.01999,1.34401,-0.33387,15829.126,0.44817,0.00037,22.48202,0.87449,-0.17975,0.67072,1.11241,-0.05944,80
2,20004.453,0.4494,0.02128,0.01999,1.201,-0.30859,15829.126,0.46458,0.0023,22.48202,0.81904,-0.14356,1.07079,0.97328,-0.04363,80
2,20004.453,0.44364,0.02332,0.01999,1.19412,-0.30406,0.05102,0.96587,0.00026,28.40909,0.78987,-0.14401,1.35352,0.96731,-0.04438,80
2,20004.453,0.44607,0.02175,0.01999,1.199,-0.31161,15829.126,0.47913,-0.00248,28.40909,0.78764,-0.14431,1.07079,0.97067,-0.04411,80
2,20004.453,0.44532,0.02227,0.01999,1.18192,-0.31099,0.05102,0.90975,-0.00069,28.40909,0.78772,-0.14543,1.07079,0.97047,-0.04399,80
2,20004.453,0.44398,0.02134,0.01999,1.18393,-0.31178,15829.126,0.45799,0.0004,28.40909,0.78965,-0.14422,1.07079,0.97128,-0.04381,80
5,20004.453,0.42416,0.02445,0.01999,1.33778,-0.34264,15829.126,0.44863,0.0001,22.48202,0.87622,-0.18055,0.84734,1.11235,-0.059,80
2,20004.453,0.44144,0.02173,0.01999,1.18646,-0.31213,15829.126,0.45633,0.00176,28.40909,0.78805,-0.14523,1.07079,0.97335,-0.04413,80
1,20004.453,0.27898,0.02439,0.01999,1.03789,-0.32051,15829.126,0.30675,-2e-05,22.48202,0.64963,-0.1516,1.07079,0.81619,-0.0453,80
2,20004.453,0.37459,0.01977,0.01999,1.01931,-0.2936,15829.126,0.38816,-0.00215,28.40909,0.66027,-0.12479,1.07079,0.80977,-0.03742,80
1,20004.453,0.75651,0.02288,0.01999,1.40986,-0.28604,0.20791,1.53419,1e-05,22.48202,1.06012,-0.12655,1.07079,1.19685,-0.03802,80
1,20004.453,0.35854,0.0451,0.01999,1.35551,-0.35654,0.04042,0.96562,0.00097,22.48202,0.84426,-0.20773,0.84734,1.11939,-0.06446,80
1,20004.453,0.27736,0.0236,0.01999,1.03705,-0.31449,15829.126,0.30678,-0.00014,28.40909,0.61599,-0.14986,1.07079,0.81331,-0.0456,80
1,20004.453,0.75909,0.02273,0.01999,1.40651,-0.29332,15829.126,0.77494,0.00064,22.48202,1.06366,-0.12804,1.07079,1.1998,-0.038,80
1,20004.453,0.75845,0.0227,0.01999,1.4228,-0.29365,15829.126,0.7764,8e-05,28.40909,1.03799,-0.12653,1.07079,1.19932,-0.03881,80
1,20004.453,0.27847,0.02473,0.01999,1.04614,-0.31286,15829.126,0.30659,-6e-05,22.48202,0.64838,-0.15199,1.07079,0.81735,-0.04564,80
1,20004.453,0.75789,0.02213,0.01999,1.40372,-0.28968,15829.126,0.7719,0.00137,28.40909,1.03482,-0.12653,1.07079,1.1967,-0.03762,80
1,20004.453,0.27878,0.02543,0.01999,1.03343,-0.32445,15829.126,0.3073,-8e-05,22.48202,0.64585,-0.15126,0.84734,0.81753,-0.04564,80
1,20004.453,0.75301,0.02366,0.01999,1.40285,-0.28881,15829.126,0.77225,0.00193,22.48202,1.06079,-0.12669,1.07079,1.19526,-0.03784,80
2,20004.453,0.45193,0.02188,0.01999,1.18495,-0.31466,15829.126,0.48244,-0.00267,28.40909,0.79267,-0.14517,1.07079,0.97601,-0.04448,80
2,20004.453,0.44348,0.02126,0.01999,1.18734,-0.3042,0.08153,1.05755,-8e-05,28.40909,0.78796,-0.14543,1.07079,0.97236,-0.04458,80
2,20004.453,0.376,0.01957,0.01999,1.02099,-0.2924,15829.126,0.38809,-0.00018,28.40909,0.65995,-0.12503,1.35352,0.80848,-0.03757,80
5,20004.453,0.42511,0.0213,0.01999,1.34268,-0.33695,15829.126,0.44964,0.00025,22.48202,0.87645,-0.18151,0.84734,1.11499,-0.05996,80
2,20004.453,0.44918,0.02194,0.01999,1.18904,-0.30582,15829.126,0.46189,0.00188,28.40909,0.79021,-0.14452,1.07079,0.9746,-0.04429,80
2,20004.453,0.37673,0.02086,0.01999,1.03542,-0.30842,15829.126,0.38877,0.00039,28.40909,0.6595,-0.12424,1.07079,0.81196,-0.03802,80
1,20004.453,0.27955,0.02541,0.01999,1.04363,-0.31198,15829.126,0.30632,0.0002,22.48202,0.64562,-0.15014,1.07079,0.81423,-0.04545,80
2,20004.453,0.37579,0.01916,0.01999,1.03657,-0.29044,15829.126,0.38813,-0.00116,28.40909,0.65835,-0.12439,1.35352,0.80987,-0.03819,80
1,20004.453,0.35852,0.04527,0.01999,1.36052,-0.3655,12516.703,0.38757,0.00206,17.79613,0.88534,-0.20907,0.67072,1.12928,-0.06397,80
2,20004.453,0.44361,0.02261,0.01999,1.18505,-0.30821,15829.126,0.45821,0.00094,28.40909,0.78869,-0.14691,1.07079,0.97428,-0.04388,80
5,20004.453,0.4252,0.0221,0.01999,1.33621,-0.34318,2.16054,1.079,-0.00044,22.48202,0.87552,-0.18129,0.84734,1.11182,-0.05999,80
2,20004.453,0.45182,0.02058,0.01999,1.20228,-0.30575,0.06443,1.15517,-0.00064,28.40909,0.79078,-0.14407,0.84734,0.98069,-0.04431,80
1,20004.453,0.75279,0.02209,0.01999,1.40131,-0.29562,15829.126,0.76947,0.00123,22.48202,1.05997,-0.12722,1.07079,1.19458,-0.03841,80
2,20004.453,0.44689,0.02144,0.01999,1.19288,-0.31335,15829.126,0.45804,0.00162,28.40909,0.78975,-0.14762,0.84734,0.98323,-0.04481,80
2,20004.453,0.3744,0.01852,0.01999,1.02369,-0.29776,0.53067,1.00414,-0.00026,28.40909,0.66024,-0.12473,1.07079,0.81448,-0.03799,80
5,20004.453,0.4238,0.02335,0.01999,1.35565,-0.34161,15829.126,0.44901,2e-05,22.48202,0.87608,-0.18169,0.84734,1.11317,-0.05919,80
2,20004.453,0.37508,0.01867,0.01999,1.0292,-0.28731,15829.126,0.38904,-0.00145,28.40909,0.6603,-0.12441,1.07079,0.81354,-0.03782,80
1,20004.453,0.35781,0.04626,0.01999,1.36694,-0.35496,12516.703,0.38905,0.00241,22.48202,0.84491,-0.20952,0.53067,1.13361,-0.06439,80
2,20004.453,0.45084,0.02135,0.01999,1.20301,-0.30569,15829.126,0.46344,0.00269,28.40909,0.79357,-0.14637,0.84734,0.98216,-0.04481,80
1,20004.453,0.75101,0.02452,0.01999,1.4056,-0.28793,15829.126,0.76798,0.00163,28.40909,1.03025,-0.12856,1.07079,1.19471,-0.03835,80
1,20004.453,0.7477,0.02106,0.01999,1.39901,-0.29009,15829.126,0.76622,0.0015,28.40909,1.02987,-0.12875,1.07079,1.19179,-0.03835,80
2,20004.453,0.37491,0.02142,0.01999,1.02439,-0.29653,15829.126,0.38763,-0.00163,28.40909,0.65848,-0.12566,1.07079,0.81469,-0.03815,80
1,20004.453,0.27801,0.02291,0.01999,1.06306,-0.32529,15829.126,0.30594,-0.00049,22.48202,0.64763,-0.1527,0.84734,0.82204,-0.0459,80
5,20004.453,0.42515,0.02176,0.01999,1.34255,-0.34405,15829.126,0.45154,-0.00019,22.48202,0.87517,-0.1821,0.67072,1.12166,-0.05964,80
2,20004.453,0.37647,0.01998,0.01999,1.0443,-0.30343,0.06443,1.02993,0.00045,28.40909,0.66176,-0.12743,1.07079,0.8158,-0.03819,80
1,20004.453,0.74924,0.02223,0.01999,1.39853,-0.29545,0.08153,1.2101,9e-05,22.48202,1.05431,-0.12856,1.07079,1.19156,-0.03852,80
1,20004.453,0.75114,0.02184,0.01999,1.4002,-0.2968,15829.126,0.76831,0.00214,28.40909,1.02957,-0.12877,1.35352,1.19059,-0.0385,80
2,20004.453,0.45023,0.02126,0.01999,1.19302,-0.30574,15829.126,0.46471,0.00107,28.40909,0.79066,-0.14624,1.07079,0.97777,-0.04458,80
1,20004.453,0.75043,0.02346,0.01999,1.40927,-0.28778,15829.126,0.76536,0.00104,28.40909,1.02943,-0.12694,1.07079,1.19284,-0.03897,80
2,20004.453,0.44741,0.02078,0.01999,1.19708,-0.32727,15829.126,0.46112,0.00246,28.40909,0.79054,-0.14615,1.07079,0.97896,-0.04446,80
2,20004.453,0.44841,0.02132,0.01999,1.19442,-0.30524,0.67072,1.25177,-0.00242,22.48202,0.81703,-0.14528,1.07079,0.9779,-0.04458,80
2,20004.453,0.37471,0.0176,0.01999,1.03539,-0.28898,15829.126,0.38759,-0.00027,28.40909,0.6602,-0.12632,1.35352,0.8132,-0.0382,80
1,20004.453,0.35982,0.04646,0.01999,1.37815,-0.37962,12516.703,0.38927,0.00139,17.79613,0.88599,-0.20921,0.67072,1.13262,-0.06414,80
5,20004.453,0.42418,0.02346,0.01999,1.33612,-0.33812,15829.126,0.45284,-0.0,22.48202,0.87393,-0.18071,0.84734,1.1121,-0.0594,80
2,20004.453,0.37546,0.01893,0.01999,1.02578,-0.2973,15829.126,0.38852,-0.00124,28.40909,0.66004,-0.12674,1.07079,0.81611,-0.03815,80
1,20004.453,0.27873,0.02431,0.01999,1.04235,-0.32364,15829.126,0.30681,-0.00025,22.48202,0.64703,-0.15243,1.07079,0.81949,-0.04545,80
1,20004.453,0.35915,0.0451,0.01999,1.36989,-0.35617,1.07079,1.30686,0.00015,22.48202,0.84596,-0.20964,0.53067,1.1377,-0.06502,80
1,20004.453,0.75321,0.0224,0.01999,1.40253,-0.29827,0.53067,1.47649,0.00103,28.40909,1.03291,-0.12935,1.07079,1.19752,-0.03913,79
2,20004.453,0.45258,0.0204,0.01999,1.19891,-0.30657,15829.126,0.4653,0.00152,28.40909,0.78972,-0.14749,1.07079,0.98297,-0.04478,79
2,20004.453,0.44742,0.02313,0.01999,1.20925,-0.30766,15829.126,0.46189,0.00175,28.40909,0.78972,-0.14671,1.07079,0.98409,-0.04474,79
2,20004.453,0.37643,0.01808,0.01999,1.04597,-0.2981,15829.126,0.388,-0.00132,28.40909,0.66215,-0.12617,1.35352,0.81382,-0.03835,79
2,20004.453,0.37558,0.01885,0.01999,1.02996,-0.29089,0.53067,1.08077,-0.00047,28.40909,0.66098,-0.12643,1.07079,0.81805,-0.03773,79
1,20004.453,0.27864,0.02521,0.01999,1.0657,-0.32531,15829.126,0.30449,-0.00088,22.48202,0.64838,-0.15202,0.84734,0.82435,-0.04638,79
1,20004.453,0.75211,0.02145,0.01999,1.42132,-0.2918,15829.126,0.77067,0.00127,28.40909,1.03255,-0.12799,1.07079,1.19898,-0.03882,79
2,20004.453,0.37666,0.01771,0.01999,1.02551,-0.30961,0.67072,1.01731,-0.00177,28.40909,0.66156,-0.12653,1.07079,0.81763,-0.03782,79
2,20004.453,0.4543,0.02173,0.01999,1.20165,-0.30541,15829.126,0.48984,-0.00248,28.40909,0.7931,-0.14681,1.07079,0.984,-0.04452,79
1,20004.453,0.75141,0.02208,0.01999,1.40404,-0.29768,15829.126,0.7688,-3e-05,22.48202,1.05717,-0.12855,1.07079,1.19599,-0.03814,79
2,20004.453,0.37647,0.01839,0.01999,1.03728,-0.28873,15829.126,0.38847,-0.00085,28.40909,0.66104,-0.12613,1.35352,0.81404,-0.03801,79
2,20004.453,0.45178,0.02186,0.01999,1.19684,-0.30973,15829.126,0.46472,0.00083,22.48202,0.82251,-0.14585,1.07079,0.98379,-0.04448,79
1,20004.453,0.75366,0.0212,0.01999,1.4081,-0.29739,15829.126,0.77113,0.00113,22.48202,1.05986,-0.12948,1.07079,1.20081,-0.03878,79
1,20004.453,0.7523,0.02326,0.01999,1.4052,-0.29787,15829.126,0.77007,0.00068,28.40909,1.03277,-0.129,1.07079,1.19859,-0.03875,79
1,20004.453,0.27718,0.02486,0.01999,1.04265,-0.33084,15829.126,0.30635,-0.00024,28.40909,0.61877,-0.15327,1.07079,0.82258,-0.04654,79
1,20004.453,0.35995,0.04655,0.01999,1.36005,-0.37626,2.16054,1.10548,-0.00125,17.79613,0.88605,-0.21034,0.67072,1.13559,-0.06504,79
5,20004.453,0.42503,0.02179,0.01999,1.35388,-0.33672,15829.126,0.45069,0.00035,22.48202,0.87484,-0.18272,0.67072,1.1203,-0.0604,79
1,20004.453,0.74869,0.02116,0.01999,1.40373,-0.29248,15829.126,0.76723,-0.00057,28.40909,1.02786,-0.12934,1.35352,1.19198,-0.03896,79
5,20004.453,0.42508,0.02135,0.01999,1.34393,-0.33863,15829.126,0.45158,0.00057,22.48202,0.87466,-0.1835,0.84734,1.11793,-0.0604,79
1,20004.453,0.2786,0.02432,0.01999,1.05117,-0.31678,15829.126,0.30655,-0.00053,22.48202,0.64826,-0.15344,1.07079,0.82383,-0.04668,79
2,20004.453,0.37605,0.01823,0.01999,1.03458,-0.28937,0.08153,0.97384,-0.00021,28.40909,0.66251,-0.12691,1.07079,0.8183,-0.03835,79
2,20004.453,0.44948,0.02102,0.01999,1.19817,-0.30768,15829.126,0.46382,0.00078,28.40909,0.79188,-0.14675,1.07079,0.98336,-0.0453,79
2,20004.453,0.44901,0.02101,0.01999,1.20123,-0.31563,15829.126,0.4623,0.00113,28.40909,0.79173,-0.14848,1.07079,0.98661,-0.04537,79
5,20004.453,0.4282,0.02522,0.01999,1.35388,-0.35056,15829.126,0.4544,-0.0,22.48202,0.86991,-0.18196,0.84734,1.10997,-0.05884,79
5,20004.453,0.42593,0.02188,0.01999,1.33813,-0.33621,15829.126,0.45129,-0.00045,22.48202,0.87,-0.18196,0.84734,1.11033,-0.06025,79
1,20004.453,0.35964,0.0451,0.01999,1.3651,-0.36637,0.03192,1.558,-0.00122,22.48202,0.84602,-0.21117,0.67072,1.13638,-0.06473,79
1,20004.453,0.74904,0.02331,0.01999,1.40454,-0.29488,15829.126,0.76674,0.00076,22.48202,1.05555,-0.12951,1.07079,1.19681,-0.03914,79
5,20004.453,0.42643,0.02414,0.01999,1.3483,-0.33633,15829.126,0.45205,-0.0003,22.48202,0.87305,-0.18232,0.67072,1.12121,-0.06071,79
1,20004.453,0.27813,0.02279,0.01999,1.05324,-0.31706,15829.126,0.30598,-0.00057,22.48202,0.64915,-0.15439,1.07079,0.82496,-0.04674,79
2,20004.453,0.37569,0.01841,0.01999,1.03612,-0.29037,0.08153,1.23707,0.0006,28.40909,0.66227,-0.12738,1.07079,0.82036,-0.03815,79
5,20004.453,0.42555,0.02235,0.01999,1.35667,-0.33703,15829.126,0.45147,-0.00012,17.79613,0.90947,-0.18105,0.84734,1.11697,-0.06017,79
1,20004.453,0.74552,0.02251,0.01999,1.40246,-0.31144,0.67072,1.41082,-0.00021,22.48202,1.0541,-0.13027,1.07079,1.19657,-0.03891,79
2,20004.453,0.45463,0.02158,0.01999,1.20186,-0.31507,15829.126,0.4691,0.00159,28.40909,0.79146,-0.14724,1.07079,0.98591,-0.04475,79
5,20004.453,0.42635,0.01995,0.01999,1.34417,-0.33665,15829.126,0.45339,-0.0003,22.48202,0.87449,-0.18201,0.67072,1.12055,-0.06031,79
2,20004.453,0.46366,0.02199,0.01999,1.22455,-0.32285,15829.126,0.47968,0.00099,28.40909,0.80129,-0.14759,1.07079,0.9939,-0.04499,79
2,20004.453,0.37509,0.0191,0.01999,1.03021,-0.30132,15829.126,0.38926,-0.00054,28.40909,0.66238,-0.12855,1.35352,0.8184,-0.03885,79
2,20004.453,0.45352,0.01986,0.01999,1.20292,-0.30721,0.53067,1.28246,-0.00155,28.40909,0.79394,-0.14815,1.07079,0.98669,-0.04475,79
1,20004.453,0.74647,0.02134,0.01999,1.4145,-0.29032,15829.126,0.76193,0.00127,22.48202,1.05396,-0.13,1.07079,1.19582,-0.03991,79
1,20004.453,0.27815,0.02412,0.01999,1.05036,-0.32594,15829.126,0.3063,0.00012,22.48202,0.64902,-0.15563,1.07079,0.82586,-0.04649,79
2,20004.453,0.37679,0.0179,0.01999,1.04075,-0.28908,15829.126,0.39085,-0.00071,28.40909,0.66288,-0.1274,1.35352,0.81858,-0.03881,79
1,20004.453,0.74907,0.02167,0.01999,1.4201,-0.29213,15829.126,0.7654,0.00124,28.40909,1.02919,-0.12992,1.35352,1.1934,-0.03953,79
2,20004.453,0.4523,0.0204,0.01999,1.20123,-0.31521,15829.126,0.46581,0.0007,28.40909,0.79422,-0.14782,1.07079,0.98681,-0.04482,79
5,20004.453,0.4286,0.02335,0.01999,1.33866,-0.33802,15829.126,0.45373,-0.00011,22.48202,0.87004,-0.18044,0.84734,1.11204,-0.05983,79
2,20004.453,0.37605,0.01878,0.01999,1.03236,-0.29548,15829.126,0.3908,-0.00281,28.40909,0.66345,-0.12791,1.07079,0.82226,-0.03813,79
2,20004.453,0.4501,0.02086,0.01999,1.19884,-0.31315,15829.126,0.46489,0.00063,22.48202,0.81964,-0.14856,1.07079,0.98657,-0.04467,79
1,20004.453,0.27826,0.02361,0.01999,1.05432,-0.34439,0.67072,1.03868,-3e-05,22.48202,0.64919,-0.1554,0.84734,0.83111,-0.04696,79
2,20004.453,0.37659,0.01903,0.01999,1.03983,-0.29011,0.41976,1.09578,-0.00186,28.40909,0.66248,-0.12875,1.35352,0.81872,-0.03816,79
1,20004.453,0.35927,0.04625,0.01999,1.38239,-0.35881,0.53067,1.44009,0.00017,17.79613,0.88792,-0.21146,0.67072,1.1392,-0.0653,79
1,20004.453,0.74848,0.02205,0.01999,1.40949,-0.29169,15829.126,0.76514,0.00168,28.40909,1.029,-0.13027,1.07079,1.1983,-0.03894,79
2,20004.453,0.44876,0.01984,0.01999,1.20271,-0.31537,15829.126,0.46346,0.00088,28.40909,0.79206,-0.14823,1.07079,0.98671,-0.04533,79
5,20004.453,0.45597,0.02041,0.01999,1.48289,-0.39482,0.10309,1.21005,-0.00089,14.06813,0.95342,-0.21111,0.67072,1.21297,-0.07083,79
5,20004.453,0.42873,0.02283,0.01999,1.33852,-0.34344,15829.126,0.45701,0.00044,22.48202,0.86867,-0.18209,0.84734,1.11226,-0.05945,79
5,20004.453,0.45926,0.02111,0.01999,1.46842,-0.40568,15829.126,0.47034,0.00134,14.06813,0.94849,-0.21144,0.53067,1.21851,-0.07191,79
1,20004.453,0.27915,0.02556,0.01999,1.05748,-0.3181,15829.126,0.30617,-0.00061,22.48202,0.64949,-0.15572,1.07079,0.82833,-0.04752,79
5,20004.453,0.4265,0.02133,0.01999,1.34967,-0.34552,15829.126,0.45353,-2e-05,22.48202,0.87312,-0.18368,0.67072,1.1258,-0.05984,79
1,20004.453,0.40553,0.04152,0.01999,1.53023,-0.40511,12516.703,0.43341,-0.00049,14.06813,0.94455,-0.24476,0.53067,1.26143,-0.07976,79
1,20004.453,0.2802,0.02413,0.01999,1.06038,-0.3175,0.33183,1.1197,-9e-05,22.48202,0.64878,-0.15587,1.07079,0.82896,-0.047,79
2,20004.453,0.37681,0.0183,0.01999,1.05578,-0.29943,0.67072,1.04703,0.00161,22.48202,0.68866,-0.12803,1.35352,0.82201,-0.03847,79
1,20004.453,0.75143,0.0223,0.01999,1.42978,-0.3003,0.67072,1.43962,0.0002,22.48202,1.05768,-0.13078,0.84734,1.20507,-0.03974,79
2,20004.453,0.4738,0.02122,0.01999,1.23221,-0.30839,15829.126,0.48968,0.00253,22.48202,0.84077,-0.14877,1.07079,1.00734,-0.04547,79
5,20004.453,0.4294,0.02283,0.01999,1.34803,-0.3362,15829.126,0.45522,0.00031,22.48202,0.87097,-0.18149,0.84734,1.11325,-0.05998,79
1,20004.453,0.27923,0.02493,0.01999,1.05993,-0.31717,0.67072,1.0502,3e-05,22.48202,0.64869,-0.15561,1.07079,0.8271,-0.04776,79
5,20004.453,0.46003,0.02067,0.01999,1.46194,-0.38547,0.26261,1.24515,-0.0014,14.06813,0.94373,-0.21446,0.67072,1.21767,-0.07256,79
2,20004.453,0.47738,0.0209,0.01999,1.22736,-0.30894,15829.126,0.49212,0.00092,28.40909,0.81641,-0.14777,1.07079,1.01181,-0.04507,79
2,20004.453,0.45344,0.0204,0.01999,1.20459,-0.31494,15829.126,0.46689,0.00089,22.48202,0.82473,-0.14882,0.84734,0.99418,-0.04533,79
2,20004.453,0.3762,0.01905,0.01999,1.04406,-0.29094,20004.453,0.40073,0.00169,28.40909,0.66472,-0.12762,1.35352,0.82121,-0.03893,79
1,20004.453,0.41001,0.04053,0.01999,1.51957,-0.43819,12516.703,0.4345,-0.00073,11.1448,0.99629,-0.24516,0.53067,1.27402,-0.08059,79
5,20004.453,0.42571,0.02258,0.01999,1.36464,-0.34241,15829.126,0.45001,8e-05,22.48202,0.87557,-0.18434,0.67072,1.12666,-0.06045,79
2,20004.453,0.37779,0.01897,0.01999,1.05344,-0.31286,0.67072,1.04881,0.00025,28.40909,0.66415,-0.12887,0.84734,0.82844,-0.03867,79
5,20004.453,0.4314,0.02276,0.01999,1.36731,-0.33985,15829.126,0.45976,5e-05,22.48202,0.87463,-0.18505,0.67072,1.13095,-0.06103,78
1,20004.453,0.41308,0.04055,0.01999,1.57361,-0.41395,12516.703,0.44072,-0.00083,11.1448,0.99971,-0.2538,0.53067,1.29247,-0.08353,78
1,20004.453,0.75042,0.02184,0.01999,1.41707,-0.29101,15829.126,0.76922,0.00137,28.40909,1.0303,-0.12999,1.07079,1.20331,-0.03922,78
1,20004.453,0.75113,0.01952,0.01999,1.41124,-0.30324,15829.126,0.76955,0.0001,22.48202,1.05931,-0.13135,1.35352,1.20186,-0.03973,78
5,20004.453,0.42592,0.02234,0.01999,1.35827,-0.33715,15829.126,0.45235,0.00021,22.48202,0.87463,-0.18382,0.67072,1.12558,-0.06047,78
1,20004.453,0.40929,0.04158,0.01999,1.53296,-0.4425,12516.703,0.44155,-0.00067,11.1448,0.99749,-0.25068,0.53067,1.28599,-0.0815,78
1,20004.453,0.27975,0.0254,0.01999,1.05294,-0.3256,15829.126,0.30769,-0.00137,22.48202,0.64955,-0.15526,0.84734,0.83275,-0.04705,78
2,20004.453,0.48138,0.02219,0.01999,1.23479,-0.30701,0.26261,1.37123,-0.00047,28.40909,0.81939,-0.14861,1.07079,1.01557,-0.04551,78
2,20004.453,0.45063,0.02275,0.01999,1.20995,-0.30807,15829.126,0.4656,-0.00051,28.40909,0.79268,-0.14881,1.07079,0.99089,-0.04573,78
1,20004.453,0.75052,0.02256,0.01999,1.41045,-0.29762,15829.126,0.76574,-0.00096,22.48202,1.0582,-0.13166,1.07079,1.20172,-0.03904,78
2,20004.453,0.37692,0.0181,0.01999,1.03679,-0.30082,0.10309,0.92889,-4e-05,28.40909,0.66261,-0.12923,0.84734,0.82934,-0.03908,78
1,20004.453,0.28037,0.02448,0.01999,1.06285,-0.31819,0.08153,0.94488,-4e-05,22.48202,0.64971,-0.15652,1.07079,0.83033,-0.04771,78
2,20004.453,0.47442,0.02133,0.01999,1.22963,-0.31656,0.08153,1.11296,-0.00042,22.48202,0.84358,-0.15022,1.07079,1.01375,-0.04547,78
2,20004.453,0.37757,0.01729,0.01999,1.05582,-0.2978,20004.453,0.39979,0.00172,28.40909,0.663,-0.12859,1.35352,0.82352,-0.03914,78
1,20004.453,0.41433,0.04253,0.01999,1.56108,-0.4266,12516.703,0.44318,-5e-05,11.1448,0.99848,-0.25419,0.53067,1.3028,-0.08682,78
5,20004.453,0.45946,0.02036,0.01999,1.48626,-0.37408,15829.126,0.4705,0.0017,11.1448,0.98971,-0.21752,0.53067,1.23446,-0.07445,78
1,20004.453,0.35841,0.04657,0.01999,1.37053,-0.36092,12516.703,0.39128,0.00187,22.48202,0.84663,-0.21222,0.67072,1.13829,-0.06599,78
5,20004.453,0.43046,0.02246,0.01999,1.35779,-0.33722,15829.126,0.45804,9e-05,22.48202,0.87055,-0.18203,0.67072,1.12187,-0.05976,78
1,20004.453,0.36076,0.04576,0.01999,1.36735,-0.3581,12516.703,0.38913,0.00107,17.79613,0.88554,-0.21132,0.67072,1.13647,-0.0655,78
2,20004.453,0.37712,0.01854,0.01999,1.05821,-0.29794,20004.453,0.4009,0.0009,22.48202,0.6911,-0.12926,1.35352,0.82598,-0.03955,78
1,20004.453,0.27925,0.02297,0.01999,1.06729,-0.31828,15829.126,0.3065,0.00018,22.48202,0.64721,-0.15587,0.84734,0.83117,-0.04746,78
1,20004.453,0.27929,0.02229,0.01999,1.07415,-0.32649,15829.126,0.30637,-0.00054,22.48202,0.64837,-0.15743,1.07079,0.82708,-0.04788,78
5,20004.453,0.43295,0.023,0.01999,1.34816,-0.34579,15829.126,0.45973,-0.00016,22.48202,0.87082,-0.1825,0.84734,1.11807,-0.05981,78
1,20004.453,0.74967,0.02151,0.01999,1.41169,-0.29714,15829.126,0.76642,-0.00064,22.48202,1.05599,-0.13145,1.07079,1.20274,-0.03927,78
2,20004.453,0.47416,0.01994,0.01999,1.24334,-0.32681,15829.126,0.48817,0.00142,22.48202,0.84419,-0.14876,0.84734,1.01671,-0.04529,78
1,20004.453,0.2787,0.02475,0.01999,1.07639,-0.33362,15829.126,0.30899,-8e-05,22.48202,0.64675,-0.15494,1.07079,0.82721,-0.04739,78
1,20004.453,0.36004,0.04472,0.01999,1.37539,-0.3609,12516.703,0.38994,0.00136,17.79613,0.88932,-0.21304,0.67072,1.1436,-0.06611,78
2,20004.453,0.37819,0.01708,0.01999,1.05244,-0.29265,0.67072,1.06876,-0.00058,22.48202,0.69142,-0.12905,1.07079,0.8295,-0.03958,78
1,20004.453,0.74949,0.02089,0.01999,1.41247,-0.30213,0.13007,1.29798,-0.00102,28.40909,1.03061,-0.13211,1.35352,1.20187,-0.04045,78
1,20004.453,0.36062,0.04511,0.01999,1.3949,-0.36326,12516.703,0.38793,0.0018,17.79613,0.88933,-0.21367,0.67072,1.14496,-0.06532,78
2,20004.453,0.37778,0.01696,0.01999,1.06309,-0.30323,20004.453,0.40269,0.0009,22.48202,0.69025,-0.12942,1.07079,0.82941,-0.03942,78
5,20004.453,0.42768,0.02239,0.01999,1.35956,-0.33772,15829.126,0.45426,0.00013,22.48202,0.876,-0.18481,0.67072,1.12929,-0.06127,78
2,20004.453,0.48043,0.02184,0.01999,1.23627,-0.31693,0.04042,1.58998,-5e-05,22.48202,0.8477,-0.15003,1.07079,1.01971,-0.04597,78
1,20004.453,0.36151,0.04214,0.01999,1.38871,-0.36658,12516.703,0.38843,0.00119,22.48202,0.84517,-0.21129,0.67072,1.13764,-0.06491,78
1,20004.453,0.74886,0.02062,0.01999,1.41398,-0.30246,15829.126,0.76505,0.00061,22.48202,1.05656,-0.13194,1.07079,1.2042,-0.04039,78
1,20004.453,0.75004,0.0208,0.01999,1.42969,-0.29374,15829.126,0.76648,0.00018,22.48202,1.05826,-0.13289,1.07079,1.20598,-0.03999,78
2,20004.453,0.37713,0.01663,0.01999,1.06053,-0.29549,20004.453,0.4012,0.00196,22.48202,0.69198,-0.12977,1.07079,0.83075,-0.0397,78
2,20004.453,0.37755,0.01838,0.01999,1.04299,-0.29885,0.67072,1.07299,-0.00035,22.48202,0.69229,-0.12944,1.07079,0.83092,-0.03886,78
5,20004.453,0.42723,0.02079,0.01999,1.35711,-0.33863,0.67072,1.38085,8e-05,22.48202,0.87599,-0.18432,0.67072,1.13058,-0.06153,78
1,20004.453,0.28024,0.02259,0.01999,1.07893,-0.32333,0.67072,1.03306,-0.00096,22.48202,0.64915,-0.15846,1.07079,0.83367,-0.04834,78
2,20004.453,0.3775,0.01774,0.01999,1.04025,-0.30714,20004.453,0.40117,0.00159,28.40909,0.66431,-0.12914,1.07079,0.8313,-0.0397,78
5,20004.453,0.42996,0.02244,0.01999,1.35394,-0.3462,15829.126,0.45519,1e-05,22.48202,0.87368,-0.18453,0.84734,1.12249,-0.06031,78
1,20004.453,0.7499,0.02104,0.01999,1.41686,-0.29603,15829.126,0.76538,9e-05,22.48202,1.05834,-0.13277,1.07079,1.20624,-0.04017,78
2,20004.453,0.47543,0.02053,0.01999,1.23356,-0.31152,15829.126,0.49024,0.00065,22.48202,0.84593,-0.15194,1.07079,1.0181,-0.04615,78
5,20004.453,0.43021,0.02199,0.01999,1.35566,-0.34732,15829.126,0.45635,-0.00081,22.48202,0.87447,-0.18444,0.84734,1.12696,-0.0605,78
1,20004.453,0.27965,0.02382,0.01999,1.06254,-0.32033,15829.126,0.30749,-0.00125,22.48202,0.64708,-0.15952,1.07079,0.83177,-0.04817,78
1,20004.453,0.75023,0.02046,0.01999,1.41748,-0.29844,15829.126,0.76655,0.0002,22.48202,1.05845,-0.13255,1.07079,1.20816,-0.04032,78
1,20004.453,0.28041,0.02257,0.01999,1.06332,-0.32539,15829.126,0.30723,-0.00083,22.48202,0.64831,-0.15842,1.07079,0.83576,-0.04778,78
1,20004.453,0.27946,0.0228,0.01999,1.06547,-0.3198,15829.126,0.3077,-0.00109,22.48202,0.64589,-0.15791,1.07079,0.8313,-0.04821,78
2,20004.453,0.47154,0.01946,0.01999,1.23453,-0.31118,15829.126,0.48436,0.0008,22.48202,0.84279,-0.15038,1.07079,1.01576,-0.04655,78
5,20004.453,0.43253,0.02173,0.01999,1.35734,-0.33723,15829.126,0.45895,-8e-05,17.79613,0.90545,-0.1827,0.67072,1.12302,-0.06069,78
2,20004.453,0.47034,0.02154,0.01999,1.24488,-0.32368,15829.126,0.48638,0.00034,22.48202,0.83989,-0.1506,0.84734,1.01567,-0.04577,78
1,20004.453,0.75204,0.02071,0.01999,1.41906,-0.31672,15829.126,0.76879,-0.0017,22.48202,1.06045,-0.1338,1.07079,1.20897,-0.04026,78
1,20004.453,0.27809,0.02262,0.01999,1.07272,-0.32038,15829.126,0.3077,-0.00153,22.48202,0.64697,-0.15873,1.07079,0.83283,-0.04857,78
1,20004.453,0.75007,0.02117,0.01999,1.41879,-0.30191,15829.126,0.76813,-0.00098,22.48202,1.05882,-0.13247,1.07079,1.2084,-0.04037,78
2,20004.453,0.37882,0.01676,0.01999,1.04892,-0.29675,0.08153,0.9915,-0.00064,22.48202,0.69156,-0.13089,1.07079,0.83617,-0.03945,78
1,20004.453,0.75016,0.01998,0.01999,1.41891,-0.30615,15829.126,0.76841,-0.00012,22.48202,1.0617,-0.13422,1.07079,1.21092,-0.04071,77
5,20004.453,0.43054,0.02119,0.01999,1.36495,-0.34347,15829.126,0.45787,-2e-05,22.48202,0.87234,-0.18238,0.67072,1.126,-0.05966,77
1,20004.453,0.7498,0.02055,0.01999,1.42883,-0.31943,15829.126,0.76697,-6e-05,22.48202,1.05968,-0.13276,1.07079,1.20896,-0.04048,77
2,20004.453,0.47354,0.02128,0.01999,1.23262,-0.31312,15829.126,0.4889,0.0015,22.48202,0.84345,-0.15107,1.07079,1.01707,-0.04575,77
2,20004.453,0.46534,0.02096,0.01999,1.2238,-0.31756,15829.126,0.48067,0.00127,28.40909,0.80331,-0.15238,1.07079,1.00662,-0.04604,77
5,20004.453,0.43264,0.02263,0.01999,1.36055,-0.34224,15829.126,0.45732,-0.00041,17.79613,0.91025,-0.18575,0.67072,1.13618,-0.0622,77
5,20004.453,0.43414,0.02277,0.01999,1.35541,-0.34082,15829.126,0.46076,-0.00079,17.79613,0.9084,-0.18394,0.67072,1.13169,-0.06148,77
1,20004.453,0.75278,0.02062,0.01999,1.43114,-0.29394,15829.126,0.76948,-0.00076,22.48202,1.0601,-0.13308,1.07079,1.21125,-0.0405,77
2,20004.453,0.46869,0.02119,0.01999,1.24437,-0.31402,15829.126,0.48498,0.00253,22.48202,0.83886,-0.15175,0.84734,1.01609,-0.04639,77
2,20004.453,0.37922,0.01605,0.01999,1.05316,-0.29513,20004.453,0.40336,0.00042,28.40909,0.66765,-0.13141,1.07079,0.8359,-0.03984,77
2,20004.453,0.46514,0.02263,0.01999,1.22358,-0.31565,15829.126,0.47957,0.00076,22.48202,0.83253,-0.15261,1.07079,1.00832,-0.0461,77
2,20004.453,0.38089,0.01761,0.01999,1.04526,-0.29775,0.67072,1.05432,0.001,28.40909,0.67052,-0.13219,1.07079,0.83793,-0.03971,77
5,20004.453,0.43378,0.02284,0.01999,1.35521,-0.34729,15829.126,0.46217,-0.00054,22.48202,0.87216,-0.18572,0.67072,1.13091,-0.06052,77
2,20004.453,0.37827,0.01688,0.01999,1.06931,-0.30231,20004.453,0.40215,0.00038,22.48202,0.69495,-0.13181,1.35352,0.83313,-0.04017,77
2,20004.453,0.46805,0.02103,0.01999,1.22978,-0.30951,15829.126,0.48214,0.00046,22.48202,0.83414,-0.15216,1.07079,1.0089,-0.0461,77
5,20004.453,0.45976,0.0185,0.01999,1.52005,-0.37865,15829.126,0.48301,-0.00166,11.1448,0.99197,-0.2249,0.53067,1.25666,-0.07697,77
5,20004.453,0.43261,0.0225,0.01999,1.36467,-0.34902,15829.126,0.46085,0.00056,17.79613,0.91277,-0.18646,0.67072,1.13891,-0.06113,77
5,20004.453,0.43798,0.02276,0.01999,1.37659,-0.34068,0.53067,1.43882,6e-05,17.79613,0.9145,-0.18697,0.84734,1.13954,-0.0622,77
1,20004.453,0.27843,0.02453,0.01999,1.07272,-0.32086,15829.126,0.30753,-0.001,22.48202,0.64682,-0.15789,1.07079,0.83701,-0.04923,77
1,20004.453,0.36113,0.04615,0.01999,1.37444,-0.36614,12516.703,0.3911,0.00136,17.79613,0.88547,-0.21346,0.67072,1.14028,-0.06599,77
1,20004.453,0.75399,0.02233,0.01999,1.43062,-0.29442,15829.126,0.77067,-0.00013,28.40909,1.03465,-0.13404,1.07079,1.2135,-0.04044,77
5,20004.453,0.43899,0.02142,0.01999,1.37064,-0.33937,15829.126,0.4652,-0.00017,17.79613,0.90971,-0.18461,0.67072,1.13369,-0.06092,77
2,20004.453,0.37869,0.01686,0.01999,1.06135,-0.29456,0.67072,1.07017,3e-05,22.48202,0.69362,-0.13217,1.35352,0.83468,-0.04018,77
1,20004.453,0.27873,0.02309,0.01999,1.07765,-0.3521,0.13007,0.91784,0.0011,22.48202,0.64761,-0.15945,0.84734,0.84385,-0.0484,77
1,20004.453,0.27968,0.02446,0.01999,1.08934,-0.32892,15829.126,0.30666,-0.00122,22.48202,0.64678,-0.16088,1.07079,0.84131,-0.04975,77
2,20004.453,0.37917,0.01599,0.01999,1.05869,-0.29509,20004.453,0.40304,-0.00013,22.48202,0.69331,-0.13098,1.07079,0.83839,-0.04024,77
1,20004.453,0.27945,0.02268,0.01999,1.06016,-0.33609,15829.126,0.30633,-0.00113,22.48202,0.6473,-0.16074,1.07079,0.8353,-0.04905,77
1,20004.453,0.36165,0.0461,0.01999,1.38572,-0.36853,12516.703,0.38904,0.00115,17.79613,0.89177,-0.21707,0.67072,1.15533,-0.06725,77
1,20004.453,0.75323,0.02095,0.01999,1.42386,-0.30398,15829.126,0.77242,-0.00078,22.48202,1.06138,-0.13377,1.07079,1.21317,-0.04031,77
1,20004.453,0.41529,0.04187,0.01999,1.62119,-0.45183,12516.703,0.44369,-0.00053,11.1448,0.99545,-0.25931,0.53067,1.31836,-0.08774,77
2,20004.453,0.46792,0.02156,0.01999,1.23598,-0.31021,15829.126,0.48162,0.00057,22.48202,0.83758,-0.15305,0.84734,1.01797,-0.04692,77
1,20004.453,0.75191,0.01957,0.01999,1.44492,-0.31524,15829.126,0.77071,-0.00076,22.48202,1.06224,-0.13416,0.84734,1.21781,-0.04007,77
1,20004.453,0.75468,0.02122,0.01999,1.43373,-0.29432,15829.126,0.77138,0.00104,22.48202,1.0633,-0.13343,1.07079,1.21536,-0.04084,77
2,20004.453,0.46089,0.02152,0.01999,1.22554,-0.31091,0.06443,1.03115,-0.00082,22.48202,0.82945,-0.15215,0.84734,1.00898,-0.04685,77
1,20004.453,0.75687,0.01904,0.01999,1.42443,-0.31286,15829.126,0.77379,-0.00101,22.48202,1.06405,-0.13454,1.07079,1.21691,-0.04077,77
2,20004.453,0.46258,0.0217,0.01999,1.22452,-0.31269,15829.126,0.47796,-8e-05,22.48202,0.82877,-0.15178,1.07079,1.00704,-0.04688,77
1,20004.453,0.36118,0.04561,0.01999,1.39039,-0.39049,0.10309,1.10757,0.00016,17.79613,0.89241,-0.21718,0.67072,1.15692,-0.0672,77
2,20004.453,0.46637,0.02132,0.01999,1.23823,-0.31004,15829.126,0.47961,0.00052,22.48202,0.83721,-0.15292,1.07079,1.01383,-0.04639,77
2,20004.453,0.37829,0.01573,0.01999,1.06362,-0.29535,20004.453,0.40344,-0.00025,28.40909,0.67028,-0.13281,1.07079,0.84082,-0.04053,77
5,20004.453,0.4345,0.02203,0.01999,1.37853,-0.34135,15829.126,0.46079,0.00019,17.79613,0.91301,-0.18668,0.67072,1.14015,-0.06164,77
2,20004.453,0.46649,0.02238,0.01999,1.22986,-0.31511,15829.126,0.48145,0.00097,22.48202,0.8337,-0.15299,1.07079,1.0136,-0.04642,77
2,20004.453,0.37869,0.01733,0.01999,1.0637,-0.32325,20004.453,0.40482,0.00103,22.48202,0.69474,-0.13368,1.07079,0.84003,-0.03977,77
1,20004.453,0.36332,0.04536,0.01999,1.38021,-0.36498,0.03192,1.57079,0.00021,17.79613,0.88771,-0.21494,0.67072,1.14806,-0.06678,77
2,20004.453,0.46275,0.0218,0.01999,1.24023,-0.32816,15829.126,0.47551,9e-05,22.48202,0.8282,-0.15252,0.84734,1.00968,-0.04634,77
5,20004.453,0.43904,0.02259,0.01999,1.36325,-0.3625,15829.126,0.46169,3e-05,17.79613,0.90977,-0.18549,0.84734,1.12815,-0.0606,77
1,20004.453,0.75518,0.01978,0.01999,1.4319,-0.30464,15829.126,0.77279,-0.00141,22.48202,1.06575,-0.13499,1.07079,1.21929,-0.04093,77
2,20004.453,0.37844,0.01712,0.01999,1.05556,-0.30489,0.05102,1.13505,0.00019,22.48202,0.6967,-0.13255,1.07079,0.84145,-0.04019,77
1,20004.453,0.28088,0.02515,0.01999,1.09021,-0.34385,0.08153,0.85341,0.00055,22.48202,0.64635,-0.16094,0.84734,0.84305,-0.04857,77
1,20004.453,0.28035,0.02343,0.01999,1.08422,-0.32319,15829.126,0.30748,-0.00232,22.48202,0.64716,-0.16103,0.84734,0.84559,-0.0497,77
2,20004.453,0.46199,0.0204,0.01999,1.22874,-0.31654,15829.126,0.47494,0.00042,22.48202,0.83111,-0.15347,1.07079,1.01265,-0.04711,77
1,20004.453,0.75817,0.01997,0.01999,1.44882,-0.29888,15829.126,0.77522,-0.00209,28.40909,1.0399,-0.13457,0.84734,1.22342,-0.04095,77
1,20004.453,0.75835,0.02005,0.01999,1.4321,-0.30494,15829.126,0.77353,-0.00101,22.48202,1.06761,-0.13574,1.07079,1.21997,-0.04061,77
2,20004.453,0.45868,0.01975,0.01999,1.22916,-0.33608,15829.126,0.4745,-7e-05,22.48202,0.8265,-0.1549,1.07079,1.0059,-0.04645,77
2,20004.453,0.46177,0.02005,0.01999,1.22205,-0.32076,15829.126,0.47587,0.00052,22.48202,0.82768,-0.15415,0.84734,1.0106,-0.04673,77
1,20004.453,0.75836,0.0196,0.01999,1.43199,-0.30565,15829.126,0.77403,-0.00036,28.40909,1.03801,-0.13459,1.07079,1.22159,-0.0411,77
2,20004.453,0.37845,0.01666,0.01999,1.05775,-0.30074,20004.453,0.40375,0.0004,22.48202,0.69689,-0.13257,1.07079,0.84172,-0.04032,77
5,20004.453,0.4376,0.02267,0.01999,1.38972,-0.3463,15829.126,0.46348,-0.00037,22.48202,0.87808,-0.18864,0.67072,1.14582,-0.06152,77
1,20004.453,0.28112,0.02261,0.01999,1.06863,-0.32984,15829.126,0.30929,-0.00242,22.48202,0.64532,-0.16038,0.84734,0.84336,-0.04913,77
1,20004.453,0.75896,0.02099,0.01999,1.43441,-0.30018,15829.126,0.77649,-0.00076,22.48202,1.06652,-0.13491,1.07079,1.22135,-0.04048,77
2,20004.453,0.46566,0.02055,0.01999,1.23134,-0.31382,15829.126,0.47807,0.00064,22.48202,0.83401,-0.15347,1.07079,1.014,-0.04669,77
1,20004.453,0.28042,0.02292,0.01999,1.0813,-0.35471,15829.126,0.30921,-0.00121,22.48202,0.649,-0.16072,0.84734,0.84857,-0.04879,77
2,20004.453,0.38032,0.01621,0.01999,1.07328,-0.29885,20004.453,0.40364,0.00044,28.40909,0.66991,-0.13385,0.84734,0.84539,-0.04104,77
2,20004.453,0.37928,0.01653,0.01999,1.07566,-0.3184,20004.453,0.40672,0.00092,28.40909,0.67255,-0.13317,1.07079,0.84269,-0.04026,77
1,20004.453,0.2802,0.02268,0.01999,1.09591,-0.33363,0.67072,1.04178,-0.00045,22.48202,0.64919,-0.16138,0.84734,0.84616,-0.04951,77
1,20004.453,0.28061,0.0229,0.01999,1.09111,-0.34744,0.08153,0.85432,0.00099,17.79613,0.67869,-0.15939,0.84734,0.84337,-0.04881,77
2,20004.453,0.46404,0.02138,0.01999,1.22661,-0.31983,15829.126,0.47716,0.00039,22.48202,0.82724,-0.15379,0.84734,1.01237,-0.04652,76
2,20004.453,0.37801,0.01756,0.01999,1.05899,-0.30496,20004.453,0.40363,0.00042,28.40909,0.66953,-0.13286,1.07079,0.84419,-0.0406,76
2,20004.453,0.37913,0.01518,0.01999,1.05723,-0.30588,0.26261,1.1517,0.00011,22.48202,0.69644,-0.13381,1.07079,0.8423,-0.0404,76
5,20004.453,0.44132,0.02056,0.01999,1.40239,-0.34868,15829.126,0.46729,-0.00055,17.79613,0.91637,-0.19141,0.67072,1.15723,-0.06338,76
2,20004.453,0.38032,0.01713,0.01999,1.05882,-0.30411,20004.453,0.40558,-2e-05,22.48202,0.69578,-0.13197,1.07079,0.84333,-0.04018,76
5,20004.453,0.43956,0.02213,0.01999,1.38778,-0.3431,15829.126,0.46644,-0.00055,17.79613,0.91851,-0.18994,0.67072,1.15358,-0.06293,76
1,20004.453,0.3646,0.04528,0.01999,1.41568,-0.37754,12516.703,0.3962,0.00171,17.79613,0.88456,-0.21902,0.67072,1.1576,-0.06688,76
2,20004.453,0.46198,0.0222,0.01999,1.23077,-0.32027,15829.126,0.47753,0.00249,22.48202,0.83017,-0.15434,0.84734,1.01606,-0.0466,76
5,20004.453,0.444,0.02239,0.01999,1.38703,-0.35274,15829.126,0.46967,-0.00045,17.79613,0.91234,-0.19168,0.67072,1.15756,-0.064,76
1,20004.453,0.75904,0.02032,0.01999,1.43562,-0.30599,15829.126,0.77643,-0.00208,28.40909,1.03882,-0.13544,1.07079,1.22193,-0.04167,76
5,20004.453,0.44393,0.02259,0.01999,1.39617,-0.35407,15829.126,0.46784,-0.00043,17.79613,0.91224,-0.18999,0.67072,1.14981,-0.06241,76
1,20004.453,0.36182,0.04412,0.01999,1.41239,-0.368,12516.703,0.39543,0.00059,17.79613,0.89316,-0.22099,0.53067,1.17675,-0.06901,76
5,20004.453,0.44754,0.02218,0.01999,1.3853,-0.35091,15829.126,0.47379,3e-05,17.79613,0.91043,-0.1922,0.84734,1.14943,-0.06437,76
5,20004.453,0.44949,0.0216,0.01999,1.40301,-0.35836,15829.126,0.47496,-0.00014,17.79613,0.9169,-0.19654,0.67072,1.17049,-0.06541,76
1,20004.453,0.36856,0.04287,0.01999,1.41541,-0.3712,12516.703,0.39867,-9e-05,17.79613,0.88938,-0.22115,0.67072,1.17031,-0.06933,76
5,20004.453,0.45025,0.02112,0.01999,1.40174,-0.35285,15829.126,0.47465,3e-05,17.79613,0.91385,-0.19537,0.53067,1.17153,-0.06576,76
2,20004.453,0.45916,0.02142,0.01999,1.23439,-0.31296,15829.126,0.47412,2e-05,22.48202,0.82823,-0.15585,0.84734,1.01699,-0.04784,76
5,20004.453,0.45916,0.02067,0.01999,1.54083,-0.38382,15829.126,0.47137,0.00078,11.1448,0.99204,-0.23044,0.53067,1.26903,-0.07898,76
1,20004.453,0.36373,0.04481,0.01999,1.40595,-0.3693,12516.703,0.39388,0.0007,17.79613,0.89311,-0.22117,0.53067,1.17313,-0.06922,76
5,20004.453,0.44761,0.02044,0.01999,1.38595,-0.34664,15829.126,0.47539,-0.00023,17.79613,0.90805,-0.1899,0.67072,1.15019,-0.06328,76
1,20004.453,0.41705,0.04013,0.01999,1.59875,-0.42455,12516.703,0.4472,-0.00062,11.1448,0.99481,-0.25938,0.53067,1.32188,-0.08966,76
5,20004.453,0.44841,0.02304,0.01999,1.37525,-0.34597,15829.126,0.47669,-0.00028,17.79613,0.9032,-0.18896,0.67072,1.14153,-0.06323,76
1,20004.453,0.3708,0.04467,0.01999,1.41326,-0.37116,12516.703,0.40184,0.00021,17.79613,0.88877,-0.22231,0.53067,1.17547,-0.06929,76
1,20004.453,0.36647,0.04935,0.01999,1.41313,-0.38139,12516.703,0.39819,0.00049,17.79613,0.89126,-0.22283,0.67072,1.1748,-0.06905,76
5,20004.453,0.45052,0.02181,0.01999,1.40352,-0.3566,15829.126,0.47635,-0.00016,17.79613,0.9124,-0.19552,0.67072,1.16945,-0.06581,76
1,20004.453,0.36462,0.04574,0.01999,1.39542,-0.36978,12516.703,0.39561,0.00112,17.79613,0.88814,-0.21923,0.53067,1.16538,-0.06832,76
5,20004.453,0.44785,0.02261,0.01999,1.39936,-0.35792,15829.126,0.47396,-0.00044,17.79613,0.91603,-0.19541,0.67072,1.16789,-0.06405,76
1,20004.453,0.75184,0.01902,0.01999,1.42847,-0.31837,0.67072,1.46911,0.00035,22.48202,1.06006,-0.13579,1.07079,1.21866,-0.04163,76
1,20004.453,0.3668,0.0455,0.01999,1.39661,-0.3678,0.05102,1.34955,-0.00013,17.79613,0.88076,-0.21687,0.53067,1.15693,-0.06767,76
1,20004.453,0.36663,0.04563,0.01999,1.43748,-0.37959,0.33183,1.53081,0.00175,17.79613,0.89283,-0.22409,0.67072,1.17544,-0.06909,76
2,20004.453,0.37907,0.01519,0.01999,1.05953,-0.306,20004.453,0.40393,0.00033,22.48202,0.697,-0.13401,1.07079,0.8453,-0.04103,76
1,20004.453,0.28034,0.02269,0.01999,1.09156,-0.32616,15829.126,0.30824,-0.00104,22.48202,0.64777,-0.16275,0.84734,0.84885,-0.05041,76
2,20004.453,0.45955,0.02091,0.01999,1.23135,-0.32139,15829.126,0.47298,0.00039,22.48202,0.83041,-0.1555,0.84734,1.01618,-0.04687,76
5,20004.453,0.45078,0.02078,0.01999,1.41322,-0.35137,15829.126,0.47508,-0.00047,17.79613,0.91315,-0.19621,0.53067,1.17252,-0.0652,76
5,20004.453,0.45055,0.02207,0.01999,1.42577,-0.36381,15829.126,0.47532,-0.00075,17.79613,0.91578,-0.19714,0.67072,1.17287,-0.06452,76
1,20004.453,0.75487,0.0198,0.01999,1.45247,-0.30208,15829.126,0.7717,-0.00158,22.48202,1.06338,-0.13631,1.07079,1.22199,-0.04207,76
1,20004.453,0.36763,0.04522,0.01999,1.42221,-0.37078,12516.703,0.39773,0.00067,17.79613,0.89058,-0.22266,0.53067,1.17911,-0.06954,76
1,20004.453,0.28153,0.02327,0.01999,1.07108,-0.33669,15829.126,0.3071,-0.00072,22.48202,0.64618,-0.16173,0.84734,0.84701,-0.0492,76
1,20004.453,0.37619,0.04345,0.01999,1.46426,-0.39735,12516.703,0.40659,-0.00012,17.79613,0.89402,-0.22857,0.67072,1.19429,-0.0717,76
5,20004.453,0.45132,0.02134,0.01999,1.40723,-0.36246,15829.126,0.47628,-0.001,17.79613,0.9131,-0.19587,0.67072,1.17054,-0.06517,76
1,20004.453,0.37182,0.0445,0.01999,1.44704,-0.38585,12516.703,0.40139,0.00069,17.79613,0.89119,-0.22461,0.67072,1.18167,-0.0705,76
2,20004.453,0.45644,0.01976,0.01999,1.23123,-0.31179,0.67072,1.16533,-0.00024,22.48202,0.82352,-0.15493,0.84734,1.01238,-0.0475,76
5,20004.453,0.45607,0.02022,0.01999,1.4368,-0.35688,15829.126,0.48323,-0.00086,17.79613,0.91819,-0.20099,0.53067,1.19245,-0.06742,76
1,20004.453,0.36657,0.04561,0.01999,1.3967,-0.37886,12516.703,0.39543,0.00012,17.79613,0.88632,-0.2209,0.67072,1.16245,-0.06775,76
1,20004.453,0.75504,0.02116,0.01999,1.43558,-0.30659,0.10309,1.27971,-0.0028,22.48202,1.0637,-0.1362,1.07079,1.22363,-0.04159,76
1,20004.453,0.37259,0.04466,0.01999,1.42223,-0.38643,12516.703,0.4019,0.00025,17.79613,0.88918,-0.22525,0.67072,1.18158,-0.07134,76
2,20004.453,0.45684,0.02092,0.01999,1.22348,-0.32057,15829.126,0.47227,0.00047,22.48202,0.8229,-0.15415,0.84734,1.00963,-0.04683,76
5,20004.453,0.4542,0.02103,0.01999,1.41002,-0.3624,15829.126,0.47925,-0.00066,17.79613,0.91522,-0.19807,0.67072,1.17528,-0.06558,76
5,20004.453,0.45395,0.0205,0.01999,1.41322,-0.35305,15829.126,0.48132,-0.00095,14.06813,0.9513,-0.19659,0.53067,1.17685,-0.06584,76
1,20004.453,0.37446,0.04779,0.01999,1.43821,-0.37809,12516.703,0.40162,7e-05,17.79613,0.8925,-0.22275,0.53067,1.18448,-0.06983,76
1,20004.453,0.37455,0.04473,0.01999,1.42209,-0.39023,12516.703,0.40151,0.00061,17.79613,0.88972,-0.22582,0.67072,1.18247,-0.07031,76
2,20004.453,0.37954,0.01688,0.01999,1.07196,-0.29755,20004.453,0.40494,-0.00021,22.48202,0.69646,-0.13412,1.07079,0.8476,-0.04163,76
1,20004.453,0.37518,0.0433,0.01999,1.46605,-0.38878,12516.703,0.40611,9e-05,14.06813,0.93835,-0.23033,0.53067,1.20381,-0.07229,76
5,20004.453,0.45457,0.02052,0.01999,1.43216,-0.35526,15829.126,0.46564,0.00109,17.79613,0.91876,-0.19997,0.53067,1.18961,-0.06688,76
1,20004.453,0.27989,0.02371,0.01999,1.0716,-0.33578,15829.126,0.30833,-0.00168,22.48202,0.6447,-0.1623,0.84734,0.84701,-0.04948,76
1,20004.453,0.37497,0.04202,0.01999,1.46077,-0.38526,12516.703,0.41002,0.00039,14.06813,0.93941,-0.22868,0.67072,1.19522,-0.072,76
2,20004.453,0.3804,0.01671,0.01999,1.06206,-0.30809,20004.453,0.40434,0.00028,28.40909,0.6706,-0.13384,1.07079,0.84699,-0.04112,76
5,20004.453,0.45355,0.01973,0.01999,1.4124,-0.36391,15829.126,0.48118,-0.00182,17.79613,0.91298,-0.19936,0.67072,1.17627,-0.06683,76
5,20004.453,0.45488,0.02081,0.01999,1.43177,-0.35873,15829.126,0.46708,0.00178,14.06813,0.95462,-0.20162,0.53067,1.19345,-0.06794,76
1,20004.453,0.37263,0.04489,0.01999,1.42308,-0.39712,12516.703,0.4057,-7e-05,14.06813,0.93577,-0.22593,0.53067,1.19085,-0.07038,76
5,20004.453,0.45534,0.02147,0.01999,1.44184,-0.38345,15829.126,0.46834,0.00167,14.06813,0.95073,-0.20014,0.67072,1.18267,-0.0667,76
1,20004.453,0.38077,0.04226,0.01999,1.4695,-0.38718,12516.703,0.40986,8e-05,14.06813,0.93981,-0.23077,0.53067,1.21369,-0.07413,76
1,20004.453,0.75132,0.02001,0.01999,1.43161,-0.30183,0.04042,1.58814,-0.00056,22.48202,1.05884,-0.13548,1.07079,1.21835,-0.04162,76
1,20004.453,0.28128,0.02335,0.01999,1.07687,-0.33436,15829.126,0.30911,-0.00203,22.48202,0.64673,-0.16339,1.07079,0.84697,-0.04965,76
1,20004.453,0.37997,0.04197,0.01999,1.4474,-0.38783,12516.703,0.41107,0.0001,14.06813,0.93414,-0.22857,0.53067,1.20197,-0.07339,76
2,20004.453,0.38073,0.01685,0.01999,1.07706,-0.32317,20004.453,0.40638,-4e-05,28.40909,0.67069,-0.13406,0.84734,0.85044,-0.04046,76
1,20004.453,0.37487,0.04407,0.01999,1.45442,-0.38492,12516.703,0.40717,-0.00014,14.06813,0.9336,-0.22815,0.53067,1.19427,-0.07174,76
5,20004.453,0.45199,0.01975,0.01999,1.41383,-0.36561,0.41976,1.47355,0.00025,14.06813,0.95148,-0.19734,0.67072,1.17637,-0.06552,76
5,20004.453,0.45467,0.0218,0.01999,1.43221,-0.36636,15829.126,0.48085,-0.00018,17.79613,0.91735,-0.20204,0.67072,1.19239,-0.06865,76
1,20004.453,0.37917,0.04295,0.01999,1.47598,-0.39125,12516.703,0.40866,0.00015,14.06813,0.93929,-0.23166,0.53067,1.2114,-0.07329,76
5,20004.453,0.45863,0.02055,0.01999,1.46236,-0.37138,15829.126,0.46994,0.00026,14.06813,0.95381,-0.20536,0.67072,1.19669,-0.06881,76
5,20004.453,0.45729,0.02133,0.01999,1.4621,-0.37429,0.26261,1.5298,0.00115,14.06813,0.95738,-0.20469,0.67072,1.19656,-0.06812,76
1,20004.453,0.37863,0.04246,0.01999,1.4333,-0.39975,12516.703,0.41077,-0.00036,14.06813,0.93466,-0.22784,0.53067,1.19855,-0.07221,76
2,20004.453,0.45806,0.02017,0.01999,1.23188,-0.31209,0.05102,1.2625,3e-05,22.48202,0.82311,-0.15511,1.07079,1.00764,-0.04768,76
1,20004.453,0.749,0.01818,0.01999,1.44759,-0.30282,0.67072,1.43896,-0.00015,22.48202,1.05791,-0.13682,0.84734,1.21829,-0.04154,76
2,20004.453,0.38011,0.01537,0.01999,1.06228,-0.30781,0.33183,1.00553,0.00021,28.40909,0.67046,-0.13433,1.07079,0.84755,-0.04116,76
5,20004.453,0.45906,0.01893,0.01999,1.42822,-0.36104,0.13007,1.16765,1e-05,14.06813,0.95332,-0.20108,0.67072,1.18622,-0.06805,76
1,20004.453,0.37934,0.04402,0.01999,1.44625,-0.40079,12516.703,0.41228,-0.00042,14.06813,0.93777,-0.23017,0.53067,1.21026,-0.07308,76
1,20004.453,0.38822,0.04321,0.01999,1.46206,-0.39497,12516.703,0.41983,-0.00012,14.06813,0.93607,-0.23225,0.53067,1.21611,-0.07542,76
2,20004.453,0.46106,0.02096,0.01999,1.23617,-0.31379,15829.126,0.47661,-0.00026,22.48202,0.82873,-0.15653,1.07079,1.01464,-0.0475,76
2,20004.453,0.4596,0.02111,0.01999,1.23648,-0.31506,15829.126,0.47169,0.00203,22.48202,0.82772,-0.15796,1.07079,1.016,-0.04769,76
5,20004.453,0.45825,0.02016,0.01999,1.44123,-0.36261,15829.126,0.48179,-4e-05,14.06813,0.94946,-0.20403,0.53067,1.1961,-0.06893,76
5,20004.453,0.45693,0.02135,0.01999,1.45188,-0.36842,15829.126,0.46831,0.00178,14.06813,0.9474,-0.20255,0.67072,1.18665,-0.06805,76
2,20004.453,0.37964,0.01665,0.01999,1.06804,-0.30022,20004.453,0.40489,0.00032,28.40909,0.67188,-0.1341,1.07079,0.8496,-0.04131,76
1,20004.453,0.38555,0.0417,0.01999,1.46111,-0.41286,12516.703,0.41693,-0.00056,14.06813,0.93954,-0.23404,0.67072,1.21656,-0.07468,76
1,20004.453,0.74761,0.01976,0.01999,1.42821,-0.30926,15829.126,0.76564,-0.00037,22.48202,1.05717,-0.13656,1.07079,1.21629,-0.04212,76
1,20004.453,0.39113,0.04128,0.01999,1.45846,-0.40472,12516.703,0.42488,-0.00059,14.06813,0.93532,-0.23242,0.67072,1.20979,-0.07407,76
1,20004.453,0.28206,0.02292,0.01999,1.09147,-0.32593,15829.126,0.30878,-0.00215,22.48202,0.64782,-0.16389,1.07079,0.84957,-0.05082,76
1,20004.453,0.38565,0.0444,0.01999,1.4762,-0.39036,12516.703,0.4168,-0.0002,14.06813,0.94049,-0.23415,0.53067,1.21999,-0.07478,76
1,20004.453,0.3936,0.04174,0.01999,1.50876,-0.40242,12516.703,0.42275,-0.00052,14.06813,0.93963,-0.23889,0.53067,1.236,-0.07688,76
2,20004.453,0.38015,0.01614,0.01999,1.08731,-0.3081,0.67072,1.09545,-0.00019,22.48202,0.69883,-0.13482,0.84734,0.85277,-0.04158,76
1,20004.453,0.39135,0.04288,0.01999,1.4973,-0.39702,12516.703,0.42275,-0.00111,14.06813,0.94082,-0.23726,0.53067,1.23282,-0.07631,76
2,20004.453,0.3811,0.01651,0.01999,1.07716,-0.2984,20004.453,0.40395,0.00023,22.48202,0.699,-0.13486,1.07079,0.85015,-0.04149,76
5,20004.453,0.45727,0.01995,0.01999,1.43681,-0.37767,15829.126,0.46881,0.00204,14.06813,0.9585,-0.20491,0.67072,1.19913,-0.06898,76
1,20004.453,0.74521,0.01935,0.01999,1.42737,-0.30311,15829.126,0.76279,-0.00124,22.48202,1.05365,-0.1375,1.07079,1.2141,-0.0413,76
1,20004.453,0.4169,0.04154,0.01999,1.59827,-0.43285,12516.703,0.4456,0.00049,8.81772,1.04534,-0.26355,0.41976,1.33651,-0.09154,76
1,20004.453,0.3922,0.04224,0.01999,1.46207,-0.41149,12516.703,0.42768,-0.00061,14.06813,0.9397,-0.23307,0.53067,1.22297,-0.0748,76
2,20004.453,0.38174,0.01555,0.01999,1.08721,-0.30702,20004.453,0.40592,6e-05,22.48202,0.69828,-0.13627,1.07079,0.84947,-0.04153,76
5,20004.453,0.45994,0.01853,0.01999,1.45143,-0.37838,15829.126,0.4679,0.00026,14.06813,0.95196,-0.2098,0.67072,1.20799,-0.07052,76
1,20004.453,0.2821,0.02337,0.01999,1.07802,-0.33566,15829.126,0.30947,-0.00262,22.48202,0.64456,-0.1641,0.84734,0.8518,-0.04948,76
2,20004.453,0.45978,0.01877,0.01999,1.23422,-0.32185,0.05102,1.26764,0.00055,22.48202,0.82886,-0.15569,0.84734,1.019,-0.04757,76
1,20004.453,0.74667,0.01819,0.01999,1.42721,-0.30806,20004.453,0.77105,0.00159,22.48202,1.05399,-0.13797,1.07079,1.2131,-0.04129,76
2,20004.453,0.45573,0.02009,0.01999,1.22722,-0.32234,0.53067,1.30171,-0.00059,22.48202,0.82177,-0.15603,0.84734,1.01225,-0.04741,76
1,20004.453,0.39886,0.0426,0.01999,1.48102,-0.41226,12516.703,0.42466,-4e-05,14.06813,0.93853,-0.23514,0.67072,1.22988,-0.07725,76
1,20004.453,0.39831,0.04249,0.01999,1.51889,-0.402,12516.703,0.42924,-0.00041,14.06813,0.9443,-0.2406,0.53067,1.24988,-0.07834,76
2,20004.453,0.45419,0.01956,0.01999,1.22303,-0.32591,15829.126,0.46855,6e-05,22.48202,0.82017,-0.15622,0.84734,1.01121,-0.04763,76
1,20004.453,0.28244,0.02324,0.01999,1.09277,-0.32668,0.67072,1.0467,-0.00059,22.48202,0.64711,-0.16554,1.07079,0.85314,-0.05079,76
5,20004.453,0.45642,0.02083,0.01999,1.44869,-0.39669,0.05102,1.58424,0.00077,14.06813,0.95085,-0.20758,0.67072,1.20033,-0.06981,76
1,20004.453,0.74301,0.02105,0.01999,1.42506,-0.30697,15829.126,0.76103,-0.0019,22.48202,1.05123,-0.13749,1.07079,1.21134,-0.04163,76
5,20004.453,0.45816,0.02091,0.01999,1.48112,-0.38919,15829.126,0.46874,0.0005,14.06813,0.95383,-0.21025,0.67072,1.20928,-0.07051,76
1,20004.453,0.28149,0.02305,0.01999,1.09976,-0.35595,0.08153,0.96263,0.0015,22.48202,0.64716,-0.16464,0.84734,0.85607,-0.05021,76
1,20004.453,0.40797,0.04109,0.01999,1.53852,-0.45276,12516.703,0.43897,3e-05,14.06813,0.94884,-0.24441,0.53067,1.27396,-0.081,76
2,20004.453,0.45366,0.02108,0.01999,1.23076,-0.32486,0.08153,1.08826,-0.00039,22.48202,0.82346,-0.15901,0.84734,1.01678,-0.0484,76
1,20004.453,0.4009,0.04192,0.01999,1.50141,-0.41682,12516.703,0.43119,0.00051,14.06813,0.94339,-0.24343,0.67072,1.24797,-0.07886,76
2,20004.453,0.45611,0.02004,0.01999,1.23166,-0.31453,15829.126,0.47132,-0.00059,22.48202,0.82356,-0.15754,0.84734,1.01351,-0.04785,76
1,20004.453,0.28218,0.02305,0.01999,1.10211,-0.33129,15829.126,0.31069,-0.00093,22.48202,0.64592,-0.16419,0.84734,0.85302,-0.05046,76
2,20004.453,0.38104,0.0143,0.01999,1.09127,-0.31327,20004.453,0.40539,6e-05,22.48202,0.7002,-0.137,1.07079,0.8526,-0.04201,76
1,20004.453,0.74846,0.0185,0.01999,1.44852,-0.30161,20004.453,0.77428,0.00194,22.48202,1.05809,-0.13577,0.84734,1.22009,-0.0418,76
2,20004.453,0.37839,0.01509,0.01999,1.07595,-0.30051,20004.453,0.40542,0.00018,28.40909,0.67366,-0.13555,1.07079,0.85433,-0.04138,75
1,20004.453,0.40195,0.04312,0.01999,1.50377,-0.42303,12516.703,0.43769,-0.00099,14.06813,0.94568,-0.24317,0.53067,1.25958,-0.07925,75
1,20004.453,0.75029,0.0181,0.01999,1.43558,-0.30153,15829.126,0.76598,-0.00278,22.48202,1.05735,-0.13699,1.07079,1.21911,-0.04202,75
1,20004.453,0.75042,0.01752,0.01999,1.43241,-0.30807,20004.453,0.77565,0.00223,22.48202,1.05844,-0.13719,1.07079,1.21935,-0.04222,75
2,20004.453,0.37909,0.01487,0.01999,1.08271,-0.30057,15829.126,0.3916,0.00018,28.40909,0.674,-0.13615,1.07079,0.85345,-0.04165,75
1,20004.453,0.75018,0.01767,0.01999,1.43042,-0.32068,20004.453,0.77573,0.00184,22.48202,1.05782,-0.13822,1.07079,1.21887,-0.04163,75
2,20004.453,0.38047,0.01428,0.01999,1.06975,-0.30586,20004.453,0.40473,-0.00089,22.48202,0.69957,-0.13515,1.07079,0.85229,-0.04136,75
2,20004.453,0.38008,0.0148,0.01999,1.07076,-0.30672,20004.453,0.40495,0.00028,22.48202,0.69924,-0.13619,1.07079,0.8539,-0.04148,75
1,20004.453,0.75381,0.01785,0.01999,1.43803,-0.30617,20004.453,0.77824,0.00183,22.48202,1.06084,-0.13752,1.07079,1.22318,-0.042,75
2,20004.453,0.38,0.01613,0.01999,1.09028,-0.30464,20004.453,0.40742,-0.0001,22.48202,0.70059,-0.13631,0.84734,0.85858,-0.04184,75
2,20004.453,0.45591,0.01989,0.01999,1.23739,-0.33949,15829.126,0.46925,0.00013,22.48202,0.82428,-0.15728,0.84734,1.01726,-0.04756,75
1,20004.453,0.75643,0.01778,0.01999,1.45327,-0.29921,0.05102,1.18918,0.00034,22.48202,1.06713,-0.13832,0.84734,1.23232,-0.04274,75
1,20004.453,0.28262,0.02167,0.01999,1.09889,-0.32843,15829.126,0.31019,-0.00241,22.48202,0.6469,-0.16485,1.07079,0.85473,-0.05154,75
2,20004.453,0.38209,0.01509,0.01999,1.07399,-0.30179,20004.453,0.40638,-0.0003,22.48202,0.69948,-0.13484,1.07079,0.85631,-0.04142,75
1,20004.453,0.75978,0.01717,0.01999,1.46235,-0.30141,20004.453,0.78459,0.00176,22.48202,1.06796,-0.13756,0.84734,1.23603,-0.043,75
1,20004.453,0.28182,0.02321,0.01999,1.0842,-0.34233,0.05102,1.12294,0.00098,22.48202,0.64718,-0.16463,0.84734,0.85916,-0.05084,75
2,20004.453,0.38186,0.01578,0.01999,1.07686,-0.30415,20004.453,0.40578,-0.00035,22.48202,0.70139,-0.13683,1.07079,0.85624,-0.04168,75
1,20004.453,0.41682,0.04163,0.01999,1.61411,-0.43026,12516.703,0.44606,0.00038,8.81772,1.04418,-0.26493,0.41976,1.34394,-0.09254,75
2,20004.453,0.38244,0.0146,0.01999,1.07821,-0.32894,15829.126,0.39237,0.00041,22.48202,0.70115,-0.13755,1.07079,0.85739,-0.04198,75
2,20004.453,0.38041,0.01459,0.01999,1.07744,-0.3277,20004.453,0.40636,-7e-05,22.48202,0.70165,-0.13696,1.07079,0.85789,-0.04188,75
1,20004.453,0.76394,0.01792,0.01999,1.44962,-0.30971,0.67072,1.45278,0.00038,22.48202,1.07361,-0.13921,1.07079,1.23612,-0.04239,75
2,20004.453,0.45449,0.01858,0.01999,1.24816,-0.31646,15829.126,0.47024,0.00103,22.48202,0.82159,-0.15846,0.84734,1.0166,-0.04867,75
2,20004.453,0.38089,0.0128,0.01999,1.08902,-0.30188,20004.453,0.40559,-0.0001,22.48202,0.70133,-0.13795,1.07079,0.85831,-0.04231,75
1,20004.453,0.28228,0.02293,0.01999,1.10712,-0.33052,15829.126,0.31029,-0.00205,22.48202,0.64712,-0.16624,0.84734,0.86131,-0.05197,75
1,20004.453,0.76454,0.01757,0.01999,1.45637,-0.30039,20004.453,0.7896,0.0025,22.48202,1.07275,-0.13875,1.07079,1.2377,-0.04237,75
2,20004.453,0.38468,0.01647,0.01999,1.07798,-0.31111,20004.453,0.40752,-0.00069,22.48202,0.70443,-0.13659,1.07079,0.86039,-0.04171,75
5,20004.453,0.46023,0.02012,0.01999,1.56722,-0.3971,15829.126,0.47279,0.00086,11.1448,0.98761,-0.23635,0.53067,1.28293,-0.08112,75
1,20004.453,0.28117,0.02229,0.01999,1.10638,-0.32988,15829.126,0.29138,0.00176,22.48202,0.64991,-0.16603,0.84734,0.86331,-0.0519,75
1,20004.453,0.28012,0.02362,0.01999,1.11531,-0.33832,0.05102,1.44299,0.00031,22.48202,0.64689,-0.16618,0.84734,0.86194,-0.05173,75
2,20004.453,0.38185,0.01515,0.01999,1.09774,-0.30901,20004.453,0.40753,-0.00016,22.48202,0.70187,-0.137,1.07079,0.85996,-0.04257,75
1,20004.453,0.76676,0.01831,0.01999,1.4547,-0.31011,20004.453,0.79243,0.00202,22.48202,1.07793,-0.13746,1.07079,1.24072,-0.04284,75
2,20004.453,0.38237,0.01414,0.01999,1.07777,-0.30838,20004.453,0.40741,-0.00021,22.48202,0.70274,-0.13657,1.07079,0.86068,-0.04188,75
1,20004.453,0.28312,0.02284,0.01999,1.11709,-0.34135,15829.126,0.29406,0.002,17.79613,0.68225,-0.16604,0.84734,0.86309,-0.0517,75
2,20004.453,0.38226,0.01488,0.01999,1.08856,-0.30106,15829.126,0.39042,0.00044,22.48202,0.69923,-0.13771,1.07079,0.85914,-0.04219,75
2,20004.453,0.45045,0.0205,0.01999,1.23356,-0.32095,0.04042,1.36133,8e-05,22.48202,0.81912,-0.15878,0.84734,1.01712,-0.04847,75
2,20004.453,0.44961,0.0184,0.01999,1.23835,-0.31463,15829.126,0.46387,-0.00075,22.48202,0.81791,-0.15907,1.07079,1.01132,-0.0491,75
1,20004.453,0.76737,0.01794,0.01999,1.46192,-0.30392,20004.453,0.79212,0.00087,22.48202,1.07739,-0.14067,1.07079,1.24447,-0.04212,75
2,20004.453,0.37985,0.01434,0.01999,1.09448,-0.30342,20004.453,0.40652,-0.00056,22.48202,0.70247,-0.13792,1.07079,0.86086,-0.04282,75
2,20004.453,0.45248,0.01951,0.01999,1.23415,-0.32226,15829.126,0.46558,-0.00113,22.48202,0.82086,-0.15832,1.07079,1.01421,-0.04831,75
1,20004.453,0.28248,0.02157,0.01999,1.09484,-0.34016,0.67072,1.08216,0.00175,17.79613,0.68275,-0.16672,0.84734,0.86657,-0.05173,75
1,20004.453,0.77206,0.01546,0.01999,1.46073,-0.30659,20004.453,0.79285,0.00045,22.48202,1.07943,-0.139,1.07079,1.24505,-0.04243,75
2,20004.453,0.38146,0.01481,0.01999,1.09078,-0.3308,15829.126,0.38914,0.00089,22.48202,0.70172,-0.13822,0.84734,0.86509,-0.04261,75
2,20004.453,0.38049,0.01475,0.01999,1.09414,-0.3304,15829.126,0.39215,0.00056,22.48202,0.70006,-0.13704,0.84734,0.86379,-0.04248,75
1,20004.453,0.77061,0.01453,0.01999,1.46563,-0.30133,20004.453,0.79236,0.00049,22.48202,1.07814,-0.13985,1.07079,1.2446,-0.04283,75
1,20004.453,0.28274,0.02231,0.01999,1.09455,-0.33796,0.08153,0.87127,-8e-05,17.79613,0.68087,-0.16766,0.84734,0.8652,-0.05182,74
1,20004.453,0.28172,0.02217,0.01999,1.10058,-0.33082,0.53067,1.13438,-0.00176,22.48202,0.6449,-0.16735,1.07079,0.86009,-0.0521,74
2,20004.453,0.45002,0.01888,0.01999,1.24442,-0.31571,15829.126,0.46238,-0.00072,22.48202,0.81668,-0.15946,0.84734,1.01527,-0.04909,74
1,20004.453,0.28312,0.02171,0.01999,1.11535,-0.33284,0.08153,0.97139,0.00226,22.48202,0.64937,-0.16865,0.84734,0.86898,-0.05211,74
2,20004.453,0.38144,0.01377,0.01999,1.09792,-0.32654,15829.126,0.39142,0.00066,22.48202,0.69978,-0.13932,0.84734,0.8648,-0.04267,74
1,20004.453,0.768,0.01713,0.01999,1.48344,-0.31003,20004.453,0.7943,0.00166,22.48202,1.07955,-0.14082,0.84734,1.24901,-0.04314,74
2,20004.453,0.38197,0.01541,0.01999,1.09252,-0.30273,15829.126,0.38957,0.00034,22.48202,0.70047,-0.13821,1.07079,0.86262,-0.04219,74
1,20004.453,0.28246,0.02118,0.01999,1.11185,-0.33174,15829.126,0.2942,0.00071,22.48202,0.6485,-0.16804,0.84734,0.86739,-0.05272,74
1,20004.453,0.41667,0.04109,0.01999,1.63943,-0.43449,12516.703,0.44601,-0.00057,8.81772,1.0438,-0.27,0.41976,1.34999,-0.09349,74
1,20004.453,0.28271,0.02166,0.01999,1.09622,-0.36233,0.02528,0.56763,-0.00037,17.79613,0.67972,-0.16624,0.84734,0.86441,-0.05177,74
1,20004.453,0.76675,0.01566,0.01999,1.47309,-0.32971,20004.453,0.78993,-0.0003,22.48202,1.07487,-0.14051,1.07079,1.2436,-0.04301,74
2,20004.453,0.38148,0.01463,0.01999,1.08808,-0.30317,15829.126,0.39171,0.00102,22.48202,0.7011,-0.13914,1.07079,0.86332,-0.04244,74
1,20004.453,0.41773,0.04245,0.01999,1.63268,-0.43451,12516.703,0.44476,-0.00042,8.81772,1.03597,-0.26788,0.41976,1.34594,-0.09407,74
2,20004.453,0.38108,0.01385,0.01999,1.08926,-0.30435,15829.126,0.38992,-6e-05,22.48202,0.70046,-0.13964,1.07079,0.86431,-0.04279,74
2,20004.453,0.44854,0.01972,0.01999,1.24961,-0.33485,15829.126,0.4625,0.00076,22.48202,0.8123,-0.16141,0.84734,1.01322,-0.04807,74
1,20004.453,0.76846,0.01444,0.01999,1.48327,-0.31564,20004.453,0.79023,-0.00049,22.48202,1.07645,-0.13978,0.84734,1.24782,-0.04277,74
2,20004.453,0.44859,0.0204,0.01999,1.23921,-0.31605,15829.126,0.46391,0.00043,22.48202,0.81693,-0.16006,0.84734,1.01753,-0.04923,74
1,20004.453,0.28249,0.02157,0.01999,1.1136,-0.33241,15829.126,0.31186,-0.00202,17.79613,0.68177,-0.16852,0.84734,0.869,-0.05276,74
2,20004.453,0.37833,0.01246,0.01999,1.07563,-0.31813,0.53067,1.04828,0.00042,22.48202,0.69699,-0.13919,1.07079,0.85893,-0.04281,74
1,20004.453,0.7659,0.01424,0.01999,1.46112,-0.31207,15829.126,0.77341,0.00015,22.48202,1.07514,-0.14096,0.84734,1.24814,-0.04308,74
2,20004.453,0.45332,0.01988,0.01999,1.236,-0.32468,15829.126,0.46912,0.00031,22.48202,0.81788,-0.15962,0.84734,1.01901,-0.04841,74
2,20004.453,0.38093,0.01349,0.01999,1.09473,-0.30409,15829.126,0.38944,0.00099,22.48202,0.70073,-0.13952,1.07079,0.8651,-0.04368,74
2,20004.453,0.37346,0.01149,0.01999,1.08868,-0.30392,15829.126,0.38401,-0.00164,22.48202,0.69177,-0.1385,1.07079,0.85512,-0.04311,74
1,20004.453,0.76268,0.01464,0.01999,1.45581,-0.31605,20004.453,0.78653,-0.00038,22.48202,1.07228,-0.1421,1.07079,1.24194,-0.04318,74
1,20004.453,0.28269,0.02215,0.01999,1.12506,-0.35185,0.06443,1.0455,0.00134,22.48202,0.64651,-0.16862,0.84734,0.86823,-0.05213,74
1,20004.453,0.42037,0.04273,0.01999,1.62528,-0.43624,12516.703,0.45045,-0.00075,8.81772,1.03558,-0.26898,0.41976,1.34953,-0.09454,74
2,20004.453,0.44709,0.02021,0.01999,1.23652,-0.32595,15829.126,0.46172,-0.00074,22.48202,0.81755,-0.15996,0.84734,1.01846,-0.04822,74
2,20004.453,0.37133,0.01387,0.01999,1.07491,-0.31114,0.10309,0.95172,-0.00058,22.48202,0.6901,-0.13859,1.07079,0.85496,-0.04323,74
2,20004.453,0.44777,0.01857,0.01999,1.2384,-0.32061,15829.126,0.46062,-0.00029,17.79613,0.84938,-0.16109,0.84734,1.01968,-0.04943,74
1,20004.453,0.41605,0.04188,0.01999,1.61742,-0.44912,0.53067,1.58513,-9e-05,8.81772,1.04129,-0.27319,0.53067,1.3493,-0.09655,74
2,20004.453,0.44488,0.01948,0.01999,1.2503,-0.31742,15829.126,0.45908,-5e-05,22.48202,0.81441,-0.16145,1.07079,1.01665,-0.05003,74
1,20004.453,0.76191,0.01456,0.01999,1.46813,-0.30272,0.33183,1.58607,-0.00021,22.48202,1.07112,-0.14082,1.07079,1.24185,-0.04358,74
1,20004.453,0.28373,0.02129,0.01999,1.10089,-0.33793,15829.126,0.29417,0.00016,17.79613,0.68082,-0.16836,0.84734,0.87032,-0.05225,74
2,20004.453,0.44507,0.01957,0.01999,1.2448,-0.31643,15829.126,0.46069,0.0001,17.79613,0.84719,-0.15926,1.07079,1.01396,-0.04914,74
2,20004.453,0.36934,0.01154,0.01999,1.08385,-0.33329,15829.126,0.37878,9e-05,22.48202,0.69,-0.13836,1.07079,0.85402,-0.04292,74
1,20004.453,0.28321,0.02298,0.01999,1.09896,-0.34473,0.67072,1.08409,-0.00103,17.79613,0.68079,-0.16873,0.84734,0.8696,-0.0514,74
1,20004.453,0.7609,0.01563,0.01999,1.45649,-0.31404,20004.453,0.78547,-0.00079,22.48202,1.07049,-0.14157,1.07079,1.24259,-0.04369,74
2,20004.453,0.37127,0.01165,0.01999,1.07169,-0.32068,15829.126,0.37844,-0.00139,22.48202,0.69036,-0.14015,0.84734,0.85889,-0.04307,74
2,20004.453,0.44844,0.01942,0.01999,1.23696,-0.32599,15829.126,0.46237,-0.00031,22.48202,0.81621,-0.16096,0.84734,1.01981,-0.04855,74
2,20004.453,0.37001,0.01106,0.01999,1.08913,-0.30506,0.08153,1.00814,1e-05,22.48202,0.69066,-0.14052,1.07079,0.85762,-0.04331,74
2,20004.453,0.36804,0.01099,0.01999,1.07449,-0.32765,15829.126,0.37976,-0.002,22.48202,0.69027,-0.14075,1.07079,0.85699,-0.04343,74
2,20004.453,0.36983,0.01213,0.01999,1.08972,-0.30559,15829.126,0.3799,-0.00118,22.48202,0.69013,-0.14036,0.84734,0.86062,-0.04402,74
2,20004.453,0.45422,0.02121,0.01999,1.25777,-0.32113,0.06443,1.1898,0.00025,22.48202,0.81889,-0.16134,0.84734,1.0221,-0.04956,74
2,20004.453,0.45136,0.01895,0.01999,1.25257,-0.31809,15829.126,0.46562,5e-05,22.48202,0.81696,-0.16213,0.84734,1.01954,-0.04965,74
2,20004.453,0.36983,0.01124,0.01999,1.0915,-0.3071,0.10309,0.93278,0.00101,22.48202,0.68978,-0.14198,1.07079,0.85678,-0.04381,74
1,20004.453,0.76182,0.01577,0.01999,1.45747,-0.31283,20004.453,0.78413,-0.00045,22.48202,1.07084,-0.1412,1.07079,1.24074,-0.04349,74
2,20004.453,0.36947,0.01298,0.01999,1.07713,-0.3134,0.67072,1.09358,-5e-05,22.48202,0.68927,-0.14067,1.07079,0.8582,-0.04343,74
1,20004.453,0.76021,0.01388,0.01999,1.46439,-0.30377,20004.453,0.78585,-0.00016,22.48202,1.07135,-0.14169,1.07079,1.24227,-0.0438,74
2,20004.453,0.45347,0.01958,0.01999,1.25052,-0.31697,0.53067,1.15584,-0.00064,22.48202,0.8196,-0.16164,1.07079,1.02117,-0.04977,74
1,20004.453,0.75958,0.01451,0.01999,1.47262,-0.30362,20004.453,0.7832,0.00042,22.48202,1.06935,-0.14113,0.84734,1.24574,-0.04395,74
2,20004.453,0.45557,0.01942,0.01999,1.24119,-0.34139,15829.126,0.46857,-0.0004,22.48202,0.81794,-0.16079,0.84734,1.02353,-0.04905,74
1,20004.453,0.28337,0.02236,0.01999,1.10104,-0.3575,15829.126,0.29395,0.00217,22.48202,0.64713,-0.16979,0.84734,0.87322,-0.05296,74
1,20004.453,0.28441,0.02192,0.01999,1.1113,-0.33518,15829.126,0.29595,0.00133,17.79613,0.68013,-0.17031,0.84734,0.87371,-0.05373,74
2,20004.453,0.37071,0.01092,0.01999,1.0924,-0.30567,0.06443,0.82438,0.00124,22.48202,0.69007,-0.14209,1.07079,0.85907,-0.0439,74
1,20004.453,0.2847,0.02247,0.01999,1.113,-0.33577,15829.126,0.29471,0.00227,17.79613,0.68349,-0.1714,0.84734,0.87652,-0.0532,74
2,20004.453,0.4512,0.01806,0.01999,1.23924,-0.33191,15829.126,0.46345,-0.00041,22.48202,0.81824,-0.16303,0.84734,1.02438,-0.04954,73
1,20004.453,0.76027,0.01381,0.01999,1.47648,-0.30523,15829.126,0.7693,0.00032,22.48202,1.07083,-0.14134,0.84734,1.24612,-0.04399,73
2,20004.453,0.4451,0.01955,0.01999,1.2409,-0.3182,15829.126,0.45965,0.00113,22.48202,0.81474,-0.16184,1.07079,1.01668,-0.04991,73
2,20004.453,0.36951,0.0098,0.01999,1.091,-0.30651,15829.126,0.37758,-0.00252,22.48202,0.69007,-0.14107,1.07079,0.86027,-0.04409,73
1,20004.453,0.28296,0.02146,0.01999,1.10546,-0.34573,0.67072,1.10735,0.00083,22.48202,0.64737,-0.17073,0.84734,0.87513,-0.05315,73
2,20004.453,0.47644,0.01964,0.01999,1.26412,-0.32515,0.08153,1.11703,0.00027,17.79613,0.87167,-0.16171,0.84734,1.04664,-0.04928,73
2,20004.453,0.36903,0.01231,0.01999,1.09555,-0.30665,15829.126,0.37824,-0.00199,22.48202,0.68944,-0.14111,0.84734,0.86332,-0.04446,73
2,20004.453,0.36766,0.00998,0.01999,1.07874,-0.32964,15829.126,0.37786,-0.00261,22.48202,0.68861,-0.1403,1.07079,0.8603,-0.04406,73
1,20004.453,0.28321,0.02179,0.01999,1.13131,-0.3476,15829.126,0.29507,0.00091,17.79613,0.68074,-0.17098,0.84734,0.87272,-0.05276,73
2,20004.453,0.45269,0.01932,0.01999,1.23939,-0.33122,15829.126,0.46462,-0.00144,22.48202,0.81874,-0.16313,0.84734,1.02444,-0.04939,73
2,20004.453,0.36914,0.01142,0.01999,1.09193,-0.30616,15829.126,0.38075,-0.00198,22.48202,0.69012,-0.14073,0.84734,0.86328,-0.0444,73
1,20004.453,0.76276,0.01372,0.01999,1.4632,-0.31619,0.02528,1.1298,0.00024,22.48202,1.07239,-0.14225,1.07079,1.24637,-0.04346,73
2,20004.453,0.45318,0.01912,0.01999,1.26059,-0.32171,0.05102,1.52002,-0.00105,22.48202,0.81792,-0.16231,0.84734,1.02425,-0.04966,73
2,20004.453,0.3704,0.01131,0.01999,1.0836,-0.3361,15829.126,0.37873,-0.00178,22.48202,0.69031,-0.14235,1.07079,0.86065,-0.04386,73
1,20004.453,0.28546,0.02235,0.01999,1.13618,-0.35272,0.67072,1.07704,0.00017,17.79613,0.68283,-0.17189,0.84734,0.87716,-0.05337,73
5,20004.453,0.45847,0.02082,0.01999,1.56569,-0.38994,15829.126,0.47025,-0.00048,11.1448,0.98708,-0.23957,0.53067,1.29375,-0.08372,73
2,20004.453,0.37073,0.01108,0.01999,1.08062,-0.3143,0.10309,0.8811,-0.00117,22.48202,0.68938,-0.14105,0.84734,0.86369,-0.0439,73
1,20004.453,0.76419,0.0136,0.01999,1.48789,-0.32189,15829.126,0.7737,0.00017,22.48202,1.07433,-0.14304,0.84734,1.25064,-0.04372,73
1,20004.453,0.42584,0.04129,0.01999,1.62534,-0.4549,12516.703,0.45415,-0.00012,8.81772,1.03848,-0.27371,0.53067,1.35652,-0.09803,73
1,20004.453,0.76347,0.01282,0.01999,1.46367,-0.31253,15829.126,0.77167,0.00023,22.48202,1.07315,-0.1417,0.84734,1.251,-0.04407,73
1,20004.453,0.76261,0.01392,0.01999,1.48156,-0.30648,20004.453,0.78498,-0.00073,22.48202,1.07241,-0.14145,0.84734,1.24911,-0.04385,73
2,20004.453,0.45395,0.01888,0.01999,1.26432,-0.32345,15829.126,0.46971,-0.00059,22.48202,0.8199,-0.1623,0.84734,1.02671,-0.04951,73
1,20004.453,0.2837,0.02255,0.01999,1.11078,-0.34031,15829.126,0.29428,0.00229,17.79613,0.68132,-0.1714,0.84734,0.87691,-0.05307,73
1,20004.453,0.76716,0.01344,0.01999,1.47042,-0.30594,15829.126,0.77298,-0.00013,22.48202,1.07688,-0.1415,1.07079,1.24989,-0.04435,73
2,20004.453,0.36936,0.01061,0.01999,1.08151,-0.31862,0.67072,1.1101,0.00021,22.48202,0.68936,-0.14195,1.07079,0.86208,-0.04376,73
2,20004.453,0.48113,0.01888,0.01999,1.28872,-0.32165,15829.126,0.49659,-0.00017,17.79613,0.87705,-0.16194,0.84734,1.05259,-0.04987,73
2,20004.453,0.47056,0.0189,0.01999,1.26058,-0.32903,0.06443,1.06485,0.00115,17.79613,0.86553,-0.16286,0.84734,1.04367,-0.04952,73
2,20004.453,0.36955,0.01155,0.01999,1.09496,-0.30644,15829.126,0.38024,-0.00207,22.48202,0.68998,-0.14235,1.07079,0.86382,-0.04455,73
2,20004.453,0.45393,0.01885,0.01999,1.24452,-0.33002,15829.126,0.46772,6e-05,22.48202,0.81887,-0.16294,0.84734,1.02741,-0.04994,73
1,20004.453,0.76925,0.01417,0.01999,1.47292,-0.31045,0.08153,1.2828,-0.00032,22.48202,1.07981,-0.14181,0.84734,1.2583,-0.04371,73
2,20004.453,0.47847,0.01873,0.01999,1.28224,-0.34555,15829.126,0.49293,-0.00054,22.48202,0.84093,-0.16335,0.84734,1.05146,-0.04949,73
2,20004.453,0.45259,0.01942,0.01999,1.24349,-0.33289,15829.126,0.46607,-0.00046,17.79613,0.85111,-0.16219,0.84734,1.02818,-0.04976,73
2,20004.453,0.36995,0.01054,0.01999,1.09715,-0.30817,15829.126,0.3774,-0.00141,22.48202,0.69087,-0.14113,0.84734,0.86684,-0.04453,73
1,20004.453,0.28475,0.0212,0.01999,1.12178,-0.37078,0.67072,1.11421,-0.00145,17.79613,0.68375,-0.17218,0.84734,0.88107,-0.05347,73
1,20004.453,0.77228,0.01298,0.01999,1.47437,-0.31743,15829.126,0.77992,-0.00064,22.48202,1.08148,-0.14372,0.84734,1.26163,-0.0446,73
2,20004.453,0.36915,0.01049,0.01999,1.0899,-0.30829,20004.453,0.37715,0.0014,22.48202,0.68956,-0.14201,1.07079,0.86415,-0.04483,73
2,20004.453,0.4737,0.01935,0.01999,1.26626,-0.33324,15829.126,0.48873,-0.00157,22.48202,0.83847,-0.16388,0.84734,1.0506,-0.04957,73
1,20004.453,0.77439,0.01278,0.01999,1.48203,-0.30725,20004.453,0.79751,0.00018,22.48202,1.08309,-0.14293,0.84734,1.26447,-0.0444,73
1,20004.453,0.77434,0.01394,0.01999,1.48087,-0.30984,15829.126,0.78063,0.00018,17.79613,1.11367,-0.14242,1.07079,1.26228,-0.04461,73
1,20004.453,0.28525,0.02246,0.01999,1.11196,-0.34449,15829.126,0.29488,0.00199,17.79613,0.68187,-0.17313,0.84734,0.87901,-0.05341,73
1,20004.453,0.29816,0.01623,0.01999,1.27564,-0.39703,15829.126,0.3055,0.00103,11.1448,0.77,-0.2094,0.67072,1.00393,-0.07478,73
1,20004.453,0.28455,0.02116,0.01999,1.11354,-0.35473,0.53067,1.05088,0.0009,17.79613,0.68522,-0.17399,0.84734,0.88476,-0.05381,73
2,20004.453,0.48387,0.01914,0.01999,1.29838,-0.32562,15829.126,0.49883,-0.00222,22.48202,0.84626,-0.16505,0.84734,1.05913,-0.05013,73
2,20004.453,0.48759,0.01856,0.01999,1.28718,-0.32004,15829.126,0.50173,-0.00108,22.48202,0.85011,-0.16481,1.07079,1.05949,-0.05044,73
2,20004.453,0.48467,0.01987,0.01999,1.28012,-0.34184,15829.126,0.50126,-0.00017,22.48202,0.849,-0.16448,0.84734,1.06314,-0.04979,73
1,20004.453,0.30003,0.01698,0.01999,1.30052,-0.40071,15829.126,0.30741,0.00047,11.1448,0.76967,-0.21339,0.53067,1.01692,-0.07602,73
2,20004.453,0.47903,0.01898,0.01999,1.28661,-0.34636,15829.126,0.49278,-0.00045,17.79613,0.87457,-0.16356,0.84734,1.05587,-0.04989,73
1,20004.453,0.30269,0.01683,0.01999,1.27915,-0.43895,20004.453,0.33742,-0.00084,11.1448,0.76932,-0.21775,0.53067,1.02736,-0.07657,73
1,20004.453,0.77241,0.01284,0.01999,1.47892,-0.31301,15829.126,0.7815,-0.0002,22.48202,1.08246,-0.14266,1.07079,1.26089,-0.04436,73
1,20004.453,0.28373,0.02226,0.01999,1.11825,-0.35111,0.05102,1.14687,0.00083,17.79613,0.68386,-0.17462,0.84734,0.88527,-0.05441,72
1,20004.453,0.30306,0.01599,0.01999,1.29403,-0.42828,20004.453,0.3429,-0.00078,11.1448,0.76922,-0.21943,0.67072,1.03186,-0.07927,72
1,20004.453,0.28396,0.0221,0.01999,1.13524,-0.33906,0.67072,1.08805,-0.00013,17.79613,0.683,-0.17406,0.84734,0.88387,-0.05522,72
2,20004.453,0.48437,0.01825,0.01999,1.29715,-0.32209,15829.126,0.49687,0.00014,22.48202,0.84731,-0.16441,0.84734,1.06082,-0.05076,72
1,20004.453,0.28516,0.01932,0.01999,1.11278,-0.35829,15829.126,0.29561,-0.0,17.79613,0.68234,-0.17345,0.67072,0.88781,-0.05447,72
2,20004.453,0.48064,0.01948,0.01999,1.28233,-0.3298,15829.126,0.49406,0.00021,17.79613,0.87838,-0.16632,0.84734,1.06222,-0.05018,72
1,20004.453,0.28492,0.02053,0.01999,1.14765,-0.36598,15829.126,0.29595,0.00021,17.79613,0.68497,-0.17612,0.84734,0.88767,-0.05419,72
1,20004.453,0.30323,0.0163,0.01999,1.36528,-0.43302,0.06443,1.2366,-0.00072,11.1448,0.76997,-0.22452,0.53067,1.05164,-0.08112,72
2,20004.453,0.49235,0.0189,0.01999,1.2873,-0.33379,0.08153,1.14909,-3e-05,22.48202,0.85596,-0.16527,0.84734,1.07009,-0.04998,72
1,20004.453,0.28452,0.02097,0.01999,1.1176,-0.35025,15829.126,0.29664,0.00094,17.79613,0.6812,-0.1751,0.84734,0.88383,-0.05394,72
2,20004.453,0.48481,0.01921,0.01999,1.28591,-0.33137,15829.126,0.4987,-0.00078,17.79613,0.88059,-0.1651,0.84734,1.0662,-0.0506,72
2,20004.453,0.48821,0.02106,0.01999,1.30582,-0.32165,15829.126,0.50461,-0.00157,17.79613,0.88581,-0.16578,0.84734,1.07145,-0.05079,72
2,20004.453,0.48908,0.01858,0.01999,1.28918,-0.32782,15829.126,0.50358,-0.00082,22.48202,0.8508,-0.16528,0.84734,1.07001,-0.05016,72
1,20004.453,0.28532,0.02159,0.01999,1.13277,-0.34088,0.03192,1.3962,0.00028,17.79613,0.6851,-0.17535,0.84734,0.89039,-0.05577,72
1,20004.453,0.42683,0.04082,0.01999,1.65159,-0.45683,12516.703,0.44499,0.00072,8.81772,1.04551,-0.28079,0.41976,1.38462,-0.10011,72
5,20004.453,0.45561,0.01832,0.01999,1.57394,-0.40067,0.20791,1.30816,-0.00062,8.81772,1.03084,-0.24582,0.41976,1.31644,-0.08675,72
2,20004.453,0.48464,0.01908,0.01999,1.3075,-0.34712,15829.126,0.49857,-0.00051,17.79613,0.88362,-0.16709,0.84734,1.06976,-0.05021,72
1,20004.453,0.28511,0.02122,0.01999,1.12699,-0.34968,15829.126,0.29652,0.00154,17.79613,0.68416,-0.17736,0.84734,0.89206,-0.05466,72
2,20004.453,0.48601,0.01963,0.01999,1.30566,-0.32176,0.41976,1.37177,-0.00078,17.79613,0.88399,-0.16537,0.84734,1.07084,-0.05142,72
2,20004.453,0.48782,0.02005,0.01999,1.29687,-0.32252,15829.126,0.5032,-0.00184,22.48202,0.85101,-0.16625,0.84734,1.07231,-0.05088,72
1,20004.453,0.28479,0.02212,0.01999,1.15433,-0.36941,15829.126,0.29748,-0.00026,17.79613,0.68471,-0.17733,0.84734,0.89378,-0.05561,72
1,20004.453,0.28453,0.02021,0.01999,1.14309,-0.34191,0.67072,1.09717,0.0003,17.79613,0.6846,-0.17772,0.84734,0.89192,-0.05631,72
1,20004.453,0.28471,0.02129,0.01999,1.12766,-0.353,15829.126,0.29624,0.00156,17.79613,0.68526,-0.17698,0.84734,0.89355,-0.05517,72
2,20004.453,0.48846,0.02026,0.01999,1.30217,-0.32142,15829.126,0.50121,-0.00114,22.48202,0.8505,-0.16732,0.84734,1.07219,-0.05133,71
1,20004.453,0.42546,0.04009,0.01999,1.65038,-0.48674,12516.703,0.44348,0.00138,8.81772,1.04621,-0.28149,0.53067,1.38257,-0.09987,71
1,20004.453,0.30462,0.01464,0.01999,1.32674,-0.43437,0.53067,1.30448,-0.00048,8.81772,0.81377,-0.22735,0.67072,1.05633,-0.08506,71
2,20004.453,0.48265,0.01965,0.01999,1.29,-0.33262,15829.126,0.49525,-0.0005,17.79613,0.87875,-0.16768,0.84734,1.06804,-0.05158,71
2,20004.453,0.48102,0.01883,0.01999,1.30343,-0.32372,15829.126,0.49579,0.00037,17.79613,0.8774,-0.16766,0.84734,1.06647,-0.05135,71
2,20004.453,0.48601,0.01885,0.01999,1.28731,-0.3421,0.08153,1.14832,0.00041,17.79613,0.87885,-0.16635,0.84734,1.07014,-0.05121,71
2,20004.453,0.48503,0.01726,0.01999,1.29526,-0.32474,15829.126,0.49875,-0.00145,17.79613,0.88186,-0.16767,0.84734,1.07209,-0.05148,71
1,20004.453,0.28563,0.02006,0.01999,1.14783,-0.34381,15829.126,0.29725,0.00164,17.79613,0.68539,-0.17936,0.84734,0.8973,-0.05692,71
1,20004.453,0.42606,0.04268,0.01999,1.66675,-0.45191,12516.703,0.45118,-0.00067,6.97545,1.09653,-0.28245,0.41976,1.38868,-0.10153,71
1,20004.453,0.28551,0.0199,0.01999,1.14071,-0.34212,15829.126,0.29641,0.0004,17.79613,0.68475,-0.17729,0.84734,0.89394,-0.05694,71
2,20004.453,0.48943,0.01999,0.01999,1.29928,-0.32333,0.08153,1.14705,0.00069,22.48202,0.85003,-0.16703,0.84734,1.07456,-0.05177,71
2,20004.453,0.47919,0.01939,0.01999,1.29612,-0.32227,15829.126,0.49456,-0.00076,17.79613,0.87417,-0.16823,0.84734,1.06574,-0.05183,71
1,20004.453,0.28498,0.02055,0.01999,1.14135,-0.34651,0.67072,1.11145,0.00033,17.79613,0.68555,-0.17995,0.84734,0.89985,-0.05663,71
2,20004.453,0.4909,0.01954,0.01999,1.30735,-0.32213,15829.126,0.5074,-0.0006,17.79613,0.88531,-0.16724,0.84734,1.0761,-0.05205,71
2,20004.453,0.48298,0.01872,0.01999,1.29839,-0.32196,15829.126,0.49707,-0.00105,17.79613,0.87847,-0.169,0.84734,1.06933,-0.05134,71
1,20004.453,0.42563,0.0415,0.01999,1.66352,-0.46029,12516.703,0.45585,-0.00167,8.81772,1.04231,-0.28502,0.41976,1.39384,-0.10223,71
1,20004.453,0.2866,0.02107,0.01999,1.13353,-0.36507,0.10309,1.35809,8e-05,17.79613,0.68502,-0.17931,0.67072,0.90505,-0.05668,71
1,20004.453,0.28692,0.02014,0.01999,1.16581,-0.36393,15829.126,0.29742,0.00026,17.79613,0.68561,-0.18019,0.84734,0.89894,-0.05623,71
1,20004.453,0.28609,0.02027,0.01999,1.13787,-0.35251,15829.126,0.2979,0.00098,17.79613,0.68473,-0.17877,0.84734,0.90028,-0.05695,71
1,20004.453,0.28547,0.01958,0.01999,1.13253,-0.36054,15829.126,0.29806,0.00164,17.79613,0.68338,-0.17892,0.84734,0.89744,-0.05648,71
1,20004.453,0.2861,0.02072,0.01999,1.15717,-0.34622,15829.126,0.29793,0.00254,17.79613,0.68583,-0.18016,0.84734,0.90162,-0.0577,71
2,20004.453,0.49138,0.01828,0.01999,1.29885,-0.3349,0.10309,1.09569,0.00255,17.79613,0.88605,-0.16868,0.84734,1.07863,-0.05171,71
2,20004.453,0.47952,0.01822,0.01999,1.31453,-0.33047,15829.126,0.49752,-0.00153,17.79613,0.87851,-0.16907,0.84734,1.07093,-0.05193,71
1,20004.453,0.28791,0.02019,0.01999,1.16777,-0.37881,0.41976,1.21125,0.00098,17.79613,0.68441,-0.18099,0.84734,0.90447,-0.05745,71
1,20004.453,0.28959,0.02046,0.01999,1.16211,-0.35102,15829.126,0.30039,-0.00021,17.79613,0.68727,-0.18337,0.84734,0.91437,-0.05946,71
2,20004.453,0.48814,0.01805,0.01999,1.2958,-0.34667,15829.126,0.50412,-0.00119,17.79613,0.8828,-0.16862,0.84734,1.07638,-0.05157,71
1,20004.453,0.28832,0.02082,0.01999,1.16995,-0.35489,15829.126,0.29875,0.00067,17.79613,0.68403,-0.18087,0.67072,0.90942,-0.0577,71
1,20004.453,0.28958,0.01914,0.01999,1.15832,-0.34952,15829.126,0.30013,0.00019,17.79613,0.68527,-0.18271,0.84734,0.90883,-0.05837,71
2,20004.453,0.48608,0.01886,0.01999,1.30095,-0.33549,0.04042,1.01284,0.00044,17.79613,0.88299,-0.16996,0.84734,1.07897,-0.05174,71
1,20004.453,0.28805,0.01971,0.01999,1.18018,-0.35555,15829.126,0.29927,-0.00131,17.79613,0.68786,-0.18451,0.84734,0.91467,-0.05955,71
1,20004.453,0.28917,0.02019,0.01999,1.16015,-0.35232,15829.126,0.30089,0.00031,17.79613,0.68551,-0.18387,0.84734,0.9138,-0.05916,71
1,20004.453,0.42559,0.04068,0.01999,1.68767,-0.45061,12516.703,0.45526,0.0003,6.97545,1.09282,-0.28377,0.41976,1.3924,-0.10198,71
1,20004.453,0.29253,0.01907,0.01999,1.19726,-0.3866,15829.126,0.30277,-0.00072,17.79613,0.68866,-0.187,0.84734,0.92386,-0.06002,71
1,20004.453,0.29082,0.02088,0.01999,1.18914,-0.38574,15829.126,0.30208,-0.00034,17.79613,0.68869,-0.18548,0.67072,0.92384,-0.05932,71
1,20004.453,0.28863,0.01987,0.01999,1.14327,-0.37065,15829.126,0.2989,-0.00141,17.79613,0.68498,-0.18225,0.67072,0.91211,-0.0581,71
1,20004.453,0.29206,0.0197,0.01999,1.19561,-0.35968,15829.126,0.3047,0.00084,14.06813,0.7273,-0.18853,0.67072,0.93205,-0.06134,71
1,20004.453,0.2935,0.01921,0.01999,1.21454,-0.3804,15829.126,0.30338,-0.00171,14.06813,0.72761,-0.18974,0.84734,0.93401,-0.06188,71
2,20004.453,0.49134,0.0188,0.01999,1.30065,-0.32855,15829.126,0.50677,-0.00194,17.79613,0.88624,-0.16954,0.84734,1.0785,-0.05154,71
1,20004.453,0.29134,0.018,0.01999,1.18734,-0.35864,15829.126,0.30374,-0.00021,14.06813,0.72781,-0.18846,0.84734,0.92986,-0.06199,71
1,20004.453,0.28994,0.01882,0.01999,1.17297,-0.35345,15829.126,0.30297,-0.00115,14.06813,0.72486,-0.18583,0.84734,0.92074,-0.06019,71
2,20004.453,0.48182,0.01872,0.01999,1.29526,-0.32595,15829.126,0.49516,-0.00255,17.79613,0.87769,-0.16967,0.84734,1.07144,-0.05181,71
1,20004.453,0.30421,0.01528,0.01999,1.36511,-0.4209,20004.453,0.33356,0.00057,8.81772,0.81284,-0.22968,0.53067,1.07008,-0.08662,71
1,20004.453,0.29206,0.01987,0.01999,1.17905,-0.35624,15829.126,0.30369,-0.00122,14.06813,0.72662,-0.1875,0.84734,0.92695,-0.06106,71
1,20004.453,0.29108,0.01858,0.01999,1.18975,-0.35966,15829.126,0.3032,-0.00165,17.79613,0.68946,-0.18864,0.84734,0.93336,-0.06234,71
1,20004.453,0.29369,0.01921,0.01999,1.19871,-0.4003,0.67072,1.13583,-0.00051,17.79613,0.69019,-0.18905,0.67072,0.9371,-0.0612,71
1,20004.453,0.29433,0.01703,0.01999,1.2161,-0.36838,0.03192,1.45626,0.00146,14.06813,0.72925,-0.19334,0.67072,0.94511,-0.06327,71
1,20004.453,0.29606,0.01801,0.01999,1.21441,-0.36909,0.67072,1.15044,-0.00096,14.06813,0.73027,-0.19343,0.67072,0.9533,-0.06503,71
1,20004.453,0.29459,0.01806,0.01999,1.20813,-0.36857,15829.126,0.30646,-0.00209,14.06813,0.72815,-0.19393,0.67072,0.95084,-0.06545,71
1,20004.453,0.29328,0.01776,0.01999,1.21563,-0.3817,15829.126,0.30273,-0.00261,14.06813,0.72786,-0.19131,0.67072,0.93898,-0.0619,71
2,20004.453,0.49093,0.01907,0.01999,1.29821,-0.33903,15829.126,0.50346,-0.00045,17.79613,0.88465,-0.16963,0.67072,1.0831,-0.05178,71
1,20004.453,0.29307,0.01891,0.01999,1.1857,-0.36693,15829.126,0.30359,6e-05,14.06813,0.72879,-0.19019,0.84734,0.93741,-0.06258,71
1,20004.453,0.29628,0.01822,0.01999,1.20221,-0.37325,15829.126,0.30686,-0.00109,14.06813,0.7273,-0.19449,0.67072,0.95182,-0.06535,71
2,20004.453,0.49453,0.01782,0.01999,1.30654,-0.33317,15829.126,0.50868,-0.00038,17.79613,0.88845,-0.17071,0.84734,1.08466,-0.05136,71
1,20004.453,0.29709,0.01764,0.01999,1.22151,-0.37429,15829.126,0.30704,-0.00151,14.06813,0.73035,-0.19678,0.67072,0.96085,-0.06695,71
2,20004.453,0.49311,0.01856,0.01999,1.30551,-0.33263,15829.126,0.5098,-0.00132,17.79613,0.88814,-0.16986,0.67072,1.08793,-0.05185,71
1,20004.453,0.29521,0.01819,0.01999,1.19471,-0.40763,15829.126,0.30514,-0.00175,14.06813,0.72713,-0.19257,0.84734,0.9406,-0.06289,71
2,20004.453,0.50017,0.01873,0.01999,1.31917,-0.32393,15829.126,0.51553,-0.0001,17.79613,0.89278,-0.16868,0.84734,1.08925,-0.05205,71
1,20004.453,0.2965,0.01698,0.01999,1.2278,-0.37288,15829.126,0.30659,-0.0013,14.06813,0.73137,-0.19648,0.67072,0.95679,-0.06556,71
1,20004.453,0.29605,0.01793,0.01999,1.23927,-0.37967,15829.126,0.30115,0.00213,14.06813,0.72801,-0.19807,0.67072,0.96099,-0.06642,71
1,20004.453,0.29583,0.01891,0.01999,1.20192,-0.3719,0.08153,0.94178,-0.00032,14.06813,0.72863,-0.19487,0.67072,0.9531,-0.06532,70
1,20004.453,0.29584,0.01752,0.01999,1.24666,-0.38965,15829.126,0.30519,0.00163,14.06813,0.72769,-0.19655,0.67072,0.96034,-0.06627,70
1,20004.453,0.29578,0.01776,0.01999,1.22865,-0.37403,15829.126,0.30295,0.00169,14.06813,0.7297,-0.19813,0.53067,0.96307,-0.06687,70
2,20004.453,0.48831,0.0178,0.01999,1.32092,-0.32814,15829.126,0.50218,-0.00153,17.79613,0.88473,-0.16952,0.67072,1.08281,-0.05223,70
1,20004.453,0.42634,0.04053,0.01999,1.66551,-0.46503,12516.703,0.45532,0.0002,8.81772,1.03249,-0.28527,0.41976,1.3931,-0.10415,70
1,20004.453,0.29536,0.01602,0.01999,1.25776,-0.38642,15829.126,0.30272,0.0019,14.06813,0.72926,-0.20057,0.67072,0.97309,-0.0686,70
1,20004.453,0.29559,0.01691,0.01999,1.22401,-0.42272,15829.126,0.30739,-0.00163,14.06813,0.72915,-0.19944,0.67072,0.96892,-0.06718,70
1,20004.453,0.29595,0.01636,0.01999,1.22564,-0.38578,15829.126,0.30662,-0.00182,14.06813,0.72763,-0.19978,0.67072,0.97075,-0.06809,70
1,20004.453,0.29545,0.01661,0.01999,1.22113,-0.39058,15829.126,0.30385,0.0022,14.06813,0.72863,-0.19922,0.67072,0.97062,-0.06794,70
2,20004.453,0.50374,0.01704,0.01999,1.31656,-0.33447,15829.126,0.51463,0.00024,17.79613,0.89481,-0.17211,0.84734,1.09347,-0.05178,70
2,20004.453,0.49283,0.01761,0.01999,1.3083,-0.33472,15829.126,0.50722,-0.00192,17.79613,0.88817,-0.17029,0.67072,1.08995,-0.05201,70
2,20004.453,0.49371,0.01763,0.01999,1.31017,-0.33048,15829.126,0.50844,-0.00041,17.79613,0.88905,-0.17099,0.84734,1.08693,-0.05232,70
1,20004.453,0.29518,0.01529,0.01999,1.22668,-0.41357,15829.126,0.30304,0.00155,14.06813,0.72939,-0.20285,0.67072,0.97855,-0.06923,70
1,20004.453,0.29713,0.01694,0.01999,1.27129,-0.42358,0.41976,1.29392,0.00091,14.06813,0.7271,-0.20294,0.67072,0.97844,-0.06882,70
2,20004.453,0.49978,0.0171,0.01999,1.33596,-0.32809,15829.126,0.51555,-0.00114,17.79613,0.89507,-0.17145,0.67072,1.09815,-0.05287,70
1,20004.453,0.29583,0.01559,0.01999,1.25774,-0.38618,15829.126,0.30224,0.00132,14.06813,0.72757,-0.20377,0.53067,0.98591,-0.07053,70
1,20004.453,0.29749,0.01517,0.01999,1.27845,-0.39485,15829.126,0.30284,0.00139,14.06813,0.72746,-0.20698,0.67072,0.98779,-0.07151,70
2,20004.453,0.51366,0.01642,0.01999,1.37069,-0.33349,0.05102,1.09294,-0.00089,17.79613,0.9056,-0.17735,0.67072,1.12845,-0.05511,70
1,20004.453,0.29721,0.01638,0.01999,1.28296,-0.39465,15829.126,0.3042,0.00187,14.06813,0.72837,-0.20765,0.53067,0.99871,-0.07243,70
2,20004.453,0.51242,0.0184,0.01999,1.3577,-0.3297,0.04042,1.46561,0.00159,17.79613,0.90351,-0.17674,0.84734,1.12023,-0.05553,70
2,20004.453,0.50112,0.01841,0.01999,1.32986,-0.33347,15829.126,0.51629,-0.00176,17.79613,0.89476,-0.17505,0.84734,1.1046,-0.05399,70
2,20004.453,0.50255,0.01795,0.01999,1.34994,-0.32959,0.67072,1.26282,-0.00126,17.79613,0.89653,-0.17778,0.67072,1.11613,-0.05509,70
2,20004.453,0.51202,0.01811,0.01999,1.36376,-0.3308,15829.126,0.52559,-0.00235,17.79613,0.9041,-0.17815,0.67072,1.1255,-0.05552,70
5,20004.453,0.45889,0.02048,0.01999,1.58251,-0.41965,15829.126,0.48179,-0.00123,8.81772,1.03392,-0.25323,0.53067,1.32556,-0.08995,70
2,20004.453,0.50108,0.01838,0.01999,1.35406,-0.34165,15829.126,0.51704,-0.00096,17.79613,0.89413,-0.17495,0.67072,1.10769,-0.05375,70
2,20004.453,0.50557,0.01741,0.01999,1.33277,-0.33874,15829.126,0.51588,-0.00228,14.06813,0.93271,-0.1736,0.84734,1.10775,-0.05331,70
2,20004.453,0.51054,0.01837,0.01999,1.36254,-0.35949,15829.126,0.52581,-0.00234,17.79613,0.90213,-0.17722,0.84734,1.11826,-0.05408,70
1,20004.453,0.29993,0.01613,0.01999,1.3219,-0.42188,0.53067,1.14643,0.00012,11.1448,0.7704,-0.21282,0.67072,1.01252,-0.07554,70
2,20004.453,0.51664,0.01681,0.01999,1.37668,-0.33319,15829.126,0.52377,0.00199,17.79613,0.9094,-0.17899,0.67072,1.13585,-0.05563,70
1,20004.453,0.29751,0.01608,0.01999,1.27586,-0.39278,15829.126,0.30482,0.00049,11.1448,0.76763,-0.20738,0.53067,0.99799,-0.07271,70
1,20004.453,0.29708,0.01626,0.01999,1.2518,-0.40353,15829.126,0.30548,0.00156,14.06813,0.72836,-0.20798,0.67072,0.99448,-0.07263,70
2,20004.453,0.49771,0.01839,0.01999,1.33958,-0.3291,15829.126,0.51244,-0.00102,17.79613,0.89125,-0.17321,0.84734,1.0966,-0.0534,70
2,20004.453,0.52755,0.01748,0.01999,1.37124,-0.34056,15829.126,0.53324,0.00305,17.79613,0.91938,-0.18086,0.84734,1.14447,-0.05575,70
1,20004.453,0.29825,0.01668,0.01999,1.25773,-0.40866,15829.126,0.30643,0.00223,11.1448,0.76799,-0.20824,0.67072,1.00014,-0.07243,70
2,20004.453,0.52761,0.01625,0.01999,1.3832,-0.33292,15829.126,0.54016,-0.00175,17.79613,0.91763,-0.178,0.67072,1.14215,-0.05562,70
2,20004.453,0.52732,0.01644,0.01999,1.38712,-0.36197,0.08153,1.1724,0.00147,14.06813,0.95475,-0.17861,0.67072,1.14428,-0.05452,70
2,20004.453,0.50757,0.01713,0.01999,1.3381,-0.33227,15829.126,0.51837,-0.00225,17.79613,0.89798,-0.17576,0.84734,1.11193,-0.05473,70
1,20004.453,0.30151,0.01691,0.01999,1.39924,-0.4684,20004.453,0.33012,-3e-05,8.81772,0.8076,-0.23418,0.53067,1.07416,-0.08765,70
2,20004.453,0.52818,0.01749,0.01999,1.3809,-0.33155,15829.126,0.53317,0.00153,17.79613,0.91954,-0.17915,0.84734,1.14169,-0.05657,70
2,20004.453,0.51273,0.01771,0.01999,1.34437,-0.33903,15829.126,0.5269,-0.00212,17.79613,0.90229,-0.17763,0.84734,1.11886,-0.05455,70
2,20004.453,0.50656,0.01823,0.01999,1.35048,-0.36142,0.03192,1.5846,0.0014,17.79613,0.89872,-0.1778,0.84734,1.11454,-0.05418,70
1,20004.453,0.30178,0.01653,0.01999,1.31758,-0.43776,15829.126,0.30741,0.00127,11.1448,0.76817,-0.2125,0.53067,1.01653,-0.0749,70
2,20004.453,0.50695,0.01675,0.01999,1.34071,-0.34014,15829.126,0.51522,0.00185,17.79613,0.90096,-0.1771,0.84734,1.11526,-0.05383,70
2,20004.453,0.51795,0.01818,0.01999,1.36021,-0.34257,15829.126,0.53326,-0.00219,17.79613,0.91067,-0.17912,0.67072,1.13867,-0.05527,70
2,20004.453,0.51826,0.01709,0.01999,1.35737,-0.34145,0.53067,1.40589,-0.00047,17.79613,0.91011,-0.17937,0.67072,1.13548,-0.05576,70
2,20004.453,0.52728,0.01862,0.01999,1.36724,-0.34022,0.08153,1.18722,0.00068,17.79613,0.91708,-0.17934,0.84734,1.14069,-0.05537,70
2,20004.453,0.52121,0.01705,0.01999,1.3548,-0.34813,0.08153,1.20116,0.00174,17.79613,0.91217,-0.17731,0.67072,1.1362,-0.05471,70
5,20004.453,0.45795,0.01939,0.01999,1.63498,-0.43948,15829.126,0.48187,-0.00073,8.81772,1.0311,-0.25775,0.41976,1.3417,-0.09062,69
1,20004.453,0.42454,0.03943,0.01999,1.73314,-0.51231,0.04042,0.86689,0.00106,8.81772,1.03616,-0.29288,0.41976,1.4184,-0.10601,69
1,20004.453,0.30189,0.01631,0.01999,1.36852,-0.43394,15829.126,0.3115,-0.00016,8.81772,0.80595,-0.23739,0.53067,1.08582,-0.09184,69
1,20004.453,0.42425,0.03956,0.01999,1.73414,-0.46524,12516.703,0.45697,-0.00082,6.97545,1.09396,-0.29565,0.41976,1.42262,-0.10745,68
1,20004.453,0.42471,0.04126,0.01999,1.74551,-0.4795,12516.703,0.44626,-0.00018,8.81772,1.03059,-0.29393,0.41976,1.41881,-0.10823,68
1,20004.453,0.30154,0.01609,0.01999,1.38477,-0.43529,15829.126,0.30669,-0.00042,8.81772,0.80332,-0.23966,0.41976,1.09825,-0.09371,68
5,20004.453,0.46045,0.02071,0.01999,1.63962,-0.4134,15829.126,0.48202,-0.00068,8.81772,1.03081,-0.2589,0.41976,1.34878,-0.09209,68
1,20004.453,0.42413,0.04004,0.01999,1.70162,-0.48722,12516.703,0.4531,-0.00142,8.81772,1.03489,-0.29596,0.41976,1.42852,-0.11126,68
1,20004.453,0.42633,0.0399,0.01999,1.70416,-0.48052,12516.703,0.44696,0.00048,8.81772,1.0296,-0.29411,0.33183,1.43319,-0.11121,68
1,20004.453,0.3,0.01624,0.01999,1.40807,-0.43909,20004.453,0.32888,0.0005,6.97545,0.85327,-0.24444,0.41976,1.11153,-0.09588,68
1,20004.453,0.42816,0.04169,0.01999,1.72727,-0.46788,12516.703,0.44833,-0.00037,6.97545,1.08899,-0.30103,0.41976,1.43085,-0.11015,67
5,20004.453,0.45992,0.01907,0.01999,1.63605,-0.41203,15829.126,0.47149,0.00034,6.97545,1.08424,-0.26281,0.41976,1.36084,-0.09419,67
5,20004.453,0.4604,0.01938,0.01999,1.65977,-0.41813,15829.126,0.47243,0.00065,6.97545,1.08076,-0.26605,0.41976,1.36809,-0.09567,67
1,20004.453,0.30003,0.01442,0.01999,1.43959,-0.44711,20004.453,0.32582,0.00011,6.97545,0.85141,-0.24873,0.41976,1.12355,-0.09802,66
5,20004.453,0.45922,0.02008,0.01999,1.6628,-0.41831,15829.126,0.47089,-0.0004,8.81772,1.0278,-0.26734,0.41976,1.37471,-0.09724,66
1,20004.453,0.42665,0.0367,0.01999,1.76422,-0.47418,12516.703,0.44785,-0.00022,6.97545,1.09086,-0.30795,0.41976,1.45051,-0.11387,66
1,20004.453,0.30034,0.01685,0.01999,1.44961,-0.45094,15829.126,0.30705,0.00045,6.97545,0.85146,-0.25275,0.41976,1.13652,-0.10067,66
1,20004.453,0.42747,0.04051,0.01999,1.79191,-0.49532,12516.703,0.44994,-0.00025,6.97545,1.08491,-0.30643,0.41976,1.45687,-0.11587,65
1,20004.453,0.42844,0.03948,0.01999,1.79445,-0.49753,12516.703,0.4482,-0.00056,5.5173,1.15265,-0.30579,0.33183,1.46566,-0.11499,65
1,20004.453,0.42874,0.03999,0.01999,1.73792,-0.50222,12516.703,0.45899,-0.00056,5.5173,1.14607,-0.3059,0.41976,1.45619,-0.1188,65
1,20004.453,0.29908,0.01529,0.01999,1.48378,-0.47124,20004.453,0.31581,-0.0003,6.97545,0.84717,-0.25346,0.41976,1.14417,-0.10263,65
1,20004.453,0.42948,0.03966,0.01999,1.78391,-0.53874,0.05102,1.75948,-1e-05,6.97545,1.08945,-0.30513,0.33183,1.46954,-0.11577,65
1,20004.453,0.43164,0.04058,0.01999,1.77337,-0.483,12516.703,0.4619,-4e-05,6.97545,1.08734,-0.3137,0.41976,1.46722,-0.11823,64
1,20004.453,0.29799,0.01472,0.01999,1.49313,-0.49125,15829.126,0.30561,-8e-05,6.97545,0.84521,-0.25437,0.41976,1.14709,-0.10396,64
5,20004.453,0.45848,0.01876,0.01999,1.66017,-0.43415,15829.126,0.47275,0.00062,8.81772,1.02397,-0.27384,0.33183,1.39842,-0.10188,64
5,20004.453,0.45854,0.02117,0.01999,1.66154,-0.45248,0.06443,1.73541,0.0011,6.97545,1.0759,-0.27508,0.41976,1.39944,-0.10408,64
1,20004.453,0.43342,0.03827,0.01999,1.80736,-0.48703,12516.703,0.45329,-0.00018,6.97545,1.09096,-0.31837,0.33183,1.49368,-0.12082,64
1,20004.453,0.43082,0.0389,0.01999,1.81177,-0.49129,12516.703,0.46056,-0.00025,6.97545,1.07995,-0.31836,0.41976,1.48288,-0.12272,63
1,20004.453,0.30018,0.01442,0.01999,1.5053,-0.47929,20004.453,0.31527,0.00011,5.5173,0.90168,-0.26108,0.41976,1.16181,-0.10685,63
1,20004.453,0.43393,0.03973,0.01999,1.79008,-0.4922,12516.703,0.45721,-8e-05,6.97545,1.09377,-0.31839,0.33183,1.49719,-0.12212,63
1,20004.453,0.43421,0.03981,0.01999,1.7882,-0.50239,12516.703,0.45551,0.00058,6.97545,1.08896,-0.31878,0.33183,1.49985,-0.12374,63
5,20004.453,0.45668,0.01888,0.01999,1.69533,-0.43145,15829.126,0.47019,-0.00028,6.97545,1.06627,-0.28215,0.41976,1.39632,-0.10393,63
1,20004.453,0.43374,0.0405,0.01999,1.83341,-0.50298,12516.703,0.45456,0.00061,5.5173,1.14993,-0.3206,0.33183,1.50011,-0.12373,63
1,20004.453,0.43216,0.03963,0.01999,1.7942,-0.49603,0.10309,1.53883,5e-05,6.97545,1.09331,-0.32106,0.33183,1.50212,-0.12336,63
1,20004.453,0.29932,0.01365,0.01999,1.46072,-0.48685,15829.126,0.30781,4e-05,6.97545,0.84834,-0.26292,0.41976,1.17192,-0.11176,62
1,20004.453,0.43515,0.03925,0.01999,1.80326,-0.51501,12516.703,0.45632,-3e-05,5.5173,1.1451,-0.32326,0.33183,1.51319,-0.12767,62
5,20004.453,0.45622,0.01885,0.01999,1.68307,-0.45224,15829.126,0.47036,0.00037,5.5173,1.11875,-0.28153,0.33183,1.41521,-0.1088,62
1,20004.453,0.30011,0.013,0.01999,1.52827,-0.48326,20004.453,0.31704,0.00035,5.5173,0.90174,-0.2683,0.41976,1.18288,-0.11214,62
1,20004.453,0.43407,0.0391,0.01999,1.8702,-0.51543,12516.703,0.45534,-0.0002,5.5173,1.15442,-0.33178,0.33183,1.52891,-0.12886,61
1,20004.453,0.43476,0.03798,0.01999,1.83058,-0.51491,12516.703,0.45861,-0.00039,6.97545,1.0938,-0.3284,0.33183,1.53588,-0.13073,61
1,20004.453,0.30159,0.0136,0.01999,1.51596,-0.4778,20004.453,0.31588,0.00035,6.97545,0.84731,-0.27399,0.41976,1.19348,-0.11488,61
5,20004.453,0.45614,0.01789,0.01999,1.72923,-0.44048,15829.126,0.46968,-0.00022,6.97545,1.06964,-0.29335,0.41976,1.42909,-0.11045,60
1,20004.453,0.3006,0.01257,0.01999,1.49513,-0.53709,20004.453,0.31704,-0.0001,5.5173,0.90445,-0.27497,0.41976,1.20694,-0.11761,60
1,20004.453,0.30052,0.01081,0.01999,1.55994,-0.49892,20004.453,0.31422,0.00048,5.5173,0.90134,-0.27671,0.41976,1.20597,-0.11801,60
5,20004.453,0.45669,0.01754,0.01999,1.72168,-0.45362,15829.126,0.47061,-0.00116,6.97545,1.07399,-0.29471,0.33183,1.44554,-0.11252,60
5,20004.453,0.45578,0.02045,0.01999,1.72762,-0.46327,15829.126,0.46925,-0.00103,5.5173,1.12672,-0.29679,0.33183,1.45291,-0.11518,59
5,20004.453,0.45598,0.0184,0.01999,1.76714,-0.45321,15829.126,0.46995,-0.00209,6.97545,1.0652,-0.29896,0.33183,1.45673,-0.11495,59
1,20004.453,0.30033,0.01231,0.01999,1.5192,-0.51319,20004.453,0.31622,1e-05,5.5173,0.89288,-0.28247,0.33183,1.22738,-0.12456,59
1,20004.453,0.43607,0.03982,0.01999,1.8523,-0.56507,12516.703,0.45622,-0.00152,5.5173,1.14825,-0.3253,0.33183,1.53016,-0.12715,58
5,20004.453,0.4553,0.01873,0.01999,1.75231,-0.45363,15829.126,0.47161,-0.00119,6.97545,1.06226,-0.3015,0.33183,1.45796,-0.11695,58
1,20004.453,0.4348,0.03826,0.01999,1.90653,-0.52288,12516.703,0.45668,-0.00127,4.36941,1.21234,-0.35133,0.33183,1.57565,-0.14026,58
1,20004.453,0.3014,0.01047,0.01999,1.57944,-0.50015,20004.453,0.31631,-2e-05,5.5173,0.90294,-0.2851,0.41976,1.22929,-0.12425,58
1,20004.453,0.43611,0.03797,0.01999,1.88202,-0.58857,12516.703,0.4518,3e-05,4.36941,1.20916,-0.35489,0.33183,1.583,-0.14497,58
5,20004.453,0.4568,0.01898,0.01999,1.79121,-0.4602,15829.126,0.47216,-0.00072,6.97545,1.06454,-0.30911,0.33183,1.48294,-0.12076,57
1,20004.453,0.3016,0.01095,0.01999,1.60225,-0.50832,20004.453,0.3118,-0.00025,4.36941,0.95525,-0.2913,0.41976,1.24742,-0.12841,57
1,20004.453,0.52816,0.03239,0.01999,2.25374,-0.54445,12516.703,0.54435,-0.00237,2.73547,1.49972,-0.48227,0.20791,1.97945,-0.17711,57
1,20004.453,0.51169,0.032,0.01999,2.2702,-0.56987,12516.703,0.53126,-0.00176,3.45686,1.38698,-0.48114,0.26261,1.95811,-0.17868,57
1,20004.453,0.52896,0.03268,0.01999,2.25057,-0.56099,12516.703,0.54596,-0.0026,2.73547,1.5064,-0.47679,0.20791,1.98022,-0.17971,57
1,20004.453,0.51088,0.03308,0.01999,2.25382,-0.57618,12516.703,0.52658,-0.00274,3.45686,1.37978,-0.47779,0.20791,1.96865,-0.18175,56
5,20004.453,0.45643,0.0186,0.01999,1.8063,-0.46487,15829.126,0.47092,-0.00121,5.5173,1.12902,-0.31104,0.33183,1.48761,-0.12176,56
1,20004.453,0.53048,0.03312,0.01999,2.29092,-0.56846,12516.703,0.54629,-0.00201,3.45686,1.40139,-0.4822,0.20791,1.98735,-0.17961,56
1,20004.453,0.30037,0.01091,0.01999,1.58286,-0.58656,20004.453,0.31745,-0.00107,4.36941,0.96082,-0.29638,0.41976,1.25775,-0.12895,56
1,20004.453,0.43535,0.0397,0.01999,1.8864,-0.51536,12516.703,0.45842,-0.00118,4.36941,1.21399,-0.3409,0.33183,1.55818,-0.13601,56
5,20004.453,0.45534,0.01947,0.01999,1.82456,-0.47645,15829.126,0.46944,-0.00159,5.5173,1.12783,-0.3171,0.33183,1.49468,-0.12285,56
1,20004.453,0.43485,0.03867,0.01999,1.85685,-0.53239,12516.703,0.45634,-0.0011,5.5173,1.13842,-0.34133,0.33183,1.55822,-0.13825,56
1,20004.453,0.5236,0.03154,0.01999,2.27721,-0.57851,12516.703,0.53995,-0.00166,3.45686,1.38904,-0.48238,0.26261,1.9745,-0.18207,56
1,20004.453,0.30325,0.01019,0.01999,1.57281,-0.56485,20004.453,0.31448,-0.00202,4.36941,0.95431,-0.29881,0.41976,1.26983,-0.13525,56
1,20004.453,0.4351,0.03898,0.01999,1.89072,-0.51838,12516.703,0.45589,-0.00124,4.36941,1.21362,-0.34436,0.33183,1.56578,-0.13743,56
1,20004.453,0.52753,0.03152,0.01999,2.26211,-0.54973,12516.703,0.54509,-0.00367,2.73547,1.49787,-0.48624,0.20791,1.9858,-0.17926,56
5,20004.453,0.45631,0.01826,0.01999,1.82438,-0.52172,15829.126,0.47055,-0.00129,5.5173,1.1138,-0.31551,0.33183,1.49572,-0.12382,55
1,20004.453,0.30322,0.00963,0.01999,1.63154,-0.51995,20004.453,0.31271,-0.00135,4.36941,0.95436,-0.30237,0.33183,1.28087,-0.13485,55
1,20004.453,0.43539,0.03807,0.01999,1.91772,-0.52781,12516.703,0.45755,-0.00151,5.5173,1.15071,-0.34931,0.33183,1.57262,-0.13957,55
1,20004.453,0.53002,0.03455,0.01999,2.30981,-0.56922,12516.703,0.54318,-0.00373,3.45686,1.40172,-0.48654,0.20791,2.00029,-0.18124,55
5,20004.453,0.45643,0.01783,0.01999,1.841,-0.49672,0.53067,1.12043,-0.00082,5.5173,1.11723,-0.32025,0.33183,1.50031,-0.12591,55
1,20004.453,0.53174,0.02811,0.01999,2.27859,-0.55065,12516.703,0.54605,-0.00269,2.73547,1.49611,-0.49026,0.20791,1.99999,-0.18107,55
1,20004.453,0.43485,0.03822,0.01999,1.87728,-0.54427,12516.703,0.45442,0.00013,5.5173,1.13242,-0.34884,0.33183,1.57232,-0.14284,55
1,20004.453,0.5311,0.0318,0.01999,2.2827,-0.5649,12516.703,0.54705,-0.00304,2.73547,1.50846,-0.49205,0.20791,2.00845,-0.18513,55
1,20004.453,0.53346,0.031,0.01999,2.32318,-0.54657,12516.703,0.54837,-0.00288,2.73547,1.50091,-0.49368,0.20791,2.01028,-0.17989,54
1,20004.453,0.53154,0.03223,0.01999,2.28529,-0.56088,12516.703,0.54846,-0.00263,2.73547,1.50603,-0.49474,0.20791,2.01012,-0.18451,54
1,20004.453,0.43382,0.03934,0.01999,1.8998,-0.53478,12516.703,0.44924,0.00278,4.36941,1.21978,-0.35518,0.33183,1.58846,-0.14401,54
1,20004.453,0.52772,0.03123,0.01999,2.28965,-0.55454,12516.703,0.54136,-0.00268,2.73547,1.49008,-0.49507,0.20791,2.00865,-0.18356,54
5,20004.453,0.45657,0.01771,0.01999,1.81711,-0.48622,15829.126,0.47056,-0.00061,4.36941,1.19035,-0.3234,0.33183,1.52131,-0.13023,54
1,20004.453,0.45531,0.0336,0.01999,2.09284,-0.51241,12516.703,0.47155,-0.002,3.45686,1.34237,-0.43994,0.20791,1.82393,-0.15845,54
1,20004.453,0.52236,0.03182,0.01999,2.32601,-0.57685,12516.703,0.53722,-0.00463,3.45686,1.39106,-0.49294,0.20791,2.0112,-0.18604,54
1,20004.453,0.45696,0.03267,0.01999,2.11245,-0.51655,12516.703,0.47085,-0.00253,3.45686,1.34694,-0.44488,0.20791,1.84413,-0.16079,54
1,20004.453,0.45632,0.032,0.01999,2.13633,-0.54287,12516.703,0.4716,-0.00264,3.45686,1.33714,-0.45226,0.26261,1.83878,-0.16306,54
5,20004.453,0.45811,0.01863,0.01999,1.82377,-0.48854,15829.126,0.46957,-0.00057,4.36941,1.19085,-0.32603,0.33183,1.5267,-0.13238,53
1,20004.453,0.45933,0.03324,0.01999,2.11278,-0.51751,12516.703,0.47776,-0.0039,3.45686,1.34098,-0.44879,0.20791,1.84262,-0.16208,53
1,20004.453,0.52053,0.03193,0.01999,2.29856,-0.58869,12516.703,0.53463,-0.00317,2.73547,1.49396,-0.49057,0.20791,2.01481,-0.19018,53
1,20004.453,0.5221,0.03147,0.01999,2.32525,-0.59495,12516.703,0.53794,-0.00403,3.45686,1.37664,-0.49708,0.20791,2.023,-0.19249,53
1,20004.453,0.52563,0.02984,0.01999,2.31099,-0.56077,12516.703,0.5417,-0.00449,2.73547,1.4832,-0.50385,0.20791,2.02722,-0.18881,53
1,20004.453,0.51819,0.03178,0.01999,2.3408,-0.59149,12516.703,0.5359,-0.00396,3.45686,1.38405,-0.50127,0.20791,2.03152,-0.19182,53
5,20004.453,0.45683,0.01738,0.01999,1.86019,-0.54485,15829.126,0.47144,-0.00045,4.36941,1.18957,-0.32909,0.33183,1.53733,-0.13267,53
1,20004.453,0.52007,0.03119,0.01999,2.31167,-0.59284,12516.703,0.53471,-0.00367,2.73547,1.4937,-0.49406,0.20791,2.02405,-0.19258,53
1,20004.453,0.52435,0.02978,0.01999,2.30584,-0.57864,12516.703,0.53977,-0.0052,2.73547,1.49603,-0.50451,0.20791,2.02778,-0.1922,53
1,20004.453,0.45735,0.03059,0.01999,2.11047,-0.53691,12516.703,0.47267,-0.00281,4.36941,1.24178,-0.44539,0.20791,1.84675,-0.16653,53
5,20004.453,0.45756,0.01916,0.01999,1.84271,-0.48335,15829.126,0.46465,0.00217,4.36941,1.17998,-0.33282,0.33183,1.53089,-0.1344,53
5,20004.453,0.45665,0.01793,0.01999,1.87427,-0.49033,15829.126,0.46268,0.00242,4.36941,1.17476,-0.3314,0.33183,1.5356,-0.13569,53
1,20004.453,0.45588,0.03103,0.01999,2.12678,-0.51267,12516.703,0.47248,-0.00272,3.45686,1.32356,-0.44859,0.20791,1.8525,-0.16485,53
5,20004.453,0.45618,0.01864,0.01999,1.88127,-0.49028,15829.126,0.46286,0.00193,4.36941,1.18194,-0.33255,0.33183,1.54229,-0.13549,53
1,20004.453,0.52445,0.03005,0.01999,2.35037,-0.59395,12516.703,0.53995,-0.00387,3.45686,1.38421,-0.50242,0.20791,2.03783,-0.19326,52
1,20004.453,0.45739,0.03238,0.01999,2.15796,-0.54087,12516.703,0.47168,-0.00232,3.45686,1.34019,-0.4584,0.26261,1.85169,-0.16543,52
1,20004.453,0.45667,0.0317,0.01999,2.16367,-0.52234,12516.703,0.47127,-0.00253,2.73547,1.42947,-0.45532,0.20791,1.86676,-0.16443,52
1,20004.453,0.45873,0.03002,0.01999,2.15465,-0.51187,12516.703,0.47476,-0.00301,2.73547,1.43101,-0.45787,0.20791,1.86493,-0.16518,52
5,20004.453,0.45757,0.01967,0.01999,1.85772,-0.48696,15829.126,0.47027,-0.0008,4.36941,1.17859,-0.33733,0.33183,1.5402,-0.13675,52
1,20004.453,0.4595,0.03076,0.01999,2.1317,-0.53373,12516.703,0.47591,-0.00262,2.73547,1.43245,-0.4571,0.20791,1.86527,-0.16904,52
1,20004.453,0.45603,0.03056,0.01999,2.15023,-0.55323,12516.703,0.47091,-0.00385,3.45686,1.33187,-0.46028,0.26261,1.85836,-0.16837,52
5,20004.453,0.46466,0.01447,0.01999,2.05915,-0.63479,15829.126,0.47357,0.0006,4.36941,1.21525,-0.38288,0.33183,1.67745,-0.1787,52
5,20004.453,0.45735,0.01871,0.01999,1.90311,-0.53377,15829.126,0.4645,0.00178,5.5173,1.10793,-0.33669,0.33183,1.54896,-0.13744,52
1,20004.453,0.52411,0.02989,0.01999,2.37976,-0.58033,12516.703,0.53849,-0.00497,2.73547,1.48697,-0.51391,0.20791,2.0558,-0.1938,52
1,20004.453,0.5202,0.02883,0.01999,2.37392,-0.59344,12516.703,0.53689,-0.00313,2.73547,1.48332,-0.51027,0.20791,2.05475,-0.19606,52
1,20004.453,0.5225,0.02972,0.01999,2.37146,-0.6012,12516.703,0.53831,-0.00445,3.45686,1.38389,-0.50937,0.20791,2.05845,-0.19809,51
5,20004.453,0.4632,0.0148,0.01999,2.06487,-0.65079,15829.126,0.47294,-7e-05,3.45686,1.29093,-0.38626,0.26261,1.69866,-0.18149,51
1,20004.453,0.52191,0.02829,0.01999,2.35107,-0.6075,12516.703,0.53741,-0.00482,2.16054,1.6026,-0.51263,0.20791,2.05865,-0.20085,51
1,20004.453,0.52493,0.03146,0.01999,2.36682,-0.606,12516.703,0.53841,-0.00382,3.45686,1.37843,-0.51156,0.20791,2.05964,-0.19907,51
5,20004.453,0.46349,0.01469,0.01999,2.09212,-0.63229,15829.126,0.47193,-0.00059,4.36941,1.20917,-0.38904,0.33183,1.69423,-0.18332,51
1,20004.453,0.46013,0.03213,0.01999,2.15151,-0.55177,12516.703,0.47403,-0.00305,3.45686,1.33215,-0.45706,0.20791,1.8817,-0.17297,51
1,20004.453,0.51854,0.02909,0.01999,2.39239,-0.58508,12516.703,0.53555,-0.00461,2.73547,1.47921,-0.5192,0.20791,2.06338,-0.1973,51
5,20004.453,0.46271,0.01868,0.01999,1.91045,-0.49675,15829.126,0.46277,0.00141,4.36941,1.18055,-0.34643,0.26261,1.58091,-0.14274,51
1,20004.453,0.45961,0.03007,0.01999,2.18353,-0.54788,12516.703,0.47437,-0.00252,3.45686,1.33499,-0.46593,0.26261,1.8675,-0.17066,51
1,20004.453,0.45679,0.03065,0.01999,2.15724,-0.55717,12516.703,0.47401,-0.00174,3.45686,1.32877,-0.4593,0.20791,1.88391,-0.17382,51
1,20004.453,0.46298,0.03018,0.01999,2.168,-0.53364,12516.703,0.47975,-0.00281,3.45686,1.34103,-0.46987,0.20791,1.89324,-0.17156,50
5,20004.453,0.45696,0.01617,0.01999,1.88981,-0.50309,15829.126,0.46931,-0.00187,4.36941,1.18796,-0.34954,0.33183,1.57545,-0.14483,50
1,20004.453,0.46442,0.03113,0.01999,2.20039,-0.55085,12516.703,0.48114,-0.00211,3.45686,1.34337,-0.46777,0.26261,1.88314,-0.17193,50
1,20004.453,0.46846,0.03062,0.01999,2.22169,-0.55755,12516.703,0.4865,-0.00246,3.45686,1.3484,-0.47471,0.26261,1.90313,-0.17577,50
5,20004.453,0.46336,0.01433,0.01999,2.09118,-0.69311,15829.126,0.4711,0.00046,4.36941,1.21423,-0.39098,0.33183,1.7075,-0.18591,50
1,20004.453,0.5195,0.03004,0.01999,2.3743,-0.56098,12516.703,0.53431,-0.00506,2.16054,1.59024,-0.52944,0.16452,2.0913,-0.20078,50
5,20004.453,0.45763,0.01695,0.01999,1.88629,-0.51718,15829.126,0.46343,0.0012,3.45686,1.24659,-0.34867,0.26261,1.58759,-0.14718,50
5,20004.453,0.45715,0.01603,0.01999,1.88457,-0.53321,0.10309,1.45251,-0.0006,5.5173,1.11714,-0.34801,0.26261,1.59252,-0.14936,50
5,20004.453,0.46076,0.01659,0.01999,1.89826,-0.51419,15829.126,0.46873,-0.00229,3.45686,1.25122,-0.3516,0.26261,1.59928,-0.1483,50
1,20004.453,0.46459,0.03042,0.01999,2.17377,-0.53511,12516.703,0.48144,-0.0027,2.73547,1.43567,-0.46922,0.20791,1.89811,-0.17232,50
5,20004.453,0.45769,0.01807,0.01999,1.9004,-0.50644,15829.126,0.47219,-8e-05,4.36941,1.18,-0.35326,0.33183,1.57936,-0.14741,50
1,20004.453,0.52053,0.0274,0.01999,2.35902,-0.60327,12516.703,0.53699,-0.00505,2.16054,1.59775,-0.5246,0.16452,2.08436,-0.20371,50
1,20004.453,0.46833,0.03001,0.01999,2.18805,-0.52586,12516.703,0.4855,-0.00365,3.45686,1.33862,-0.46554,0.20791,1.90988,-0.17289,50
1,20004.453,0.46787,0.03125,0.01999,2.18338,-0.53829,12516.703,0.48587,-0.00421,2.73547,1.43621,-0.47401,0.20791,1.90518,-0.17399,50
1,20004.453,0.47047,0.03136,0.01999,2.21348,-0.56863,12516.703,0.48628,-0.00434,3.45686,1.34035,-0.47693,0.26261,1.90524,-0.17778,50
5,20004.453,0.46306,0.01316,0.01999,2.10832,-0.63718,15829.126,0.46973,-0.00019,4.36941,1.20566,-0.39664,0.33183,1.7109,-0.18836,50
5,20004.453,0.45785,0.01702,0.01999,1.88996,-0.54592,15829.126,0.47168,-0.00184,4.36941,1.17036,-0.3527,0.33183,1.58727,-0.15297,49
5,20004.453,0.46416,0.01349,0.01999,2.1338,-0.6913,15829.126,0.47121,0.00039,3.45686,1.28982,-0.39857,0.33183,1.71148,-0.18594,49
1,20004.453,0.52037,0.03081,0.01999,2.38836,-0.58308,12516.703,0.53746,-0.00477,2.73547,1.47967,-0.53607,0.20791,2.09693,-0.20571,49
1,20004.453,0.47349,0.03165,0.01999,2.22909,-0.56611,12516.703,0.48749,-0.00262,3.45686,1.34537,-0.47802,0.26261,1.90924,-0.17766,49
1,20004.453,0.51071,0.03289,0.01999,2.22904,-0.55158,12516.703,0.52734,-0.00244,2.73547,1.48954,-0.47706,0.20791,1.95851,-0.17773,49
1,20004.453,0.51308,0.03256,0.01999,2.23103,-0.55772,12516.703,0.52944,-0.00316,2.73547,1.49216,-0.47523,0.20791,1.96134,-0.1792,49
1,20004.453,0.51821,0.02863,0.01999,2.40628,-0.57757,15829.126,0.53328,0.00537,2.16054,1.60454,-0.5431,0.16452,2.12355,-0.2071,48
5,20004.453,0.46368,0.01327,0.01999,2.10735,-0.64897,15829.126,0.47258,0.0009,3.45686,1.28041,-0.40068,0.26261,1.73507,-0.19043,48
5,20004.453,0.45794,0.01614,0.01999,1.96446,-0.51342,15829.126,0.46997,-0.00154,4.36941,1.17883,-0.36531,0.26261,1.62468,-0.15351,48
1,20004.453,0.51442,0.02789,0.01999,2.43108,-0.6247,15829.126,0.53487,0.00424,2.16054,1.5964,-0.56292,0.16452,2.15109,-0.21904,48
1,20004.453,0.51886,0.02732,0.01999,2.44505,-0.5758,12516.703,0.53538,-0.00409,2.73547,1.48757,-0.54859,0.20791,2.11405,-0.20666,48
1,20004.453,0.51842,0.0291,0.01999,2.46424,-0.59537,12516.703,0.53471,-0.00451,2.73547,1.47469,-0.55314,0.20791,2.1253,-0.21196,48
1,20004.453,0.52003,0.03005,0.01999,2.35229,-0.6079,12516.703,0.53573,-0.00512,2.16054,1.60036,-0.51499,0.20791,2.05856,-0.20171,48
1,20004.453,0.52031,0.02903,0.01999,2.34818,-0.58617,12516.703,0.53677,-0.00419,2.73547,1.49361,-0.52598,0.16452,2.07822,-0.20001,47
1,20004.453,0.5173,0.02958,0.01999,2.40333,-0.60877,12516.703,0.53541,-0.00395,2.73547,1.473,-0.5232,0.20791,2.08057,-0.20516,47
5,20004.453,0.4633,0.0137,0.01999,2.18731,-0.69276,15829.126,0.47098,0.0002,3.45686,1.29085,-0.41333,0.26261,1.7645,-0.19495,47
1,20004.453,0.51922,0.02891,0.01999,2.37034,-0.58114,12516.703,0.53604,-0.00352,2.73547,1.48348,-0.53499,0.20791,2.08205,-0.20296,46
5,20004.453,0.46445,0.01441,0.01999,2.19236,-0.65674,15829.126,0.47292,-0.00039,2.73547,1.37156,-0.41295,0.26261,1.76948,-0.19712,46
1,20004.453,0.51959,0.02884,0.01999,2.3779,-0.61575,12516.703,0.53647,-0.00553,2.16054,1.6035,-0.52386,0.20791,2.07829,-0.20624,46
1,20004.453,0.51842,0.02779,0.01999,2.38152,-0.61479,12516.703,0.53385,-0.00525,2.16054,1.60136,-0.53203,0.16452,2.09824,-0.20785,46
5,20004.453,0.46353,0.01303,0.01999,2.16851,-0.6492,15829.126,0.47027,-0.00031,3.45686,1.28126,-0.41466,0.26261,1.77892,-0.20129,46
1,20004.453,0.51694,0.02782,0.01999,2.40001,-0.61554,12516.703,0.53356,-0.00448,2.16054,1.59324,-0.54798,0.16452,2.12229,-0.21282,46
1,20004.453,0.51768,0.02944,0.01999,2.4378,-0.57207,12516.703,0.53319,-0.00496,2.73547,1.48141,-0.54715,0.20791,2.10899,-0.207,45
1,20004.453,0.51882,0.02961,0.01999,2.39954,-0.57597,12516.703,0.53746,-0.00629,2.16054,1.60551,-0.53846,0.16452,2.12071,-0.20621,45
1,20004.453,0.51985,0.02849,0.01999,2.38683,-0.61363,12516.703,0.53645,-0.00505,2.16054,1.59914,-0.53849,0.16452,2.10818,-0.20945,45
5,20004.453,0.46605,0.01387,0.01999,2.20419,-0.71772,15829.126,0.47108,-0.0006,3.45686,1.28258,-0.42548,0.33183,1.77427,-0.20436,45
1,20004.453,0.51612,0.02762,0.01999,2.41752,-0.59292,12516.703,0.5327,-0.00531,2.73547,1.47369,-0.55247,0.16452,2.13688,-0.21295,45
5,20004.453,0.46324,0.01427,0.01999,2.21516,-0.65204,15829.126,0.47066,-0.00098,2.73547,1.37456,-0.42572,0.26261,1.79753,-0.20568,45
1,20004.453,0.51588,0.02881,0.01999,2.42336,-0.628,12516.703,0.5336,-0.00438,2.16054,1.60011,-0.55711,0.16452,2.13776,-0.21688,44
1,20004.453,0.51865,0.02837,0.01999,2.43421,-0.58524,12516.703,0.53599,-0.00388,2.16054,1.6036,-0.55711,0.16452,2.15087,-0.21316,44
5,20004.453,0.46281,0.01371,0.01999,2.21663,-0.6522,15829.126,0.46604,0.0002,2.73547,1.37375,-0.42896,0.26261,1.80515,-0.20808,44
1,20004.453,0.51575,0.02724,0.01999,2.42377,-0.59999,15829.126,0.5283,0.00579,2.73547,1.47985,-0.55971,0.16452,2.14605,-0.21474,44
1,20004.453,0.5189,0.02802,0.01999,2.4861,-0.60223,15829.126,0.53204,0.00502,2.73547,1.47423,-0.56112,0.20791,2.14442,-0.21698,44
5,20004.453,0.4634,0.01443,0.01999,2.2408,-0.66745,15829.126,0.47266,0.00041,2.73547,1.36628,-0.4334,0.26261,1.80356,-0.2071,44
1,20004.453,0.51882,0.02746,0.01999,2.43356,-0.61195,12516.703,0.53403,-0.00543,2.73547,1.48495,-0.56193,0.16452,2.15645,-0.21759,44
1,20004.453,0.51502,0.02741,0.01999,2.45215,-0.63849,12516.703,0.53158,-0.00712,2.16054,1.60567,-0.55748,0.16452,2.15221,-0.2217,44
5,20004.453,0.46389,0.01328,0.01999,2.22738,-0.6578,0.26261,1.59239,-0.0005,2.73547,1.37203,-0.43449,0.26261,1.82323,-0.21387,43
5,20004.453,0.46535,0.01313,0.01999,2.25261,-0.66044,15829.126,0.47042,-0.00034,2.73547,1.37393,-0.44462,0.26261,1.83701,-0.21735,43
5,20004.453,0.46446,0.01379,0.01999,2.27838,-0.66525,15829.126,0.47147,5e-05,2.73547,1.37229,-0.45234,0.26261,1.84838,-0.21982,42
5,20004.453,0.465,0.01469,0.01999,2.24697,-0.70209,15829.126,0.46587,5e-05,2.73547,1.36465,-0.46174,0.20791,1.87966,-0.22683,42
2,20004.453,0.52819,0.01802,0.01999,1.37792,-0.33068,15829.126,0.53842,0.00191,14.06813,0.95657,-0.17898,0.67072,1.14659,-0.05607,41
5,20004.453,0.46379,0.01498,0.01999,2.27033,-0.68839,15829.126,0.4736,-0.00018,3.45686,1.27035,-0.46205,0.26261,1.87591,-0.22884,41
5,20004.453,0.46428,0.01376,0.01999,2.35174,-0.75505,15829.126,0.47199,-0.00027,2.73547,1.35877,-0.46791,0.26261,1.8974,-0.23253,40
5,20004.453,0.4631,0.01462,0.01999,2.28555,-0.73155,1.07079,1.84277,0.0001,2.73547,1.35752,-0.48168,0.20791,1.9144,-0.24046,40
5,20004.453,0.46509,0.01258,0.01999,2.3593,-0.68257,15829.126,0.4687,0.00086,2.16054,1.45191,-0.48615,0.20791,1.93513,-0.23839,39
5,20004.453,0.47728,0.01228,0.01999,2.4844,-0.66596,20004.453,0.48908,0.00336,2.16054,1.4975,-0.57665,0.16452,2.14166,-0.24991,39
5,20004.453,0.4679,0.01481,0.01999,2.40461,-0.69658,15829.126,0.47596,-0.00016,2.73547,1.35809,-0.49615,0.20791,1.95884,-0.24317,38
5,20004.453,0.47774,0.0083,0.01999,2.56124,-0.67553,20004.453,0.48639,0.00302,1.70952,1.62302,-0.5876,0.20791,2.16656,-0.2623,37
5,20004.453,0.47817,0.00873,0.01999,2.42819,-0.62827,20004.453,0.48467,0.00424,2.16054,1.4952,-0.53897,0.16452,2.08981,-0.23462,37
5,20004.453,0.47892,0.00797,0.01999,2.57336,-0.68953,20004.453,0.48933,0.00351,2.16054,1.49541,-0.60946,0.16452,2.21524,-0.26882,36
5,20004.453,0.47994,0.01054,0.01999,2.63263,-0.70021,15829.126,0.48659,-0.00304,1.70952,1.62189,-0.6174,0.16452,2.23908,-0.27961,36
5,20004.453,0.47921,0.00929,0.01999,2.64652,-0.7028,20004.453,0.48952,0.00322,2.16054,1.47942,-0.63101,0.16452,2.27229,-0.28541,34
2,20004.453,0.36908,0.01128,0.01999,1.09356,-0.33892,20004.453,0.37438,0.00234,22.48202,0.68987,-0.14309,1.07079,0.86316,-0.044,34
5,20004.453,0.48009,0.01112,0.01999,2.74117,-0.73848,20004.453,0.49132,0.00376,1.70952,1.62431,-0.66298,0.16452,2.32854,-0.30611,33
5,20004.453,0.48122,0.01009,0.01999,2.79171,-0.7336,20004.453,0.49327,0.00213,1.35352,1.76836,-0.68128,0.16452,2.382,-0.3173,31
5,20004.453,0.48178,0.00901,0.01999,2.91786,-0.77103,20004.453,0.49609,0.00123,1.35352,1.78138,-0.73201,0.13007,2.50265,-0.34504,31
5,20004.453,0.48289,0.00911,0.01999,3.01416,-0.81172,20004.453,0.50096,-0.00021,1.35352,1.79388,-0.75738,0.13007,2.5971,-0.36903,30
5,20004.453,0.48783,0.00737,0.01999,3.14934,-0.86841,20004.453,0.50194,2e-05,1.07079,1.98411,-0.80962,0.13007,2.70821,-0.4039,27
5,20004.453,0.49259,0.00487,0.01999,3.79757,-1.13093,20004.453,0.49259,0.00487,0.84734,2.2474,-1.06047,0.13007,3.20497,-0.58825,27
5,20004.453,0.49051,0.00561,0.01999,3.55511,-1.03804,20004.453,0.51016,-0.00306,1.07079,2.01944,-0.9708,0.13007,3.01745,-0.51824,26
5,20004.453,0.49245,0.00296,0.01999,4.12153,-1.25522,20004.453,0.49245,0.00296,0.84734,2.28717,-1.17924,0.10309,3.51045,-0.6827,26
5,20004.453,0.48908,0.0087,0.01999,3.33862,-0.94872,20004.453,0.50254,-0.00136,1.07079,2.01069,-0.88014,0.13007,2.85437,-0.45396,25
5,20004.453,0.49263,0.00033,0.01999,4.51228,-1.36477,20004.453,0.49263,0.00033,0.67072,2.55265,-1.33652,0.10309,3.80894,-0.81459,24
5,20004.453,0.59444,-0.10971,0.01999,31.48874,-21.75693,20004.453,0.59444,-0.10971,0.02528,28.06319,-21.82586,596.71857,1.08339,-0.2168,24
5,20004.453,0.49728,-0.00162,0.01999,4.93568,-1.54589,20004.453,0.49728,-0.00162,0.67072,2.60132,-1.50674,0.10309,4.13635,-0.94792,22
5,20004.453,0.49873,-0.00513,0.01999,5.53086,-1.75492,20004.453,0.49873,-0.00513,0.53067,2.93267,-1.73747,0.08153,4.70225,-1.16185,20
5,20004.453,0.5165,-0.03018,0.01999,9.29971,-3.15825,20004.453,0.5165,-0.03018,0.26261,4.68441,-3.36309,0.05102,7.96937,-2.70107,20
5,20004.453,0.49923,-0.0096,0.01999,6.13369,-1.94461,20004.453,0.49923,-0.0096,0.41976,3.40716,-1.96004,0.08153,5.13191,-1.39801,20
5,20004.453,0.58286,-0.10231,0.01999,31.11006,-20.45542,20004.453,0.58286,-0.10231,0.03192,24.08113,-21.31116,754.2756,1.01344,-0.20381,19
5,20004.453,0.50483,-0.01414,0.01999,6.83191,-2.1978,20004.453,0.50483,-0.01414,0.33183,3.88683,-2.26263,0.06443,5.76476,-1.64929,19
5,20004.453,0.53478,-0.04485,0.01999,13.67015,-4.88866,20004.453,0.53478,-0.04485,0.13007,7.96923,-5.60515,0.03192,12.4917,-4.8226,19
5,20004.453,0.52094,-0.0325,0.01999,10.38022,-3.58468,20004.453,0.52094,-0.0325,0.20791,5.52894,-3.86468,0.05102,8.83457,-3.20584,19
5,20004.453,0.50865,-0.01827,0.01999,7.52317,-2.50708,20004.453,0.50865,-0.01827,0.33183,4.01224,-2.58641,0.05102,6.53262,-1.9656,19
5,20004.453,0.51171,-0.0239,0.01999,8.46328,-2.86458,20004.453,0.51171,-0.0239,0.33183,3.99677,-2.92514,0.06443,6.9972,-2.30351,19
