Cell,timestep,timestamp,r,i,f,Temperature,SOH
6668195,0,2024-01-01 00:00:26,0.47368,0.24147,1284.91925,35.0,78.0
6668195,1,2024-01-01 00:00:17,0.91371,-0.00118,2551.78687,35.0,77.0
6668195,2,2024-01-01 00:00:15,0.26007,0.15442,3689.31131,45.0,79.0
6668195,3,2024-01-01 00:00:18,0.55772,0.10037,3624.70683,35.0,77.0
6668195,4,2024-01-01 00:00:18,0.47377,0.07216,1615.70143,45.0,80.0
6668195,5,2024-01-01 00:00:09,0.75715,0.11327,383.50688,45.0,77.0
6668195,6,2024-01-01 00:00:19,0.64147,0.06852,0.01999,45.0,78.0
6668195,7,2024-01-01 00:00:31,0.71606,0.04263,0.01999,25.0,82.0
6668195,8,2024-01-01 00:00:20,0.85066,0.01061,2403.86453,25.0,81.0
6668195,9,2024-01-01 00:00:17,0.78288,0.20915,1508.27332,35.0,80.0
6668195,10,2024-01-01 00:00:39,0.85869,0.2526,3173.68818,25.0,82.0
6668195,11,2024-01-01 00:00:42,0.90151,0.02416,0.01999,25.0,83.0
6668195,12,2024-01-01 00:00:40,0.91327,0.36281,0.01999,35.0,80.0
6668195,13,2024-01-01 00:00:37,0.74411,0.0238,0.01999,45.0,79.0
6668195,14,2024-01-01 00:00:32,1.14501,0.04147,2687.39639,45.0,77.0
6668195,15,2024-01-01 00:00:34,1.17421,0.21331,0.01999,45.0,81.0
6668195,16,2024-01-01 00:00:38,0.8583,0.04745,970.39366,45.0,79.0
6668195,17,2024-01-01 00:00:32,1.25473,-0.00897,292.76112,25.0,80.0
6668195,18,2024-01-01 00:00:19,1.12149,0.10131,2161.65157,35.0,80.0
6668195,19,2024-01-01 00:00:30,1.20989,0.13596,948.92716,45.0,78.0
6668195,20,2024-01-01 00:00:43,0.92914,0.27956,0.01999,35.0,79.0
6668195,21,2024-01-01 00:00:46,0.86367,-0.00819,86.24088,25.0,80.0
6668195,22,2024-01-01 00:00:49,1.26888,0.48139,0.01999,35.0,79.0
6668195,23,2024-01-01 00:00:38,0.99055,0.34967,3122.60126,35.0,78.0
6668195,24,2024-01-01 00:00:30,1.00573,0.12666,0.01999,35.0,76.0
6668195,25,2024-01-01 00:00:36,1.10525,0.25807,0.01999,35.0,78.0
6668195,26,2024-01-01 00:00:28,0.49822,0.26066,943.0671,35.0,78.0
6668195,27,2024-01-01 00:00:33,0.51792,0.03996,1241.55273,45.0,78.0
6668195,28,2024-01-01 00:00:42,0.98523,0.1168,0.01999,35.0,80.0
6668195,29,2024-01-01 00:00:52,0.62004,0.28238,1803.11411,35.0,76.0
6668195,30,2024-01-01 00:00:43,0.76209,0.209,2471.38031,35.0,74.0
6668195,31,2024-01-01 00:00:37,0.58885,0.20324,1116.27489,35.0,73.0
6668195,32,2024-01-01 00:00:22,0.31393,0.22774,2370.08649,25.0,72.0
6668195,33,2024-01-01 00:00:15,0.60548,0.09465,1890.23722,35.0,76.0
6668195,34,2024-01-01 00:00:24,0.37147,-0.01291,1857.31618,45.0,78.0
6668195,35,2024-01-01 00:00:21,1.04729,0.04074,985.34177,25.0,77.0
6668195,36,2024-01-01 00:00:22,0.82827,0.11265,1854.30184,35.0,75.0
6668195,37,2024-01-01 00:00:41,0.60543,0.23038,2860.95363,25.0,77.0
6668195,38,2024-01-01 00:00:20,0.83148,0.33369,0.01999,35.0,76.0
6668195,39,2024-01-01 00:00:27,0.98899,0.27559,1710.02786,45.0,78.0
6668195,40,2024-01-01 00:00:40,0.52139,-0.00061,0.01999,35.0,81.0
6668195,41,2024-01-01 00:00:23,0.88786,0.09451,0.01999,25.0,78.0
6668195,42,2024-01-01 00:00:37,1.22987,0.11529,0.01999,35.0,77.0
6668195,43,2024-01-01 00:00:34,0.50863,-0.08696,0.01999,25.0,74.0
6668195,44,2024-01-01 00:00:28,1.28459,0.32141,0.01999,45.0,77.0
6668195,45,2024-01-01 00:00:43,1.34079,0.05903,882.85445,25.0,76.0
6668195,46,2024-01-01 00:00:48,1.54123,0.19519,1788.87313,25.0,76.0
6668195,47,2024-01-01 00:00:53,1.15038,0.01993,0.01999,35.0,78.0
6668195,48,2024-01-01 00:00:41,1.18269,0.18267,220.10911,35.0,79.0
6668195,49,2024-01-01 00:00:25,1.12188,0.15405,771.85634,25.0,79.0
6668195,50,2024-01-01 00:00:49,0.89509,0.25024,2074.79516,35.0,80.0
6668195,51,2024-01-01 00:00:29,1.76701,0.01934,568.88853,25.0,77.0
6668195,52,2024-01-01 00:00:41,0.95842,0.18485,0.01999,35.0,75.0
6668195,53,2024-01-01 00:00:47,1.55706,0.3248,212.79178,45.0,77.0
6668195,54,2024-01-01 00:00:44,1.63576,0.35047,0.01999,25.0,77.0
6668195,55,2024-01-01 00:00:52,1.63219,0.0346,2849.12593,45.0,77.0
6668195,56,2024-01-01 00:00:42,1.29839,0.15948,865.03761,25.0,79.0
6668195,57,2024-01-01 00:00:43,0.98926,0.2888,0.01999,25.0,77.0
6668195,58,2024-01-01 00:00:45,1.50337,0.35032,1769.2802,35.0,76.0
6668195,58,2024-01-01 00:00:40,1.34832,-0.00764,2373.67118,35.0,79.0
6668195,58,2024-01-01 00:00:50,1.0027,0.21037,3197.07791,35.0,76.0
6668195,58,2024-01-01 00:00:41,1.12781,0.12101,18.26551,35.0,78.0
6668195,58,2024-01-01 00:00:42,0.4659,0.24881,373.21948,35.0,78.0
6668195,58,2024-01-01 00:00:26,0.94486,0.08395,2560.78738,35.0,79.0
6668195,58,2024-01-01 00:00:23,0.66495,0.26753,0.01999,35.0,81.0
6668195,58,2024-01-01 00:00:16,0.9407,0.09989,4644.71243,35.0,79.0
6668195,58,2024-01-01 00:00:30,0.47894,0.07521,1209.53093,35.0,78.0
6668195,58,2024-01-01 00:00:20,0.12747,0.15148,2138.95731,35.0,77.0
6668195,58,2024-01-01 00:00:19,0.50324,0.08487,0.01999,25.0,79.0
6668195,58,2024-01-01 00:00:22,0.84228,0.01572,0.01999,25.0,78.0
6668195,58,2024-01-01 00:00:26,0.70772,-0.14808,405.85155,45.0,79.0
6668195,58,2024-01-01 00:00:35,0.86482,0.15899,211.30513,35.0,80.0
6668195,58,2024-01-01 00:00:33,1.14293,0.17945,0.01999,35.0,82.0
6668195,58,2024-01-01 00:00:44,0.99631,0.0165,1642.81656,25.0,81.0
6668195,58,2024-01-01 00:00:25,0.74539,0.00533,3114.33874,25.0,77.0
6668195,58,2024-01-01 00:00:04,0.84852,0.33409,598.1917,35.0,76.0
6668195,58,2024-01-01 00:00:13,0.69823,0.05262,0.01999,35.0,73.0
6668195,58,2024-01-01 00:00:20,0.81742,0.29852,0.01999,35.0,75.0
6668195,58,2024-01-01 00:00:28,1.41015,0.44075,774.34082,35.0,74.0
6668195,58,2024-01-01 00:00:46,0.84428,0.20696,0.01999,25.0,73.0
6668195,58,2024-01-01 00:00:48,1.05797,0.34033,1252.98257,35.0,71.0
6668195,58,2024-01-01 00:00:44,0.8294,0.09893,0.01999,35.0,71.0
6668195,58,2024-01-01 00:00:45,0.95314,0.2779,11.21273,25.0,71.0
6668195,58,2024-01-01 00:00:29,1.13547,0.31842,515.39089,25.0,71.0
6668195,58,2024-01-01 00:00:51,1.25461,0.51999,480.83783,25.0,73.0
6668195,58,2024-01-01 00:00:45,0.65568,0.21565,0.01999,25.0,71.0
6668195,58,2024-01-01 00:00:38,0.85808,-0.39274,0.01999,35.0,71.0
6668195,58,2024-01-01 00:00:27,1.02282,-0.03621,418.41743,25.0,74.0
6668195,58,2024-01-01 00:00:30,0.99156,-0.00915,1098.1965,35.0,77.0
6668195,58,2024-01-01 00:00:19,1.35687,0.12968,2352.42235,45.0,78.0
6668195,58,2024-01-01 00:00:38,0.77693,0.13294,547.41808,25.0,80.0
6668195,58,2024-01-01 00:00:39,0.59247,0.12734,0.01999,25.0,77.0
6668195,58,2024-01-01 00:00:36,1.28876,-0.02803,800.05517,25.0,77.0
6668195,58,2024-01-01 00:00:32,1.14529,0.142,646.92123,45.0,73.0
6668195,58,2024-01-01 00:00:28,0.30858,0.11421,2402.0009,25.0,74.0
6668195,58,2024-01-01 00:00:30,0.45478,-0.1768,805.68195,35.0,76.0
6668195,58,2024-01-01 00:00:26,0.35077,0.09401,0.01999,25.0,80.0
6668195,58,2024-01-01 00:00:21,0.93087,0.05462,936.73171,25.0,82.0
6668195,58,2024-01-01 00:00:36,0.61683,0.2627,203.05338,35.0,79.0
6668195,58,2024-01-01 00:00:32,1.05241,0.07644,2315.77451,35.0,78.0
6668195,58,2024-01-01 00:00:10,0.92371,0.33038,504.67203,35.0,77.0
6668195,58,2024-01-01 00:00:32,0.15026,0.35731,0.01999,45.0,80.0
6668195,58,2024-01-01 00:00:18,1.0805,0.15443,662.83962,45.0,81.0
6668195,58,2024-01-01 00:00:34,0.80971,-0.06427,2118.96511,25.0,80.0
6668195,58,2024-01-01 00:00:32,0.86617,0.08005,0.01999,35.0,79.0
6668195,58,2024-01-01 00:00:37,0.98917,0.17416,643.16463,35.0,80.0
6668195,58,2024-01-01 00:00:27,1.13341,0.00509,265.36275,35.0,78.0
6668195,58,2024-01-01 00:00:37,0.4357,0.20016,1242.32604,25.0,80.0
6668195,58,2024-01-01 00:00:24,0.59653,0.17602,1073.52088,25.0,80.0
6668195,58,2024-01-01 00:00:19,0.69652,0.04417,440.82559,45.0,80.0
6668195,58,2024-01-01 00:00:35,0.57318,0.06715,0.01999,25.0,80.0
6668195,58,2024-01-01 00:00:31,0.91763,0.13678,0.01999,35.0,81.0
6668195,58,2024-01-01 00:00:24,1.02225,0.20189,818.71059,25.0,80.0
6668195,58,2024-01-01 00:00:01,0.8078,0.62202,0.01999,35.0,78.0
6668195,58,2024-01-01 00:00:23,0.47568,0.1075,594.13229,45.0,76.0
6668195,58,2024-01-01 00:00:34,0.93052,0.23618,3146.76593,45.0,78.0
6668195,58,2024-01-01 00:00:09,0.82047,0.07023,0.01999,35.0,77.0
6668195,58,2024-01-01 00:00:27,0.26264,0.10802,130.90701,35.0,81.0
6668195,58,2024-01-01 00:00:36,0.73332,0.05996,2469.33789,35.0,80.0
6668195,58,2024-01-01 00:00:27,1.01421,0.06053,1443.4299,35.0,81.0
6668195,58,2024-01-01 00:00:20,0.87677,0.1322,0.01999,25.0,79.0
6668195,58,2024-01-01 00:00:30,0.79337,0.09823,1563.20493,35.0,76.0
6668195,58,2024-01-01 00:00:16,0.86668,-0.00328,0.01999,25.0,77.0
6668195,58,2024-01-01 00:00:16,0.63177,0.0791,1678.16215,35.0,78.0
6668195,58,2024-01-01 00:00:19,0.38639,0.18129,539.91931,35.0,80.0
6668195,58,2024-01-01 00:00:20,1.00958,0.08943,0.01999,45.0,79.0
6668195,58,2024-01-01 00:00:26,0.75839,0.02143,1520.57445,45.0,78.0
6668195,58,2024-01-01 00:00:01,1.11887,0.11524,1401.45948,25.0,79.0
6668195,58,2024-01-01 00:00:14,0.48175,0.16067,1455.38289,35.0,79.0
6668195,58,2024-01-01 00:00:21,0.63375,0.05868,0.01999,35.0,79.0
6668195,58,2024-01-01 00:00:26,0.4147,0.28882,736.2597,45.0,75.0
6668195,58,2024-01-01 00:00:25,0.35425,0.20929,0.01999,25.0,75.0
6668195,58,2024-01-01 00:00:34,0.55708,0.01456,1579.47381,35.0,74.0
6668195,58,2024-01-01 00:00:31,0.73759,0.16299,0.01999,35.0,75.0
6668195,58,2024-01-01 00:00:32,1.27052,0.05576,0.01999,35.0,77.0
6668195,58,2024-01-01 00:00:36,0.71353,0.01613,588.74585,25.0,75.0
6668195,58,2024-01-01 00:00:43,1.04776,0.08342,0.01999,25.0,77.0
6668195,58,2024-01-01 00:00:24,1.02292,0.16921,1184.98566,45.0,73.0
6668195,58,2024-01-01 00:00:30,1.09594,0.12617,1057.01689,35.0,75.0
6668195,58,2024-01-01 00:00:24,0.90049,0.04678,4111.1425,35.0,76.0
6668195,58,2024-01-01 00:00:19,1.21838,0.13687,2700.40247,45.0,73.0
6668195,58,2024-01-01 00:00:34,0.70351,0.11885,2610.74531,45.0,77.0
6668195,58,2024-01-01 00:00:25,0.61316,-0.0574,0.01999,35.0,78.0
6668195,58,2024-01-01 00:00:19,0.81738,0.17545,420.50645,35.0,76.0
6668195,58,2024-01-01 00:00:33,0.75834,0.15671,1278.58558,45.0,76.0
6668195,58,2024-01-01 00:00:27,0.64749,0.05422,1390.33022,25.0,77.0
6668195,58,2024-01-01 00:00:35,1.11707,0.00839,1318.07185,45.0,75.0
6668195,58,2024-01-01 00:00:26,0.89455,0.21896,0.01999,45.0,75.0
6668195,58,2024-01-01 00:00:40,0.73568,0.2025,2103.3174,35.0,73.0
6668195,58,2024-01-01 00:00:24,0.61048,0.09569,2556.74032,45.0,77.0
6668195,58,2024-01-01 00:00:11,0.71491,0.05637,2396.6921,45.0,76.0
6668195,58,2024-01-01 00:00:16,0.67168,0.15531,3219.49703,35.0,77.0
6668195,58,2024-01-01 00:00:10,0.21538,0.0673,0.01999,35.0,79.0
6668195,58,2024-01-01 00:00:04,0.44838,0.12985,356.59939,45.0,77.0
6668195,58,2024-01-01 00:00:12,0.63389,0.14721,0.01999,45.0,77.0
6668195,58,2024-01-01 00:00:13,0.56032,0.09881,0.01999,35.0,80.0
6668195,58,2024-01-01 00:00:23,0.68682,0.13132,0.01999,25.0,81.0
6668195,58,2024-01-01 00:00:30,0.82058,0.02211,1016.84401,25.0,79.0
6668195,58,2024-01-01 00:00:23,0.94058,-0.00818,0.01999,45.0,80.0
6668195,58,2024-01-01 00:00:15,0.90652,-0.13482,451.40985,25.0,78.0
6668195,58,2024-01-01 00:00:16,1.23382,0.2138,2318.44557,35.0,78.0
6668195,58,2024-01-01 00:00:10,1.22184,0.13728,1207.2322,45.0,81.0
6668195,58,2024-01-01 00:00:24,0.9498,0.18657,4230.3263,45.0,80.0
6668195,58,2024-01-01 00:00:16,0.73108,0.06829,0.01999,45.0,81.0
6668195,58,2024-01-01 00:00:18,0.98676,0.05448,0.01999,35.0,80.0
6668195,58,2024-01-01 00:00:36,0.21178,0.29826,363.42956,35.0,81.0
6668195,58,2024-01-01 00:00:20,0.66483,0.17471,230.50883,25.0,85.0
6668195,58,2024-01-01 00:00:44,0.21677,0.01284,0.01999,35.0,83.0
6668195,58,2024-01-01 00:00:23,0.66302,0.02896,0.01999,35.0,86.0
6668195,58,2024-01-01 00:00:19,0.87427,0.11096,0.01999,35.0,83.0
6668195,58,2024-01-01 00:00:19,0.26868,-0.03073,1584.55879,45.0,88.0
6668195,58,2024-01-01 00:00:24,0.6585,0.04407,1240.60228,35.0,86.0
6668195,58,2024-01-01 00:00:16,0.53303,0.15086,1041.62126,45.0,87.0
6668195,58,2024-01-01 00:00:24,0.71203,0.09476,3030.42919,45.0,88.0
6668195,58,2024-01-01 00:00:16,0.55341,0.04774,2433.2577,45.0,86.0
6668195,58,2024-01-01 00:00:16,0.53565,-0.01157,0.01999,35.0,86.0
6668195,58,2024-01-01 00:00:24,0.25597,0.03498,0.01999,35.0,87.0
6668195,58,2024-01-01 00:00:05,0.49925,0.02435,2206.0884,35.0,86.0
6668195,58,2024-01-01 00:00:18,0.57362,0.09851,348.73929,35.0,85.0
6668195,58,2024-01-01 00:00:17,0.53641,0.15528,0.01999,35.0,85.0
6668195,58,2024-01-01 00:00:36,0.84167,0.06783,4088.49372,45.0,88.0
6668195,58,2024-01-01 00:00:18,1.01515,0.27814,0.01999,45.0,85.0
6668195,58,2024-01-01 00:00:28,0.66671,0.17395,168.0577,45.0,85.0
6668195,58,2024-01-01 00:00:40,0.89668,0.08402,1708.617,45.0,89.0
6668195,58,2024-01-01 00:00:42,0.50632,0.00567,2251.50756,45.0,87.0
6668195,58,2024-01-01 00:00:30,0.78281,0.09124,0.01999,45.0,88.0
6668195,58,2024-01-01 00:00:24,0.67592,0.35128,1852.95907,25.0,89.0
6668195,58,2024-01-01 00:00:41,0.83459,0.12905,2796.59496,45.0,86.0
6668195,58,2024-01-01 00:00:21,0.88814,0.13201,1178.1793,35.0,85.0
6668195,58,2024-01-01 00:00:16,0.65233,0.13282,1705.41867,35.0,87.0
6668195,58,2024-01-01 00:00:10,0.73132,0.10581,1933.94916,45.0,86.0
6668195,58,2024-01-01 00:00:13,0.76663,0.08968,0.01999,45.0,84.0
6668195,58,2024-01-01 00:00:31,0.79573,0.13291,4720.61308,35.0,86.0
6668195,58,2024-01-01 00:00:21,0.60894,0.24057,0.01999,35.0,84.0
6668195,58,2024-01-01 00:00:21,0.69693,0.04984,936.45339,45.0,83.0
6668195,58,2024-01-01 00:00:12,0.93667,0.06513,0.01999,25.0,85.0
6668195,58,2024-01-01 00:00:17,0.25429,0.13954,422.44945,45.0,83.0
6668195,58,2024-01-01 00:00:00,0.7359,0.11989,449.02108,35.0,85.0
6668195,58,2024-01-01 00:00:19,0.91473,0.05356,84.65082,25.0,85.0
6668195,58,2024-01-01 00:00:26,1.12507,0.10331,0.01999,35.0,84.0
6668195,58,2024-01-01 00:00:19,0.65299,0.20965,76.06238,25.0,81.0
6668195,58,2024-01-01 00:00:15,0.6968,0.1788,2494.59311,45.0,80.0
6668195,58,2024-01-01 00:00:19,1.04848,0.02041,0.01999,45.0,85.0
6668195,58,2024-01-01 00:00:18,0.65836,0.21084,1876.76524,45.0,84.0
6668195,58,2024-01-01 00:00:21,0.65287,-0.02624,686.74465,45.0,85.0
6668195,58,2024-01-01 00:00:24,0.77043,0.06765,0.01999,35.0,87.0
6668195,58,2024-01-01 00:00:26,0.828,0.08968,927.25587,35.0,85.0
6668195,58,2024-01-01 00:00:11,0.63994,0.07748,2652.33323,45.0,83.0
6668195,58,2024-01-01 00:00:33,0.726,0.10794,153.70793,35.0,85.0
6668195,58,2024-01-01 00:00:24,0.83769,-0.15183,360.83044,25.0,86.0
6668195,58,2024-01-01 00:00:22,1.36022,0.19841,0.01999,45.0,85.0
6668195,58,2024-01-01 00:00:29,0.81734,0.09656,1747.46605,45.0,88.0
6668195,58,2024-01-01 00:00:27,0.70796,0.05097,1917.37028,45.0,87.0
6668195,58,2024-01-01 00:00:19,0.8035,0.03256,848.60772,45.0,87.0
6668195,58,2024-01-01 00:00:28,0.70141,0.02433,0.01999,45.0,90.0
6668195,58,2024-01-01 00:00:36,0.75054,0.00136,0.01999,45.0,88.0
6668195,58,2024-01-01 00:00:45,0.47105,0.13487,0.01999,25.0,89.0
6668195,58,2024-01-01 00:00:33,1.21231,0.21141,0.01999,35.0,87.0
6668195,58,2024-01-01 00:00:45,0.62515,0.12234,0.01999,45.0,86.0
6668195,58,2024-01-01 00:00:42,1.38782,0.05109,0.01999,45.0,87.0
6668195,58,2024-01-01 00:00:49,1.13352,0.20228,0.01999,35.0,85.0
6668195,58,2024-01-01 00:00:38,1.22911,0.01761,926.96383,25.0,86.0
6668195,58,2024-01-01 00:00:50,0.97972,0.23054,0.01999,45.0,85.0
6668195,58,2024-01-01 00:00:43,1.51694,0.18482,0.01999,35.0,84.0
6668195,58,2024-01-01 00:00:42,1.18953,0.19855,0.01999,45.0,84.0
6668195,58,2024-01-01 00:00:32,1.00006,-0.21447,0.01999,35.0,84.0
6668195,58,2024-01-01 00:00:39,0.64228,0.0967,0.01999,35.0,85.0
6668195,58,2024-01-01 00:00:36,0.44198,0.06424,0.01999,45.0,85.0
6668195,58,2024-01-01 00:00:44,1.21567,0.21205,0.01999,45.0,88.0
6668195,58,2024-01-01 00:00:39,1.1852,0.14829,388.11491,45.0,86.0
6668195,58,2024-01-01 00:00:31,1.18177,0.15838,0.01999,45.0,87.0
6668195,58,2024-01-01 00:00:45,1.33285,0.14418,0.01999,45.0,88.0
6668195,58,2024-01-01 00:00:46,0.74215,-0.06841,300.21501,25.0,87.0
6668195,58,2024-01-01 00:00:30,1.34903,0.02365,593.96483,25.0,84.0
6668195,58,2024-01-01 00:00:28,1.28819,0.1917,1762.06609,45.0,82.0
6668195,58,2024-01-01 00:00:34,0.9112,0.24263,1028.9984,45.0,87.0
6668195,58,2024-01-01 00:00:52,0.97081,-0.01179,0.01999,35.0,86.0
6668195,58,2024-01-01 00:00:19,0.96898,0.12434,1180.43815,35.0,86.0
6668195,58,2024-01-01 00:00:14,0.54887,0.2404,1684.83172,45.0,84.0
6668195,58,2024-01-01 00:00:14,1.09194,0.19134,0.01999,45.0,82.0
6668195,58,2024-01-01 00:00:47,1.23488,0.16486,2447.26735,45.0,86.0
6668195,58,2024-01-01 00:00:21,0.77148,0.07608,0.01999,35.0,83.0
6668195,58,2024-01-01 00:00:31,0.78396,0.11566,0.01999,45.0,84.0
6668195,58,2024-01-01 00:00:27,1.45531,-0.01717,1298.73517,25.0,82.0
6668195,58,2024-01-01 00:00:11,1.0627,0.10003,2148.61263,45.0,84.0
6668195,58,2024-01-01 00:00:23,0.62992,0.18281,214.6103,35.0,86.0
6668195,58,2024-01-01 00:00:27,1.05836,0.11004,476.35131,35.0,85.0
6668195,58,2024-01-01 00:00:25,0.6706,0.05731,1484.92772,45.0,83.0
6668195,58,2024-01-01 00:00:20,0.75562,0.25965,1284.47618,35.0,85.0
6668195,58,2024-01-01 00:00:28,0.87289,0.13633,0.01999,25.0,85.0
6668195,58,2024-01-01 00:00:28,1.04336,0.12806,1864.71001,45.0,84.0
6668195,58,2024-01-01 00:00:27,0.43622,0.33544,511.35297,35.0,83.0
6668195,58,2024-01-01 00:00:16,0.97504,0.25638,181.28221,25.0,79.0
6668195,58,2024-01-01 00:00:34,0.93543,0.02117,0.01999,45.0,82.0
6668195,58,2024-01-01 00:00:30,1.31697,0.13837,373.53204,35.0,81.0
6668195,58,2024-01-01 00:00:31,0.27495,0.29647,59.43894,35.0,79.0
6668195,58,2024-01-01 00:00:30,0.87318,0.01683,82.7404,25.0,81.0
6668195,58,2024-01-01 00:00:24,0.69917,0.16817,0.01999,25.0,81.0
6668195,58,2024-01-01 00:00:42,1.23125,-0.06693,5313.30353,25.0,82.0
6668195,58,2024-01-01 00:00:22,0.70124,0.26781,74.81049,35.0,81.0
6668195,58,2024-01-01 00:00:35,0.74674,0.04876,3028.81563,25.0,81.0
6668195,58,2024-01-01 00:00:27,0.81925,0.11906,2883.37405,45.0,80.0
6668195,58,2024-01-01 00:00:28,0.96818,-0.0743,0.01999,35.0,82.0
6668195,58,2024-01-01 00:00:21,0.3676,0.20332,870.5594,35.0,83.0
6668195,58,2024-01-01 00:00:17,0.69751,-0.01713,0.01999,35.0,85.0
6668195,58,2024-01-01 00:00:32,0.59149,0.05333,3924.91763,35.0,86.0
6668195,58,2024-01-01 00:00:15,0.92301,0.23061,0.01999,35.0,84.0
6668195,58,2024-01-01 00:00:37,0.69027,0.0786,0.01999,45.0,84.0
6668195,58,2024-01-01 00:00:33,0.69686,0.29195,0.01999,25.0,85.0
6668195,58,2024-01-01 00:00:41,0.99756,0.07429,1602.5398,35.0,79.0
6668195,58,2024-01-01 00:00:20,0.99983,-0.01565,0.01999,35.0,77.0
6668195,58,2024-01-01 00:00:24,0.86748,0.10938,1162.96162,25.0,81.0
6668195,58,2024-01-01 00:00:32,0.78589,0.31004,1184.52734,25.0,81.0
6668195,58,2024-01-01 00:00:30,0.80187,0.10076,0.01999,25.0,78.0
6668195,58,2024-01-01 00:00:30,1.92786,0.11868,4148.07133,35.0,78.0
6668195,58,2024-01-01 00:00:22,1.10507,0.18352,0.01999,35.0,77.0
6668195,58,2024-01-01 00:00:41,1.27752,0.06564,0.01999,35.0,78.0
6668195,58,2024-01-01 00:00:33,0.85825,0.00018,592.47864,35.0,77.0
6668195,58,2024-01-01 00:00:24,0.99593,-0.06708,255.83646,35.0,75.0
6668195,58,2024-01-01 00:00:46,0.78928,-0.01732,215.43341,35.0,81.0
6668195,58,2024-01-01 00:00:40,0.87242,0.32695,1342.26674,25.0,81.0
6668195,58,2024-01-01 00:00:31,1.04259,0.06259,1036.35108,35.0,79.0
6668195,58,2024-01-01 00:00:22,0.70374,0.01417,1713.5594,35.0,79.0
6668195,58,2024-01-01 00:00:17,0.90581,-0.01188,1450.50379,35.0,76.0
6668195,58,2024-01-01 00:00:35,0.74953,-0.06277,2857.21875,45.0,79.0
6668195,58,2024-01-01 00:00:20,0.93294,-0.00879,0.01999,45.0,80.0
6668195,58,2024-01-01 00:00:18,0.88562,-0.01798,2491.99966,35.0,81.0
6668195,58,2024-01-01 00:00:18,0.50583,0.01002,0.01999,45.0,77.0
6668195,58,2024-01-01 00:00:24,1.0976,0.04745,0.01999,25.0,81.0
6668195,58,2024-01-01 00:00:34,1.28245,0.14474,1196.50006,35.0,78.0
6668195,58,2024-01-01 00:00:20,0.66085,-0.10874,0.01999,35.0,79.0
6668195,58,2024-01-01 00:00:26,0.49594,0.05523,2808.66133,45.0,78.0
6668195,58,2024-01-01 00:00:28,0.85056,-0.11283,961.96902,35.0,83.0
6668195,58,2024-01-01 00:00:14,0.75452,0.09587,1073.42278,35.0,81.0
6668195,58,2024-01-01 00:00:26,0.80335,0.20081,2239.39181,25.0,79.0
6668195,58,2024-01-01 00:00:32,1.18279,0.0537,1204.78318,45.0,77.0
6668195,58,2024-01-01 00:00:29,0.61857,-0.10467,0.01999,45.0,78.0
6668195,58,2024-01-01 00:00:29,0.68418,0.05179,981.01775,25.0,77.0
6668195,58,2024-01-01 00:00:19,0.77728,0.30599,1334.73209,35.0,76.0
6668195,58,2024-01-01 00:00:36,0.45372,0.22456,0.01999,35.0,76.0
6668195,58,2024-01-01 00:00:38,0.97196,0.12381,2820.05042,25.0,77.0
6668195,58,2024-01-01 00:00:20,0.31651,0.3027,0.01999,45.0,76.0
6668195,58,2024-01-01 00:00:18,0.36648,-0.07847,831.70863,25.0,78.0
6668195,58,2024-01-01 00:00:11,0.83863,0.11166,4571.74072,45.0,79.0
6668195,58,2024-01-01 00:00:18,0.36813,0.07185,0.01999,25.0,82.0
6668195,58,2024-01-01 00:00:25,0.34827,0.12637,0.01999,45.0,81.0
6668195,58,2024-01-01 00:00:31,0.52758,-0.06462,0.01999,45.0,79.0
6668195,58,2024-01-01 00:00:48,0.98787,-0.05402,2899.10502,35.0,81.0
6668195,58,2024-01-01 00:00:22,0.76576,0.14161,0.01999,35.0,81.0
6668195,58,2024-01-01 00:00:12,0.81908,0.3876,214.23276,35.0,81.0
6668195,58,2024-01-01 00:00:22,0.64807,0.00912,3899.75208,35.0,79.0
6668195,58,2024-01-01 00:00:15,0.64416,0.10839,0.01999,35.0,79.0
6668195,58,2024-01-01 00:00:22,0.4409,0.20008,2312.72796,25.0,79.0
6668195,58,2024-01-01 00:00:10,0.57266,0.11868,1580.25215,35.0,80.0
6668195,58,2024-01-01 00:00:17,0.04165,0.06455,61.35781,35.0,79.0
6668195,58,2024-01-01 00:00:19,0.65704,0.00048,171.63691,35.0,80.0
6668195,58,2024-01-01 00:00:16,0.82094,0.14338,2553.32988,35.0,84.0
6668195,58,2024-01-01 00:00:17,0.62485,0.17675,120.22639,25.0,79.0
6668195,58,2024-01-01 00:00:17,0.48411,0.10488,0.01999,35.0,80.0
6668195,58,2024-01-01 00:00:21,0.81635,0.20989,0.01999,45.0,80.0
6668195,58,2024-01-01 00:00:09,0.86922,0.1074,0.01999,25.0,81.0
6668195,58,2024-01-01 00:00:19,0.72946,0.02661,72.79266,35.0,80.0
6668195,58,2024-01-01 00:00:14,0.91779,0.11537,2201.30382,35.0,83.0
6668195,58,2024-01-01 00:00:24,0.41556,0.035,0.01999,45.0,82.0
6668195,58,2024-01-01 00:00:19,0.69562,0.1171,2059.84589,25.0,80.0
6668195,58,2024-01-01 00:00:18,0.3903,0.20634,661.63716,35.0,83.0
6668195,58,2024-01-01 00:00:35,0.83132,0.17225,3958.80873,35.0,81.0
6668195,58,2024-01-01 00:00:17,0.9033,0.10594,2684.80164,45.0,80.0
6668195,58,2024-01-01 00:00:11,0.43838,-0.05892,0.01999,35.0,81.0
6668195,58,2024-01-01 00:00:29,0.3932,0.17599,0.01999,25.0,82.0
6668195,58,2024-01-01 00:00:20,1.09496,0.00691,0.01999,45.0,83.0
6668195,58,2024-01-01 00:00:22,1.11793,0.11762,2725.7405,45.0,83.0
6668195,58,2024-01-01 00:00:17,0.54547,0.18112,0.01999,25.0,81.0
6668195,58,2024-01-01 00:00:16,0.56355,0.26132,373.93102,45.0,77.0
6668195,58,2024-01-01 00:00:25,0.98361,0.20409,1116.53882,45.0,79.0
6668195,58,2024-01-01 00:00:32,0.61776,0.03011,489.01253,35.0,80.0
6668195,58,2024-01-01 00:00:28,0.56434,0.05231,0.01999,35.0,80.0
6668195,58,2024-01-01 00:00:28,1.12402,0.15175,1852.29256,35.0,81.0
6668195,58,2024-01-01 00:00:33,0.36482,0.15032,0.01999,45.0,78.0
6668195,58,2024-01-01 00:00:22,0.7683,0.08276,0.01999,35.0,81.0
6668195,58,2024-01-01 00:00:24,0.75129,0.16515,1331.62283,35.0,85.0
6668195,58,2024-01-01 00:00:36,0.91075,0.14601,587.3128,45.0,82.0
6668195,58,2024-01-01 00:00:05,0.7014,0.13877,3070.94233,25.0,80.0
6668195,58,2024-01-01 00:00:33,0.58201,0.2031,2494.17046,25.0,79.0
6668195,58,2024-01-01 00:00:34,0.04159,0.04175,3720.34123,35.0,75.0
6668195,58,2024-01-01 00:00:19,0.62966,0.17309,231.53468,35.0,81.0
6668195,58,2024-01-01 00:00:22,0.55104,0.12488,0.01999,25.0,77.0
6668195,58,2024-01-01 00:00:27,0.8074,0.0629,3513.26439,35.0,76.0
6668195,58,2024-01-01 00:00:13,0.42562,0.10991,3174.84594,35.0,74.0
6668195,58,2024-01-01 00:00:12,0.46276,0.07436,932.64712,45.0,76.0
6668195,58,2024-01-01 00:00:35,0.66608,0.08095,743.78831,45.0,75.0
6668195,58,2024-01-01 00:00:37,0.76808,-0.00574,0.01999,35.0,76.0
6668195,58,2024-01-01 00:00:28,0.70413,0.22336,0.01999,35.0,78.0
6668195,58,2024-01-01 00:00:27,0.87768,0.06032,1226.92484,35.0,79.0
6668195,58,2024-01-01 00:00:38,0.65704,0.04866,1143.35935,35.0,77.0
6668195,58,2024-01-01 00:00:25,0.3363,0.12997,1227.53626,25.0,79.0
6668195,58,2024-01-01 00:00:25,0.40477,-0.06884,0.01999,35.0,77.0
6668195,58,2024-01-01 00:00:21,0.49207,0.15539,484.6971,25.0,78.0
6668195,58,2024-01-01 00:00:33,0.63733,0.09452,1883.95219,35.0,74.0
6668195,58,2024-01-01 00:00:20,1.05173,0.23888,2676.83803,25.0,76.0
6668195,58,2024-01-01 00:00:25,0.44498,0.13009,292.91364,35.0,75.0
6668195,58,2024-01-01 00:00:19,0.51437,0.01575,0.01999,45.0,75.0
6668195,58,2024-01-01 00:00:17,0.21146,0.13581,0.01999,35.0,79.0
6668195,58,2024-01-01 00:00:05,0.05674,-0.04025,0.01999,45.0,79.0
6668195,58,2024-01-01 00:00:24,0.37973,0.13627,523.01038,25.0,79.0
6668195,58,2024-01-01 00:00:11,0.45997,0.14104,0.01999,35.0,78.0
6668195,58,2024-01-01 00:00:22,0.35294,0.0172,0.01999,35.0,80.0
6668195,58,2024-01-01 00:00:16,0.6674,-0.14346,1229.3596,25.0,78.0
6668195,58,2024-01-01 00:00:35,0.46379,0.04099,174.0965,45.0,80.0
6668195,58,2024-01-01 00:00:22,1.33129,0.00813,1855.03241,45.0,77.0
6668195,58,2024-01-01 00:00:29,0.74996,-0.00496,2564.93646,45.0,81.0
6668195,58,2024-01-01 00:00:28,0.95427,0.1119,406.87359,35.0,80.0
6668195,58,2024-01-01 00:00:28,0.96255,0.02778,0.01999,35.0,81.0
6668195,58,2024-01-01 00:00:32,0.6226,0.23794,0.01999,35.0,79.0
6668195,58,2024-01-01 00:00:35,0.79877,0.16572,0.01999,45.0,81.0
6668195,58,2024-01-01 00:00:37,0.8625,0.25861,0.01999,45.0,81.0
6668195,58,2024-01-01 00:00:42,0.86493,-0.04414,0.01999,45.0,84.0
6668195,58,2024-01-01 00:00:26,0.90953,0.15047,0.01999,45.0,87.0
6668195,58,2024-01-01 00:00:34,1.00526,0.1841,790.80941,45.0,84.0
6668195,58,2024-01-01 00:00:35,1.22616,-0.1332,237.66873,25.0,82.0
6668195,58,2024-01-01 00:00:54,1.25948,0.13559,236.63424,25.0,79.0
6668195,58,2024-01-01 00:00:32,1.03084,-0.03079,0.01999,45.0,77.0
6668195,58,2024-01-01 00:00:45,0.97859,0.37063,0.01999,35.0,76.0
6668195,58,2024-01-01 00:00:28,1.28694,0.09747,0.01999,45.0,77.0
6668195,58,2024-01-01 00:00:25,1.20007,0.27015,0.01999,25.0,76.0
6668195,58,2024-01-01 00:00:53,0.72308,0.21163,0.01999,35.0,78.0
6668195,58,2024-01-01 00:00:40,1.02664,0.08765,1579.25213,25.0,76.0
6668195,58,2024-01-01 00:00:31,1.36675,-0.09529,1368.45434,45.0,76.0
6668195,58,2024-01-01 00:00:26,0.61781,0.18709,760.39225,35.0,78.0
6668195,58,2024-01-01 00:00:18,0.96857,0.28713,2286.6888,35.0,78.0
6668195,58,2024-01-01 00:00:09,0.78837,0.19866,4812.72908,35.0,82.0
6668195,58,2024-01-01 00:00:09,0.59157,0.12807,2406.84174,35.0,79.0
6668195,58,2024-01-01 00:00:18,0.74438,0.22956,1233.51128,45.0,80.0
6668195,58,2024-01-01 00:00:12,0.64336,0.02763,4648.2726,35.0,80.0
6668195,58,2024-01-01 00:00:17,0.36147,0.05951,0.01999,35.0,77.0
6668195,58,2024-01-01 00:00:16,0.51173,0.02795,364.57869,25.0,80.0
6668195,58,2024-01-01 00:00:12,0.8153,0.09135,1442.68119,35.0,79.0
6668195,58,2024-01-01 00:00:01,0.1545,0.18142,835.2398,35.0,77.0
6668195,58,2024-01-01 00:00:03,0.28035,0.12366,1333.43898,35.0,77.0
6668195,58,2024-01-01 00:00:19,0.01612,0.06839,1152.73452,35.0,78.0
6668195,58,2024-01-01 00:00:25,0.44793,0.13357,3854.43968,45.0,78.0
6668195,58,2024-01-01 00:00:18,0.46206,0.19152,551.88821,35.0,75.0
6668195,58,2024-01-01 00:00:16,0.38939,0.12057,1147.03025,35.0,77.0
6668195,58,2024-01-01 00:00:15,0.73761,0.07805,140.69721,35.0,77.0
6668195,58,2024-01-01 00:00:26,0.71909,0.31715,0.01999,25.0,75.0
6668195,58,2024-01-01 00:00:34,0.50569,0.18172,1006.46499,35.0,71.0
6668195,58,2024-01-01 00:00:45,1.15008,0.3858,821.7441,35.0,72.0
6668195,58,2024-01-01 00:00:25,1.13282,0.27903,2555.90124,25.0,71.0
6668195,58,2024-01-01 00:00:19,0.92882,0.17702,4120.95897,35.0,73.0
6668195,58,2024-01-01 00:00:17,0.72406,0.09899,0.01999,35.0,72.0
6668195,58,2024-01-01 00:00:12,0.73871,-0.03007,0.01999,35.0,74.0
6668195,58,2024-01-01 00:00:12,0.6683,0.07122,1142.27711,45.0,78.0
6668195,58,2024-01-01 00:00:15,0.6898,0.25411,2961.2655,35.0,74.0
6668195,58,2024-01-01 00:00:16,0.40993,0.10204,1211.98609,35.0,76.0
6668195,58,2024-01-01 00:00:05,0.37633,0.01836,0.01999,35.0,76.0
6668195,58,2024-01-01 00:00:09,0.2878,0.02711,278.70933,25.0,76.0
6668195,58,2024-01-01 00:00:00,0.29871,0.08811,0.01999,35.0,76.0
6668195,58,2024-01-01 00:00:15,0.34573,0.04599,791.99201,35.0,75.0
6668195,58,2024-01-01 00:00:06,0.56292,0.00889,996.44752,35.0,76.0
6668195,58,2024-01-01 00:00:22,0.02216,0.07021,1329.6346,45.0,76.0
6668195,58,2024-01-01 00:00:22,0.29472,0.0856,0.01999,45.0,77.0
6668195,58,2024-01-01 00:00:29,0.7715,-0.03542,665.11013,25.0,78.0
6668195,58,2024-01-01 00:00:39,0.61533,-0.09644,1740.27366,45.0,75.0
6668195,58,2024-01-01 00:00:21,0.30025,0.0922,629.3767,25.0,79.0
6668195,58,2024-01-01 00:00:18,0.44547,0.16833,0.01999,25.0,77.0
6668195,58,2024-01-01 00:00:26,0.88597,0.03534,0.01999,35.0,78.0
6668195,58,2024-01-01 00:00:37,0.73907,0.06996,1235.31203,35.0,78.0
6668195,58,2024-01-01 00:00:48,0.67094,0.1736,9.573,25.0,77.0
6668195,58,2024-01-01 00:00:37,1.0143,0.08125,2367.96907,35.0,74.0
6668195,58,2024-01-01 00:00:28,0.67609,-0.15253,0.01999,35.0,75.0
6668195,58,2024-01-01 00:00:28,1.24794,0.24937,0.01999,25.0,77.0
6668195,58,2024-01-01 00:00:27,0.84101,-0.12176,0.01999,25.0,76.0
6668195,58,2024-01-01 00:00:29,1.00402,0.06205,0.01999,45.0,75.0
6668195,58,2024-01-01 00:00:30,0.62881,-0.06075,1226.90005,25.0,77.0
6668195,58,2024-01-01 00:00:39,1.19437,0.15656,2518.06955,35.0,80.0
6668195,58,2024-01-01 00:00:28,0.50771,0.2932,0.01999,25.0,79.0
6668195,58,2024-01-01 00:00:27,0.78707,0.09949,2068.00611,25.0,79.0
6668195,58,2024-01-01 00:00:19,1.02602,0.14899,1699.54761,35.0,80.0
6668195,58,2024-01-01 00:00:18,0.74271,0.14458,1174.20824,45.0,83.0
6668195,58,2024-01-01 00:00:25,0.79247,0.0341,43.39875,35.0,81.0
6668195,58,2024-01-01 00:00:16,0.47229,0.05523,2592.66874,35.0,78.0
6668195,58,2024-01-01 00:00:27,0.49142,0.12538,443.73234,35.0,80.0
6668195,58,2024-01-01 00:00:27,0.96067,-0.0972,3401.13187,25.0,80.0
6668195,58,2024-01-01 00:00:40,0.68883,0.03333,2700.97801,35.0,80.0
6668195,58,2024-01-01 00:00:10,0.94288,0.16694,0.01999,25.0,83.0
6668195,58,2024-01-01 00:00:20,0.40712,-0.09506,3150.14472,25.0,84.0
6668195,58,2024-01-01 00:00:14,0.54263,-0.00197,2137.37866,35.0,83.0
6668195,58,2024-01-01 00:00:26,0.31364,0.21546,245.74949,35.0,83.0
6668195,58,2024-01-01 00:00:23,0.91804,0.10852,1951.42861,45.0,82.0
6668195,58,2024-01-01 00:00:18,1.08458,0.10717,268.324,35.0,83.0
6668195,58,2024-01-01 00:00:36,0.83705,0.14497,3056.07819,35.0,77.0
6668195,58,2024-01-01 00:00:31,0.76723,0.13954,1238.9991,45.0,79.0
6668195,58,2024-01-01 00:00:44,0.91117,-0.07736,0.01999,35.0,80.0
6668195,58,2024-01-01 00:00:22,0.89015,0.03505,0.01999,35.0,80.0
6668195,58,2024-01-01 00:00:20,1.29595,0.2465,708.68458,25.0,77.0
6668195,58,2024-01-01 00:00:17,0.95285,0.25786,1817.60174,45.0,75.0
6668195,58,2024-01-01 00:00:33,0.76404,0.15049,2084.34345,45.0,80.0
6668195,58,2024-01-01 00:00:33,1.19271,0.14638,0.01999,45.0,78.0
6668195,58,2024-01-01 00:00:24,1.12409,0.00659,32.77727,35.0,79.0
6668195,58,2024-01-01 00:00:30,0.96811,0.27172,886.21101,35.0,81.0
6668195,58,2024-01-01 00:00:19,0.63285,-0.10966,853.4837,35.0,79.0
6668195,58,2024-01-01 00:00:17,0.03355,0.21064,1030.0279,45.0,79.0
6668195,58,2024-01-01 00:00:23,0.53036,0.1374,2591.53177,45.0,82.0
6668195,58,2024-01-01 00:00:26,0.72951,0.05519,101.12294,25.0,80.0
6668195,58,2024-01-01 00:00:30,0.98649,0.26613,2512.68779,35.0,83.0
6668195,58,2024-01-01 00:00:36,0.91224,0.02947,2783.51797,35.0,78.0
6668195,58,2024-01-01 00:00:20,0.73395,0.05702,0.01999,25.0,78.0
6668195,58,2024-01-01 00:00:45,1.09012,-0.01971,0.01999,35.0,80.0
6668195,58,2024-01-01 00:00:21,0.89481,0.06622,561.84481,45.0,80.0
6668195,58,2024-01-01 00:00:28,0.61483,-0.04864,0.01999,45.0,79.0
6668195,58,2024-01-01 00:00:24,0.88294,0.26781,2452.31121,35.0,79.0
6668195,58,2024-01-01 00:00:19,1.0,0.01723,1229.7852,35.0,78.0
6668195,58,2024-01-01 00:00:30,0.77989,0.06692,1638.16142,45.0,79.0
6668195,58,2024-01-01 00:00:15,0.48348,0.26129,1101.8259,35.0,77.0
6668195,58,2024-01-01 00:00:10,0.09018,-0.16796,2032.0615,35.0,78.0
6668195,58,2024-01-01 00:00:17,0.79143,0.03261,0.01999,35.0,79.0
6668195,58,2024-01-01 00:00:21,0.37791,0.13954,2588.65184,45.0,79.0
6668195,58,2024-01-01 00:00:29,0.65269,0.06095,0.01999,35.0,81.0
6668195,58,2024-01-01 00:00:18,0.89952,0.13685,1382.39863,25.0,78.0
6668195,58,2024-01-01 00:00:21,0.65574,0.191,0.01999,35.0,79.0
6668195,58,2024-01-01 00:00:36,0.65434,0.11768,445.06676,35.0,76.0
6668195,58,2024-01-01 00:00:27,0.53336,0.21443,253.54322,35.0,77.0
6668195,58,2024-01-01 00:00:33,0.3326,0.06251,172.46439,35.0,76.0
6668195,58,2024-01-01 00:00:28,1.13342,0.08017,0.01999,35.0,80.0
6668195,58,2024-01-01 00:00:42,0.88768,0.13127,528.30952,35.0,81.0
6668195,58,2024-01-01 00:00:29,0.46722,-0.03804,0.01999,25.0,79.0
6668195,58,2024-01-01 00:00:45,1.03445,0.10071,2796.08942,25.0,74.0
6668195,58,2024-01-01 00:00:39,0.75402,0.22285,0.01999,35.0,72.0
6668195,58,2024-01-01 00:00:36,1.45862,0.30264,0.01999,35.0,76.0
6668195,58,2024-01-01 00:00:39,1.03162,0.32222,0.01999,25.0,75.0
6668195,58,2024-01-01 00:00:42,0.81297,0.08636,0.01999,35.0,75.0
6668195,58,2024-01-01 00:00:14,0.84501,0.13439,0.01999,25.0,75.0
6668195,58,2024-01-01 00:00:33,1.14286,0.06573,76.94546,25.0,74.0
6668195,58,2024-01-01 00:00:38,1.1685,0.37387,0.01999,25.0,73.0
6668195,58,2024-01-01 00:00:27,0.90933,0.24315,1529.80095,25.0,70.0
6668195,58,2024-01-01 00:00:40,0.79854,0.15131,1435.19305,25.0,69.0
6668195,58,2024-01-01 00:00:24,1.53284,0.37301,1036.49023,25.0,71.0
6668195,58,2024-01-01 00:00:28,1.57504,0.03717,3787.38767,25.0,66.0
6668195,58,2024-01-01 00:00:32,1.46687,0.31908,3160.93924,45.0,64.0
6668195,58,2024-01-01 00:00:37,1.01165,0.24347,1242.95644,35.0,65.0
9078961,0,2024-01-01 00:00:15,0.87768,-0.06998,3599.84854,35.0,76.0
9078961,1,2024-01-01 00:00:17,1.25934,0.04569,6178.93629,45.0,82.0
9078961,2,2024-01-01 00:00:11,0.82564,0.18249,0.01999,45.0,81.0
9078961,3,2024-01-01 00:00:19,0.66166,0.31498,752.36533,45.0,83.0
9078961,4,2024-01-01 00:00:35,0.89478,0.11349,0.01999,35.0,87.0
9078961,5,2024-01-01 00:00:23,1.07432,0.17398,0.01999,35.0,90.0
9078961,6,2024-01-01 00:00:32,1.01121,0.13674,0.01999,25.0,86.0
9078961,7,2024-01-01 00:00:22,1.53781,-0.00288,698.28431,45.0,86.0
9078961,8,2024-01-01 00:00:34,0.7727,0.1204,1515.76475,35.0,85.0
9078961,9,2024-01-01 00:00:28,1.525,-0.01401,1514.79,25.0,85.0
9078961,10,2024-01-01 00:00:24,0.87026,-0.02483,0.01999,45.0,83.0
9078961,11,2024-01-01 00:00:19,0.9112,0.03382,0.01999,45.0,86.0
9078961,12,2024-01-01 00:00:31,0.59148,0.12838,2394.84583,25.0,85.0
9078961,13,2024-01-01 00:00:25,0.63828,0.17059,719.1555,45.0,84.0
9078961,14,2024-01-01 00:00:29,0.67974,0.05001,0.01999,45.0,85.0
9078961,15,2024-01-01 00:00:26,0.75997,0.03699,2783.52483,35.0,89.0
9078961,16,2024-01-01 00:00:32,1.01605,-0.06417,1005.41449,35.0,87.0
9078961,17,2024-01-01 00:00:37,0.76971,-0.06702,1896.62622,35.0,86.0
9078961,18,2024-01-01 00:00:26,0.80045,-0.01035,476.64493,45.0,86.0
9078961,19,2024-01-01 00:00:42,0.82913,0.06957,1255.90849,45.0,89.0
9078961,20,2024-01-01 00:00:46,0.63434,0.12598,0.01999,35.0,86.0
9078961,21,2024-01-01 00:00:16,1.08729,-0.08446,2357.59543,45.0,85.0
9078961,22,2024-01-01 00:00:30,0.87851,0.10049,2283.52054,45.0,84.0
9078961,23,2024-01-01 00:00:36,0.47635,0.16578,168.01937,25.0,85.0
9078961,24,2024-01-01 00:00:15,1.07189,0.28499,0.01999,25.0,85.0
9078961,25,2024-01-01 00:00:29,1.08977,0.07852,0.01999,25.0,81.0
9078961,26,2024-01-01 00:00:46,0.8273,0.16198,512.92967,35.0,80.0
9078961,27,2024-01-01 00:00:38,0.92049,0.08367,2235.27791,45.0,78.0
9078961,28,2024-01-01 00:00:31,1.08946,0.23965,312.62661,45.0,82.0
9078961,29,2024-01-01 00:00:18,0.88142,-0.1385,0.01999,25.0,84.0
9078961,30,2024-01-01 00:00:18,0.45834,0.1741,2745.46943,25.0,81.0
9078961,31,2024-01-01 00:00:22,0.7517,-0.07729,247.45383,45.0,83.0
9078961,32,2024-01-01 00:00:21,0.65751,0.1669,0.01999,45.0,82.0
9078961,33,2024-01-01 00:00:23,0.73259,0.09797,1541.21348,45.0,85.0
9078961,34,2024-01-01 00:00:29,0.58939,0.01908,1509.37418,45.0,83.0
9078961,35,2024-01-01 00:00:29,0.81896,0.21145,1852.9523,35.0,85.0
9078961,36,2024-01-01 00:00:23,1.09353,0.00951,332.6641,35.0,86.0
9078961,37,2024-01-01 00:00:34,0.8271,0.18375,0.01999,45.0,86.0
9078961,38,2024-01-01 00:00:25,0.85312,-0.12963,667.89008,25.0,85.0
9078961,39,2024-01-01 00:00:26,0.50571,-0.11135,99.19832,45.0,85.0
9078961,40,2024-01-01 00:00:28,0.87694,0.03799,0.01999,45.0,86.0
9078961,41,2024-01-01 00:00:31,1.4222,-0.03023,1573.93948,35.0,83.0
9078961,42,2024-01-01 00:00:50,1.16152,0.16367,610.24526,25.0,86.0
9078961,43,2024-01-01 00:00:33,1.17928,-0.03916,2673.97518,35.0,83.0
9078961,44,2024-01-01 00:00:53,1.21239,0.21126,1961.75834,25.0,82.0
9078961,45,2024-01-01 00:00:41,1.25249,0.2365,2998.95646,25.0,79.0
9078961,46,2024-01-01 00:00:31,0.99091,-0.00317,1300.41291,25.0,80.0
9078961,47,2024-01-01 00:00:14,0.74907,0.129,2818.8882,25.0,83.0
9078961,48,2024-01-01 00:00:20,0.83145,0.06037,741.81941,25.0,81.0
9078961,49,2024-01-01 00:00:13,0.98841,0.07428,371.45462,45.0,80.0
9078961,50,2024-01-01 00:00:14,0.93449,0.11997,884.57824,45.0,80.0
9078961,51,2024-01-01 00:00:27,1.03861,0.22241,0.01999,35.0,82.0
9078961,52,2024-01-01 00:00:29,0.32787,0.15749,0.01999,35.0,80.0
9078961,53,2024-01-01 00:00:29,1.2998,0.28639,568.93666,35.0,80.0
9078961,54,2024-01-01 00:00:37,0.87598,0.1341,0.01999,25.0,83.0
9078961,55,2024-01-01 00:00:36,1.05679,0.16105,946.13468,35.0,80.0
9078961,56,2024-01-01 00:00:27,0.9753,0.15562,1038.24228,25.0,82.0
9078961,57,2024-01-01 00:00:31,1.15689,0.06662,0.01999,25.0,78.0
9078961,58,2024-01-01 00:00:17,1.04354,0.37273,0.01999,35.0,80.0
9078961,58,2024-01-01 00:00:32,0.95031,0.34508,0.01999,35.0,84.0
9078961,58,2024-01-01 00:00:36,1.38362,0.15702,300.07242,35.0,82.0
9078961,58,2024-01-01 00:00:50,0.42203,0.27717,0.01999,45.0,81.0
9078961,58,2024-01-01 00:00:40,1.33224,-0.02783,375.86724,25.0,81.0
9078961,58,2024-01-01 00:00:57,0.97071,0.21444,839.23896,35.0,77.0
9078961,58,2024-01-01 00:00:42,1.04627,0.34623,52.07167,45.0,76.0
9078961,58,2024-01-01 00:00:50,1.0328,0.08811,3078.78396,45.0,75.0
9078961,58,2024-01-01 00:00:37,0.78818,0.30223,769.59624,45.0,78.0
9078961,58,2024-01-01 00:00:29,1.04514,-0.18848,1914.10735,45.0,81.0
9078961,58,2024-01-01 00:00:27,0.87313,0.06287,949.20388,45.0,85.0
9078961,58,2024-01-01 00:00:22,1.02276,0.17582,0.01999,35.0,83.0
9078961,58,2024-01-01 00:00:29,0.84477,0.1713,3040.61809,45.0,84.0
9078961,58,2024-01-01 00:00:30,0.77539,0.17653,3240.47005,35.0,86.0
9078961,58,2024-01-01 00:00:23,0.7851,0.0494,2193.79609,45.0,86.0
9078961,58,2024-01-01 00:00:14,0.61923,0.10776,0.01999,45.0,84.0
9078961,58,2024-01-01 00:00:32,1.04819,0.23184,0.01999,35.0,85.0
9078961,58,2024-01-01 00:00:21,0.81589,0.01114,0.01999,35.0,85.0
9078961,58,2024-01-01 00:00:21,1.22549,0.18933,963.41291,35.0,82.0
9078961,58,2024-01-01 00:00:28,0.55839,0.16279,448.6351,35.0,82.0
9078961,58,2024-01-01 00:00:31,0.66232,0.10354,0.01999,35.0,81.0
9078961,58,2024-01-01 00:00:25,0.88175,0.25408,777.34648,35.0,78.0
9078961,58,2024-01-01 00:00:22,0.71999,0.21067,0.01999,25.0,78.0
9078961,58,2024-01-01 00:00:22,1.43352,0.10818,1070.09693,25.0,76.0
9078961,58,2024-01-01 00:00:38,1.36526,-0.0525,0.01999,35.0,73.0
9078961,58,2024-01-01 00:00:44,0.65148,0.28318,0.01999,45.0,73.0
9078961,58,2024-01-01 00:00:43,0.94288,0.11829,1002.87581,25.0,75.0
9078961,58,2024-01-01 00:00:39,0.87386,-0.00774,0.01999,35.0,79.0
9078961,58,2024-01-01 00:00:27,1.35075,0.08734,1284.91925,35.0,78.0
9078961,58,2024-01-01 00:00:26,0.8808,0.15165,1310.28132,35.0,78.0
9078961,58,2024-01-01 00:00:36,0.59479,0.14109,578.77031,25.0,83.0
9078961,58,2024-01-01 00:00:22,1.14067,0.31074,1820.12859,35.0,81.0
9078961,58,2024-01-01 00:00:35,0.7194,0.33043,586.23533,35.0,79.0
9078961,58,2024-01-01 00:00:37,0.75514,0.12724,463.53971,45.0,78.0
9078961,58,2024-01-01 00:00:40,0.89511,0.24387,843.53973,35.0,78.0
9078961,58,2024-01-01 00:00:32,1.26533,-0.01828,0.01999,35.0,78.0
9078961,58,2024-01-01 00:00:32,1.12649,0.01095,0.01999,45.0,79.0
9078961,58,2024-01-01 00:00:37,1.15486,0.03018,0.01999,25.0,76.0
9078961,58,2024-01-01 00:00:55,0.97421,-0.07686,0.01999,45.0,75.0
9078961,58,2024-01-01 00:00:38,1.44015,0.03388,802.71862,25.0,78.0
9078961,58,2024-01-01 00:00:39,0.96201,-0.03742,2396.39737,45.0,78.0
9078961,58,2024-01-01 00:00:37,0.78311,0.12672,1979.80735,25.0,80.0
9078961,58,2024-01-01 00:00:48,0.78574,0.32831,780.63671,45.0,82.0
9078961,58,2024-01-01 00:00:21,0.94288,0.08002,739.02684,25.0,80.0
9078961,58,2024-01-01 00:00:07,1.06049,0.08534,3408.76761,25.0,80.0
9078961,58,2024-01-01 00:00:12,0.36749,0.18356,1677.50682,35.0,78.0
9078961,58,2024-01-01 00:00:19,0.14772,0.08271,2566.47928,35.0,79.0
9078961,58,2024-01-01 00:00:16,0.91292,0.10299,236.00171,35.0,80.0
9078961,58,2024-01-01 00:00:07,0.73607,0.01927,938.8412,45.0,80.0
9078961,58,2024-01-01 00:00:24,0.60841,0.12451,549.3103,25.0,81.0
9078961,58,2024-01-01 00:00:15,0.31209,0.09073,1366.13872,35.0,84.0
9078961,58,2024-01-01 00:00:10,1.10478,0.09791,596.604,35.0,82.0
9078961,58,2024-01-01 00:00:20,0.02565,0.25424,0.01999,45.0,79.0
9078961,58,2024-01-01 00:00:20,0.82894,0.19737,1722.22094,35.0,78.0
9078961,58,2024-01-01 00:00:26,0.59175,0.01003,0.01999,35.0,77.0
9078961,58,2024-01-01 00:00:20,0.68949,0.11059,1613.55864,35.0,79.0
9078961,58,2024-01-01 00:00:35,0.7655,0.20097,1432.81236,35.0,78.0
9078961,58,2024-01-01 00:00:20,0.8339,0.34943,0.01999,35.0,78.0
9078961,58,2024-01-01 00:00:27,1.08351,-0.02053,22.0481,35.0,78.0
9078961,58,2024-01-01 00:00:38,0.26307,0.16655,0.01999,25.0,78.0
9078961,58,2024-01-01 00:00:36,1.24042,0.06989,0.01999,35.0,77.0
9078961,58,2024-01-01 00:00:44,0.88349,0.15941,759.08406,25.0,76.0
9078961,58,2024-01-01 00:00:47,1.2093,0.3087,1605.57275,25.0,77.0
9078961,58,2024-01-01 00:00:27,1.04061,0.15677,573.64341,25.0,75.0
9078961,58,2024-01-01 00:00:35,1.09721,0.3039,0.01999,25.0,73.0
9078961,58,2024-01-01 00:00:44,0.96732,0.2852,1475.30285,25.0,73.0
9078961,58,2024-01-01 00:00:22,1.00162,0.34282,3396.22271,35.0,73.0
9078961,58,2024-01-01 00:00:36,0.84456,0.00576,698.92372,25.0,76.0
9078961,58,2024-01-01 00:00:25,0.79153,-0.23616,0.01999,35.0,73.0
9078961,58,2024-01-01 00:00:26,0.72813,0.10669,0.01999,25.0,74.0
9078961,58,2024-01-01 00:00:37,1.11585,0.42527,1190.68763,35.0,72.0
9078961,58,2024-01-01 00:00:47,0.98697,0.05878,0.01999,35.0,73.0
9078961,58,2024-01-01 00:00:39,1.07256,0.14794,1072.12211,25.0,72.0
9078961,58,2024-01-01 00:00:33,1.13494,0.06835,0.01999,45.0,70.0
9078961,58,2024-01-01 00:00:25,0.68174,0.21871,0.01999,35.0,74.0
9078961,58,2024-01-01 00:00:26,1.06732,-0.0881,1005.76608,25.0,71.0
9078961,58,2024-01-01 00:00:38,1.07418,0.02142,1982.72208,25.0,76.0
9078961,58,2024-01-01 00:00:32,0.93513,0.17077,1482.57558,35.0,74.0
9078961,58,2024-01-01 00:00:35,1.23352,0.23318,1195.26818,25.0,76.0
9078961,58,2024-01-01 00:00:25,1.20989,0.17175,0.01999,45.0,72.0
9078961,58,2024-01-01 00:00:31,0.56802,-0.12996,2334.62139,45.0,74.0
9078961,58,2024-01-01 00:00:31,1.11084,0.15382,0.01999,25.0,75.0
9078961,58,2024-01-01 00:00:17,1.09823,0.02177,159.22123,25.0,75.0
9078961,58,2024-01-01 00:00:44,0.77025,0.15274,396.61525,25.0,78.0
9078961,58,2024-01-01 00:00:42,1.12691,-0.37447,0.01999,35.0,75.0
9078961,58,2024-01-01 00:00:22,0.9641,-0.02425,0.01999,35.0,79.0
9078961,58,2024-01-01 00:00:43,1.06317,0.24421,657.43187,35.0,76.0
9078961,58,2024-01-01 00:00:28,0.62043,0.12132,1570.83431,35.0,75.0
9078961,58,2024-01-01 00:00:23,0.97913,0.21103,732.55564,35.0,73.0
9078961,58,2024-01-01 00:00:15,0.4339,0.26346,2304.10954,35.0,74.0
9078961,58,2024-01-01 00:00:13,0.70077,0.06778,589.30783,35.0,75.0
9078961,58,2024-01-01 00:00:27,0.39968,0.11394,638.63559,35.0,74.0
9078961,58,2024-01-01 00:00:21,0.42681,-0.10163,352.46358,35.0,74.0
9078961,58,2024-01-01 00:00:09,0.4452,0.31583,792.11384,35.0,76.0
9078961,58,2024-01-01 00:00:25,0.38588,0.13648,1037.68062,35.0,77.0
9078961,58,2024-01-01 00:00:31,0.63233,-0.09731,469.09618,45.0,77.0
9078961,58,2024-01-01 00:00:31,0.71602,0.15268,0.01999,35.0,78.0
9078961,58,2024-01-01 00:00:32,0.38884,0.00455,0.01999,45.0,78.0
9078961,58,2024-01-01 00:00:25,0.69854,0.07784,0.01999,25.0,79.0
9078961,58,2024-01-01 00:00:24,0.48323,0.18786,1245.33941,35.0,78.0
9078961,58,2024-01-01 00:00:29,0.84011,0.2645,1877.14407,35.0,78.0
9078961,58,2024-01-01 00:00:40,0.66491,0.12912,823.98434,45.0,77.0
9078961,58,2024-01-01 00:00:30,0.96425,0.02164,761.8777,25.0,78.0
9078961,58,2024-01-01 00:00:38,0.80731,0.25948,2123.49683,25.0,79.0
9078961,58,2024-01-01 00:00:19,1.05736,0.15943,1661.38624,25.0,76.0
9078961,58,2024-01-01 00:00:20,0.76578,0.13548,470.88954,45.0,76.0
9078961,58,2024-01-01 00:00:29,0.73227,0.18068,1328.70958,35.0,80.0
9078961,58,2024-01-01 00:00:15,0.73067,0.02207,979.30654,25.0,79.0
9078961,58,2024-01-01 00:00:25,0.62719,0.13403,2571.38473,45.0,78.0
9078961,58,2024-01-01 00:00:26,0.18191,0.13954,0.01999,25.0,78.0
9078961,58,2024-01-01 00:00:17,0.08676,-0.02013,3641.06681,45.0,79.0
9078961,58,2024-01-01 00:00:16,0.50887,0.17128,1284.91925,35.0,81.0
9078961,58,2024-01-01 00:00:20,0.47816,0.03036,0.01999,35.0,81.0
9078961,58,2024-01-01 00:00:25,0.32969,0.01324,0.01999,25.0,83.0
9078961,58,2024-01-01 00:00:29,0.43215,-0.03056,1053.91845,45.0,81.0
9078961,58,2024-01-01 00:00:31,0.39482,0.10737,1079.09597,25.0,80.0
9078961,58,2024-01-01 00:00:30,0.65486,0.09633,341.98338,45.0,82.0
9078961,58,2024-01-01 00:00:18,0.80737,0.21691,1328.82367,35.0,85.0
9078961,58,2024-01-01 00:00:19,0.68112,0.21807,2541.53763,45.0,84.0
9078961,58,2024-01-01 00:00:13,1.17641,-0.03868,1357.90645,25.0,83.0
9078961,58,2024-01-01 00:00:33,0.65065,0.10851,2783.61172,45.0,79.0
9078961,58,2024-01-01 00:00:11,0.86786,0.24087,1483.66242,35.0,84.0
9078961,58,2024-01-01 00:00:03,0.94288,0.19397,0.01999,35.0,80.0
9078961,58,2024-01-01 00:00:21,0.88239,0.1722,2844.16199,45.0,81.0
9078961,58,2024-01-01 00:00:29,0.72765,0.17232,3014.40208,45.0,79.0
9078961,58,2024-01-01 00:00:11,0.54128,0.03613,369.68948,35.0,83.0
9078961,58,2024-01-01 00:00:21,0.77483,0.03407,0.01999,45.0,82.0
9078961,58,2024-01-01 00:00:32,0.98755,0.01491,0.01999,35.0,81.0
9078961,58,2024-01-01 00:00:37,0.8625,0.12046,0.01999,45.0,80.0
9078961,58,2024-01-01 00:00:44,0.5937,0.22042,435.51503,45.0,79.0
9078961,58,2024-01-01 00:00:23,0.50365,0.13044,0.01999,35.0,82.0
9078961,58,2024-01-01 00:00:35,0.91,0.00498,2027.62961,25.0,82.0
9078961,58,2024-01-01 00:00:20,0.36351,0.10295,2354.21711,25.0,79.0
9078961,58,2024-01-01 00:00:32,1.09688,0.06609,969.35999,35.0,81.0
9078961,58,2024-01-01 00:00:37,1.37048,0.0954,152.30491,45.0,81.0
9078961,58,2024-01-01 00:00:24,1.16377,0.00701,403.11114,45.0,81.0
9078961,58,2024-01-01 00:00:41,0.80069,0.00011,0.01999,25.0,82.0
9078961,58,2024-01-01 00:00:38,0.73556,0.20802,0.01999,45.0,80.0
9078961,58,2024-01-01 00:00:33,0.95764,0.15322,1095.3169,25.0,79.0
9078961,58,2024-01-01 00:00:32,0.94504,-0.02828,0.01999,25.0,81.0
9078961,58,2024-01-01 00:00:49,1.00864,-0.01631,859.32919,35.0,80.0
9078961,58,2024-01-01 00:00:28,1.56623,0.33004,534.49833,25.0,80.0
9078961,58,2024-01-01 00:00:30,1.14941,0.36747,814.99562,45.0,76.0
9078961,58,2024-01-01 00:00:34,1.33429,0.12719,1298.02934,45.0,78.0
9078961,58,2024-01-01 00:00:42,1.16786,0.12042,1285.81616,25.0,79.0
9078961,58,2024-01-01 00:00:26,1.06516,0.07276,2153.69947,25.0,79.0
9078961,58,2024-01-01 00:00:28,0.71247,0.24533,3511.38981,45.0,80.0
9078961,58,2024-01-01 00:00:24,0.88819,0.12823,1499.3329,25.0,81.0
9078961,58,2024-01-01 00:00:23,0.6696,-0.02638,4478.39714,35.0,77.0
9078961,58,2024-01-01 00:00:20,0.60482,0.04709,0.01999,45.0,79.0
9078961,58,2024-01-01 00:00:40,0.97423,0.1386,2845.19815,35.0,81.0
9078961,58,2024-01-01 00:00:22,0.59285,0.03248,1262.63154,45.0,79.0
9078961,58,2024-01-01 00:00:30,0.51718,0.12103,0.01999,35.0,80.0
9078961,58,2024-01-01 00:00:24,0.23902,0.21463,1326.43072,45.0,78.0
9078961,58,2024-01-01 00:00:34,0.69766,-0.05012,736.72004,45.0,78.0
9078961,58,2024-01-01 00:00:20,0.87604,0.16406,0.01999,35.0,78.0
9078961,58,2024-01-01 00:00:28,0.91048,0.0946,2777.13431,25.0,79.0
9078961,58,2024-01-01 00:00:19,0.49167,0.21958,184.71446,25.0,77.0
9078961,58,2024-01-01 00:00:39,0.61295,-0.10235,965.96582,25.0,82.0
9078961,58,2024-01-01 00:00:24,1.09358,0.1565,3428.70708,35.0,81.0
9078961,58,2024-01-01 00:00:12,0.78029,0.19276,134.16725,35.0,78.0
9078961,58,2024-01-01 00:00:44,0.67036,0.08447,0.01999,45.0,80.0
9078961,58,2024-01-01 00:00:35,0.91607,0.00188,713.51053,35.0,82.0
9078961,58,2024-01-01 00:00:35,0.92957,0.02986,0.01999,35.0,79.0
9078961,58,2024-01-01 00:00:31,1.46699,0.16608,0.01999,35.0,80.0
9078961,58,2024-01-01 00:00:29,0.85771,-0.00786,932.8354,35.0,80.0
9078961,58,2024-01-01 00:00:34,0.49187,0.21958,155.12691,35.0,76.0
9078961,58,2024-01-01 00:00:21,1.02865,0.33108,249.2432,25.0,78.0
9078961,58,2024-01-01 00:00:38,1.00106,0.05301,1472.81299,45.0,76.0
9078961,58,2024-01-01 00:00:47,1.02213,0.20272,790.83513,45.0,79.0
9078961,58,2024-01-01 00:00:52,0.6821,0.05145,0.01999,45.0,83.0
9078961,58,2024-01-01 00:00:43,1.30936,0.00713,0.01999,45.0,78.0
9078961,58,2024-01-01 00:00:42,1.44852,-0.00809,0.01999,25.0,79.0
9078961,58,2024-01-01 00:00:49,1.55304,0.13097,0.01999,45.0,78.0
9078961,58,2024-01-01 00:00:31,1.33571,0.08084,0.01999,45.0,77.0
9078961,58,2024-01-01 00:00:33,0.9489,0.15314,2063.69662,45.0,78.0
9078961,58,2024-01-01 00:00:26,0.9985,0.01001,0.01999,45.0,79.0
9078961,58,2024-01-01 00:00:36,0.65913,-0.15888,0.01999,45.0,82.0
9078961,58,2024-01-01 00:00:46,0.90899,0.06128,466.89409,25.0,83.0
9078961,58,2024-01-01 00:00:44,1.17232,0.45023,0.01999,25.0,82.0
9078961,58,2024-01-01 00:00:56,1.0942,0.44165,0.01999,35.0,75.0
9078961,58,2024-01-01 00:00:42,1.73531,-0.14171,683.52971,35.0,78.0
9078961,58,2024-01-01 00:00:54,1.13908,0.14788,1237.2477,35.0,80.0
9078961,58,2024-01-01 00:00:41,1.35329,0.0366,2336.22139,25.0,80.0
9078961,58,2024-01-01 00:00:17,1.4034,0.44151,2848.47055,25.0,81.0
9078961,58,2024-01-01 00:00:26,0.97862,0.09989,2143.24507,25.0,81.0
9078961,58,2024-01-01 00:00:28,1.29241,0.07493,2513.23818,45.0,81.0
9078961,58,2024-01-01 00:00:40,0.87042,0.30668,781.58277,35.0,82.0
9078961,58,2024-01-01 00:00:35,0.95816,0.09284,0.01999,35.0,84.0
9078961,58,2024-01-01 00:00:49,0.84473,0.03765,0.01999,35.0,82.0
9078961,58,2024-01-01 00:00:24,1.28896,0.14391,0.01999,35.0,80.0
9078961,58,2024-01-01 00:00:45,1.36317,-0.00211,0.01999,45.0,80.0
9078961,58,2024-01-01 00:00:34,1.54465,0.05318,0.01999,25.0,82.0
9078961,58,2024-01-01 00:00:48,1.36219,0.29828,4429.02032,25.0,81.0
9078961,58,2024-01-01 00:00:29,1.41141,-0.06275,184.29933,45.0,79.0
9078961,58,2024-01-01 00:00:53,0.76066,0.20024,3999.22645,25.0,82.0
9078961,58,2024-01-01 00:00:39,1.11469,0.19583,727.03654,45.0,82.0
9078961,58,2024-01-01 00:00:35,1.29791,0.03755,0.01999,45.0,83.0
9078961,58,2024-01-01 00:00:35,1.09125,-0.01862,2058.21526,45.0,85.0
9078961,58,2024-01-01 00:00:42,1.12845,0.18852,908.64778,25.0,87.0
9078961,58,2024-01-01 00:00:42,1.15793,-0.05481,712.75592,45.0,83.0
9078961,58,2024-01-01 00:00:43,1.38021,0.09373,0.01999,45.0,85.0
9078961,58,2024-01-01 00:00:53,1.33894,0.22247,0.01999,45.0,83.0
9078961,58,2024-01-01 00:00:52,1.53748,-0.0473,1353.11333,25.0,83.0
9078961,58,2024-01-01 00:00:44,1.25805,-0.12039,0.01999,25.0,81.0
9078961,58,2024-01-01 00:00:38,1.3358,0.11963,416.19027,25.0,84.0
9078961,58,2024-01-01 00:00:53,1.22857,0.13773,1671.02773,25.0,82.0
9078961,58,2024-01-01 00:00:42,1.33107,-0.02526,0.01999,35.0,85.0
9078961,58,2024-01-01 00:00:43,0.99679,0.21824,3478.38596,45.0,84.0
9078961,58,2024-01-01 00:00:38,1.37313,0.18783,2783.80917,35.0,89.0
9078961,58,2024-01-01 00:00:21,1.42127,0.15081,634.60784,45.0,88.0
9078961,58,2024-01-01 00:00:35,0.65488,-0.0301,1230.01182,45.0,89.0
9078961,58,2024-01-01 00:00:25,0.78548,0.20935,0.01999,45.0,89.0
9078961,58,2024-01-01 00:00:22,0.71549,0.21652,1607.28962,45.0,90.0
9078961,58,2024-01-01 00:00:28,0.69071,0.20488,770.80492,45.0,88.0
9078961,58,2024-01-01 00:00:43,0.81316,-0.09895,2250.97992,45.0,85.0
9078961,58,2024-01-01 00:00:14,1.02314,0.10569,0.01999,45.0,84.0
9078961,58,2024-01-01 00:00:18,0.59842,0.01074,0.01999,45.0,82.0
9078961,58,2024-01-01 00:00:27,0.8958,0.04541,3304.20695,35.0,85.0
9078961,58,2024-01-01 00:00:29,0.94288,0.0615,4620.65674,45.0,87.0
9078961,58,2024-01-01 00:00:31,0.52358,-0.06141,835.84249,35.0,88.0
9078961,58,2024-01-01 00:00:32,0.74097,0.14941,2742.77999,45.0,87.0
9078961,58,2024-01-01 00:00:22,0.66373,0.05865,1498.8399,45.0,88.0
9078961,58,2024-01-01 00:00:08,0.93727,0.07027,586.90068,45.0,87.0
9078961,58,2024-01-01 00:00:28,0.30325,0.12038,4019.86901,35.0,88.0
9078961,58,2024-01-01 00:00:04,0.35525,0.11141,606.88211,45.0,86.0
9078961,58,2024-01-01 00:00:22,0.61746,0.16474,360.9462,45.0,85.0
9078961,58,2024-01-01 00:00:24,0.78882,-0.19931,60.35136,45.0,87.0
9078961,58,2024-01-01 00:00:40,0.70338,0.14979,456.7295,25.0,88.0
9078961,58,2024-01-01 00:00:25,1.07637,0.43647,2052.941,25.0,86.0
9078961,58,2024-01-01 00:00:17,1.1126,0.07761,1012.72131,45.0,80.0
9078961,58,2024-01-01 00:00:25,1.05977,0.11141,0.01999,45.0,81.0
9078961,58,2024-01-01 00:00:13,0.48458,0.11613,181.21175,25.0,83.0
9078961,58,2024-01-01 00:00:37,0.74388,0.13065,4226.64842,45.0,83.0
9078961,58,2024-01-01 00:00:09,0.63072,0.11724,0.01999,45.0,83.0
9078961,58,2024-01-01 00:00:08,0.76403,0.02926,0.01999,25.0,83.0
9078961,58,2024-01-01 00:00:28,0.67258,0.15793,1422.0261,35.0,82.0
9078961,58,2024-01-01 00:00:23,0.79821,0.01494,769.22483,45.0,83.0
9078961,58,2024-01-01 00:00:34,0.73669,0.13536,906.37227,35.0,83.0
9078961,58,2024-01-01 00:00:37,0.65105,-0.02946,1646.93064,45.0,84.0
9078961,58,2024-01-01 00:00:35,0.44528,0.13578,910.08856,45.0,86.0
9078961,58,2024-01-01 00:00:37,0.97416,0.10856,1111.9926,45.0,87.0
9078961,58,2024-01-01 00:00:27,0.82694,0.19473,883.94459,45.0,85.0
9078961,58,2024-01-01 00:00:21,0.90263,0.01455,1870.6356,45.0,87.0
9078961,58,2024-01-01 00:00:20,0.98439,0.04914,1992.65682,45.0,87.0
9078961,58,2024-01-01 00:00:21,0.9681,0.21568,0.01999,35.0,85.0
9078961,58,2024-01-01 00:00:19,0.70317,-0.02905,1819.99714,35.0,87.0
9078961,58,2024-01-01 00:00:19,0.71154,0.14959,465.48095,45.0,86.0
9078961,58,2024-01-01 00:00:28,0.19866,0.11092,980.90204,35.0,86.0
9078961,58,2024-01-01 00:00:35,0.56367,0.04966,1616.62074,45.0,85.0
9078961,58,2024-01-01 00:00:05,0.62054,0.20529,1404.25493,45.0,84.0
9078961,58,2024-01-01 00:00:20,0.50202,-0.03666,1887.94388,45.0,88.0
9078961,58,2024-01-01 00:00:19,0.62432,0.1764,0.01999,25.0,83.0
9078961,58,2024-01-01 00:00:22,0.85555,0.02086,898.83674,35.0,84.0
9078961,58,2024-01-01 00:00:22,0.94633,0.14414,2279.92092,45.0,82.0
9078961,58,2024-01-01 00:00:24,1.05762,0.19414,769.85249,45.0,85.0
9078961,58,2024-01-01 00:00:30,0.74349,-0.02068,1730.26805,35.0,84.0
9078961,58,2024-01-01 00:00:44,0.94288,0.12692,1276.70561,35.0,82.0
9078961,58,2024-01-01 00:00:37,0.9613,0.09883,0.01999,25.0,82.0
9078961,58,2024-01-01 00:00:24,0.63037,0.32931,0.01999,25.0,84.0
9078961,58,2024-01-01 00:00:29,1.09664,0.03319,788.583,45.0,81.0
9078961,58,2024-01-01 00:00:40,0.99348,0.11273,253.91481,35.0,83.0
9078961,58,2024-01-01 00:00:44,0.6476,0.0197,0.01999,45.0,84.0
9078961,58,2024-01-01 00:00:22,0.56615,-0.05726,0.01999,45.0,83.0
9078961,58,2024-01-01 00:00:28,0.98414,-0.00438,1146.68096,35.0,82.0
9078961,58,2024-01-01 00:00:25,0.83495,0.34009,0.01999,35.0,85.0
9078961,58,2024-01-01 00:00:16,0.78129,0.1834,533.14085,25.0,84.0
9078961,58,2024-01-01 00:00:19,0.27963,0.18377,1824.62736,25.0,78.0
9078961,58,2024-01-01 00:00:24,1.19449,0.15904,1084.60247,25.0,80.0
9078961,58,2024-01-01 00:00:25,0.61542,0.12786,2133.70003,35.0,77.0
9078961,58,2024-01-01 00:00:23,0.95306,0.11312,764.66879,45.0,78.0
9078961,58,2024-01-01 00:00:27,0.71147,0.16038,205.61128,35.0,81.0
9078961,58,2024-01-01 00:00:49,0.77155,0.15458,0.01999,35.0,80.0
9078961,58,2024-01-01 00:00:41,0.27145,0.21986,1633.78022,35.0,83.0
9078961,58,2024-01-01 00:00:28,0.4137,0.07978,468.38956,35.0,81.0
9078961,58,2024-01-01 00:00:26,0.51106,-0.05428,0.01999,25.0,85.0
9078961,58,2024-01-01 00:00:18,0.80976,0.04193,1370.74972,25.0,80.0
9078961,58,2024-01-01 00:00:20,0.97015,-0.02982,199.43871,45.0,82.0
9078961,58,2024-01-01 00:00:20,0.89964,0.08647,1387.51342,45.0,83.0
9078961,58,2024-01-01 00:00:32,0.46674,0.12223,0.01999,35.0,85.0
9078961,58,2024-01-01 00:00:16,0.5475,-0.00995,0.01999,45.0,84.0
9078961,58,2024-01-01 00:00:22,0.92669,0.17484,0.01999,25.0,87.0
9078961,58,2024-01-01 00:00:46,0.89045,-0.18746,0.01999,35.0,85.0
9078961,58,2024-01-01 00:00:37,0.95938,0.20677,1342.64047,45.0,84.0
9078961,58,2024-01-01 00:00:57,0.99344,0.08167,0.01999,45.0,86.0
9078961,58,2024-01-01 00:00:38,0.70138,0.09276,0.01999,35.0,86.0
9078961,58,2024-01-01 00:00:44,0.93612,0.08129,26.05608,25.0,86.0
9078961,58,2024-01-01 00:00:58,0.62451,0.29565,1771.27128,45.0,84.0
9078961,58,2024-01-01 00:00:39,1.14059,0.15708,3928.8805,45.0,82.0
9078961,58,2024-01-01 00:00:52,0.6316,0.04057,2061.29435,25.0,83.0
9078961,58,2024-01-01 00:00:30,1.00259,0.1382,0.01999,25.0,83.0
9078961,58,2024-01-01 00:00:35,1.23145,0.00321,0.01999,35.0,80.0
9078961,58,2024-01-01 00:00:50,1.15147,0.03423,0.01999,45.0,82.0
9078961,58,2024-01-01 00:00:53,1.17241,0.17326,1462.77132,45.0,80.0
9078961,58,2024-01-01 00:00:32,0.93559,0.25565,0.01999,45.0,82.0
9078961,58,2024-01-01 00:00:52,0.78465,0.00564,655.05341,35.0,83.0
9078961,58,2024-01-01 00:00:44,0.81738,0.3859,3054.53203,35.0,83.0
9078961,58,2024-01-01 00:00:32,0.98839,0.10888,180.01732,45.0,84.0
9078961,58,2024-01-01 00:00:42,0.96947,0.10958,0.01999,35.0,86.0
9078961,58,2024-01-01 00:00:42,0.84967,0.14468,0.01999,45.0,81.0
9078961,58,2024-01-01 00:00:50,1.12862,-0.00314,0.01999,35.0,82.0
9078961,58,2024-01-01 00:00:58,1.34641,0.02056,214.69709,45.0,81.0
9078961,58,2024-01-01 00:00:49,0.93347,-0.0802,565.48955,25.0,80.0
9078961,58,2024-01-01 00:00:39,1.36638,0.1125,4325.71917,25.0,80.0
9078961,58,2024-01-01 00:00:44,0.89349,0.13988,0.01999,35.0,78.0
9078961,58,2024-01-01 00:00:58,0.90171,-0.07197,1346.34675,35.0,81.0
9078961,58,2024-01-01 00:00:48,0.90188,0.15526,0.01999,45.0,78.0
9078961,58,2024-01-01 00:00:35,0.63437,0.1409,403.85108,35.0,82.0
9078961,58,2024-01-01 00:00:16,1.17228,0.18122,91.89417,45.0,81.0
9078961,58,2024-01-01 00:00:32,1.10659,0.25154,179.28759,45.0,82.0
9078961,58,2024-01-01 00:00:15,0.67399,0.1129,527.41869,35.0,84.0
9078961,58,2024-01-01 00:00:22,0.81739,0.03947,0.01999,35.0,85.0
9078961,58,2024-01-01 00:00:46,0.90313,0.14966,0.01999,25.0,83.0
9078961,58,2024-01-01 00:00:41,0.98377,-0.05935,2082.39794,35.0,81.0
9078961,58,2024-01-01 00:00:33,1.22469,-0.10934,1169.15317,25.0,81.0
9078961,58,2024-01-01 00:00:41,1.12553,0.05615,729.43491,25.0,80.0
9078961,58,2024-01-01 00:00:43,1.35562,0.16732,492.14319,25.0,81.0
9078961,58,2024-01-01 00:00:38,1.21703,0.14944,0.01999,45.0,84.0
9078961,58,2024-01-01 00:00:43,1.39962,0.15707,955.13769,25.0,80.0
9078961,58,2024-01-01 00:00:26,1.48006,0.26754,2694.27734,25.0,78.0
9078961,58,2024-01-01 00:00:25,0.92133,0.01087,478.54365,35.0,80.0
9078961,58,2024-01-01 00:00:34,1.11606,-0.03375,1555.74418,35.0,80.0
9078961,58,2024-01-01 00:00:38,1.28237,0.06658,1176.31098,35.0,82.0
9078961,58,2024-01-01 00:00:38,0.8899,0.14365,0.01999,35.0,81.0
9078961,58,2024-01-01 00:00:30,1.08376,-0.00657,0.01999,35.0,84.0
9078961,58,2024-01-01 00:00:35,0.73076,0.18814,1160.85116,25.0,82.0
9078961,58,2024-01-01 00:00:34,0.95634,0.14614,7.24578,35.0,80.0
9078961,58,2024-01-01 00:00:34,0.94023,0.1271,910.72991,35.0,80.0
9078961,58,2024-01-01 00:00:28,1.35044,0.28182,1956.41265,35.0,79.0
9078961,58,2024-01-01 00:00:35,0.71996,0.15046,2943.17537,35.0,80.0
9078961,58,2024-01-01 00:00:34,0.68356,0.13876,397.43902,35.0,81.0
9078961,58,2024-01-01 00:00:39,0.92524,0.23834,0.01999,25.0,77.0
9078961,58,2024-01-01 00:00:58,1.1068,-0.06716,1697.55044,25.0,76.0
9078961,58,2024-01-01 00:00:38,1.12647,0.22651,0.01999,45.0,77.0
9078961,58,2024-01-01 00:00:32,1.26613,0.10528,649.72197,35.0,75.0
9078961,58,2024-01-01 00:00:45,1.44125,0.22649,1747.31334,25.0,77.0
9078961,58,2024-01-01 00:00:52,0.56668,-0.11957,2171.06535,25.0,76.0
9078961,58,2024-01-01 00:00:31,0.87442,0.16539,0.01999,45.0,78.0
9078961,58,2024-01-01 00:00:37,0.86722,0.22068,0.01999,35.0,75.0
9078961,58,2024-01-01 00:00:31,0.7919,-0.02114,716.709,45.0,77.0
9078961,58,2024-01-01 00:00:37,0.86026,0.17292,1935.25104,35.0,78.0
9078961,58,2024-01-01 00:00:24,0.75112,0.1151,127.56192,35.0,77.0
9078961,58,2024-01-01 00:00:30,0.58536,0.32364,0.01999,35.0,77.0
9078961,58,2024-01-01 00:00:33,1.04924,0.14128,1147.66833,45.0,79.0
9078961,58,2024-01-01 00:00:33,1.02806,0.1258,2157.44567,25.0,79.0
9078961,58,2024-01-01 00:00:28,0.9556,0.25405,1425.16056,25.0,77.0
9078961,58,2024-01-01 00:00:35,0.66108,0.07023,3444.55112,25.0,78.0
9078961,58,2024-01-01 00:00:32,1.2474,0.10579,911.72016,35.0,76.0
9078961,58,2024-01-01 00:00:27,1.14266,0.15496,0.01999,35.0,78.0
9078961,58,2024-01-01 00:00:32,0.97342,0.42176,1130.38275,35.0,78.0
9078961,58,2024-01-01 00:00:45,0.851,0.22705,1997.94951,25.0,77.0
9078961,58,2024-01-01 00:00:39,1.06859,0.13901,548.00801,35.0,74.0
9078961,58,2024-01-01 00:00:41,0.80704,0.2141,325.60604,45.0,76.0
9078961,58,2024-01-01 00:00:33,0.71949,0.04345,0.01999,35.0,76.0
9078961,58,2024-01-01 00:00:32,1.01451,0.02951,0.01999,45.0,75.0
9078961,58,2024-01-01 00:00:25,1.24219,0.02468,1280.16595,25.0,77.0
9078961,58,2024-01-01 00:00:26,0.45739,0.24248,0.01999,25.0,77.0
9078961,58,2024-01-01 00:00:30,0.64943,0.18336,1708.00874,25.0,75.0
9078961,58,2024-01-01 00:00:30,0.84873,0.18877,2111.1983,35.0,76.0
9078961,58,2024-01-01 00:00:30,0.67837,0.2322,0.01999,35.0,77.0
9078961,58,2024-01-01 00:00:31,1.17716,0.15725,31.89483,35.0,76.0
9078961,58,2024-01-01 00:00:34,0.44766,0.20342,380.49226,35.0,76.0
9078961,58,2024-01-01 00:00:40,0.86969,0.2056,0.01999,35.0,77.0
9078961,58,2024-01-01 00:00:22,0.93805,0.09507,1893.69566,35.0,75.0
9078961,58,2024-01-01 00:00:49,0.56449,0.2901,1002.39106,45.0,75.0
9078961,58,2024-01-01 00:00:28,0.80516,0.09442,644.39029,45.0,76.0
9078961,58,2024-01-01 00:00:38,0.90412,0.27636,0.01999,35.0,78.0
9078961,58,2024-01-01 00:00:33,1.16572,0.20541,1779.1507,35.0,77.0
9078961,58,2024-01-01 00:00:39,0.93067,0.22048,1676.36892,45.0,79.0
9078961,58,2024-01-01 00:00:30,1.05164,0.11387,836.8773,25.0,79.0
9078961,58,2024-01-01 00:00:43,0.85199,0.06771,0.01999,25.0,79.0
9078961,58,2024-01-01 00:00:37,0.82391,-0.18514,1989.21886,45.0,74.0
9078961,58,2024-01-01 00:00:30,0.33695,0.21147,2496.84115,35.0,81.0
9078961,58,2024-01-01 00:00:40,0.94493,0.07276,504.97224,35.0,81.0
9078961,58,2024-01-01 00:00:48,1.09769,0.12698,680.38072,35.0,80.0
9078961,58,2024-01-01 00:00:30,0.70328,0.3296,1127.13717,45.0,80.0
9078961,58,2024-01-01 00:00:29,1.06636,0.23119,2322.79665,45.0,80.0
9078961,58,2024-01-01 00:00:27,0.81888,0.17435,2374.6365,45.0,81.0
9078961,58,2024-01-01 00:00:31,0.80267,0.08739,2669.04708,45.0,83.0
9078961,58,2024-01-01 00:00:29,0.77192,0.1144,7201.82163,45.0,83.0
9078961,58,2024-01-01 00:00:20,0.82621,0.08524,1098.90455,45.0,83.0
9078961,58,2024-01-01 00:00:29,1.20251,0.17286,1628.85875,45.0,87.0
9078961,58,2024-01-01 00:00:23,0.7152,0.18218,0.01999,45.0,87.0
9078961,58,2024-01-01 00:00:22,0.52831,0.11603,0.01999,25.0,85.0
9078961,58,2024-01-01 00:00:34,0.91958,0.01128,93.58003,35.0,89.0
9078961,58,2024-01-01 00:00:31,1.14005,0.09323,117.94614,35.0,88.0
9078961,58,2024-01-01 00:00:27,1.29671,0.25264,1457.02145,45.0,83.0
9078961,58,2024-01-01 00:00:29,0.73966,0.08553,1889.35892,45.0,84.0
9078961,58,2024-01-01 00:00:35,0.6485,0.18702,825.04194,35.0,82.0
9078961,58,2024-01-01 00:00:24,0.98927,0.09885,2808.13973,35.0,85.0
9078961,58,2024-01-01 00:00:26,0.93578,0.09461,0.01999,35.0,84.0
9078961,58,2024-01-01 00:00:26,0.66733,0.35923,2896.0957,35.0,84.0
9078961,58,2024-01-01 00:00:21,0.87423,0.04679,0.01999,45.0,82.0
9078961,58,2024-01-01 00:00:36,0.94288,0.13343,0.01999,35.0,83.0
9078961,58,2024-01-01 00:00:41,1.01189,0.08415,0.01999,25.0,84.0
9078961,58,2024-01-01 00:00:32,0.85412,0.01966,2110.96456,45.0,81.0
9078961,58,2024-01-01 00:00:37,0.87063,-0.03515,775.69273,25.0,82.0
9078961,58,2024-01-01 00:00:39,1.19739,0.12231,0.01999,45.0,81.0
9078961,58,2024-01-01 00:00:40,1.14509,0.18027,0.01999,35.0,83.0
9078961,58,2024-01-01 00:00:41,1.28198,0.18245,2742.01898,45.0,81.0
9078961,58,2024-01-01 00:00:41,1.19447,0.01676,11.35021,45.0,81.0
9078961,58,2024-01-01 00:00:43,1.11627,0.03736,0.01999,35.0,82.0
9078961,58,2024-01-01 00:00:29,0.81628,0.24043,0.01999,45.0,82.0
9078961,58,2024-01-01 00:00:34,0.91507,0.16224,949.2658,35.0,84.0
9078961,58,2024-01-01 00:00:27,0.71894,0.20843,1371.26288,35.0,82.0
9078961,58,2024-01-01 00:00:36,0.75059,0.11504,0.01999,35.0,82.0
9078961,58,2024-01-01 00:00:29,0.94478,0.078,0.01999,25.0,82.0
9078961,58,2024-01-01 00:00:31,1.30348,0.25744,0.01999,35.0,80.0
9078961,58,2024-01-01 00:00:37,0.90048,0.25982,1619.54471,45.0,79.0
9078961,58,2024-01-01 00:00:39,1.12824,0.16772,0.01999,35.0,81.0
9078961,58,2024-01-01 00:00:38,0.99024,0.26891,3090.94232,35.0,78.0
9078961,58,2024-01-01 00:00:33,0.67538,0.0681,1927.29059,35.0,76.0
9078961,58,2024-01-01 00:00:19,1.07496,0.26913,2031.70341,35.0,78.0
9078961,58,2024-01-01 00:00:18,0.87429,0.07787,860.4488,25.0,77.0
9078961,58,2024-01-01 00:00:50,0.62081,0.00157,2182.5171,25.0,75.0
9078961,58,2024-01-01 00:00:39,1.43626,0.04528,594.46647,35.0,72.0
9078961,58,2024-01-01 00:00:34,0.90674,0.26939,1926.73496,45.0,75.0
9078961,58,2024-01-01 00:00:18,1.02421,0.19669,2280.39704,25.0,74.0
9078961,58,2024-01-01 00:00:16,0.84066,0.38546,0.01999,25.0,78.0
9078961,58,2024-01-01 00:00:43,0.55841,0.15271,0.01999,25.0,74.0
9078961,58,2024-01-01 00:00:41,1.20335,0.14893,873.6661,35.0,70.0
9078961,58,2024-01-01 00:00:28,0.90973,0.39571,2326.31431,35.0,71.0
9078961,58,2024-01-01 00:00:25,1.07517,0.26912,0.01999,35.0,72.0
9078961,58,2024-01-01 00:00:35,0.75613,0.00857,1234.24477,25.0,75.0
9078961,58,2024-01-01 00:00:28,1.2021,0.33091,323.41611,25.0,77.0
9078961,58,2024-01-01 00:00:49,0.99388,-0.06739,0.01999,25.0,71.0
9078961,58,2024-01-01 00:00:50,1.14158,0.00753,1082.49537,25.0,72.0
9078961,58,2024-01-01 00:00:21,1.04137,0.10663,2215.37,45.0,71.0
9078961,58,2024-01-01 00:00:24,1.47601,0.05531,0.01999,45.0,75.0
9078961,58,2024-01-01 00:00:19,0.88077,-0.06796,3106.4804,25.0,78.0
9078961,58,2024-01-01 00:00:06,0.58996,-0.07885,997.68235,45.0,76.0
9078961,58,2024-01-01 00:00:34,0.72832,0.05998,0.01999,25.0,79.0
9078961,58,2024-01-01 00:00:34,0.70023,-0.01683,0.01999,35.0,77.0
9078961,58,2024-01-01 00:00:21,0.98112,0.04268,1508.41781,35.0,77.0
9078961,58,2024-01-01 00:00:21,0.48528,0.27437,0.01999,45.0,77.0
9078961,58,2024-01-01 00:00:39,0.30066,0.21741,0.01999,45.0,79.0
9078961,58,2024-01-01 00:00:26,0.7051,0.15604,0.01999,35.0,78.0
9078961,58,2024-01-01 00:00:23,0.72604,0.13891,619.30142,25.0,79.0
9078961,58,2024-01-01 00:00:20,0.86611,0.11824,1046.75758,35.0,77.0
9078961,58,2024-01-01 00:00:25,0.89763,0.04449,0.01999,45.0,77.0
9078961,58,2024-01-01 00:00:37,0.74629,0.14794,148.09661,25.0,75.0
9078961,58,2024-01-01 00:00:43,0.53078,0.19805,1898.76337,25.0,79.0
13002196,0,2024-01-01 00:00:11,0.49174,0.23064,5722.59223,45.0,81.0
13002196,1,2024-01-01 00:00:13,0.79735,0.15405,3450.01577,35.0,83.0
13002196,2,2024-01-01 00:00:05,0.95565,0.04714,2671.54919,45.0,86.0
13002196,3,2024-01-01 00:00:09,1.07172,0.11755,1219.65947,35.0,85.0
13002196,4,2024-01-01 00:00:25,0.95276,0.13619,3665.42698,25.0,88.0
13002196,5,2024-01-01 00:00:15,0.66817,0.11499,1981.0455,45.0,88.0
13002196,6,2024-01-01 00:00:06,0.98759,0.09852,2102.30742,25.0,89.0
13002196,7,2024-01-01 00:00:22,0.59473,0.19902,4075.62615,25.0,88.0
13002196,8,2024-01-01 00:00:21,0.75584,0.15721,6407.25759,45.0,89.0
13002196,9,2024-01-01 00:00:27,0.49681,0.07035,2586.03128,45.0,91.0
13002196,10,2024-01-01 00:00:06,0.94072,0.09675,2193.86571,25.0,90.0
13002196,11,2024-01-01 00:00:16,0.59305,0.00557,1442.34222,25.0,86.0
13002196,12,2024-01-01 00:00:24,0.92999,0.18839,0.01999,45.0,84.0
13002196,13,2024-01-01 00:00:17,0.95896,0.22749,650.23132,45.0,89.0
13002196,14,2024-01-01 00:00:27,1.47871,0.15594,2512.7395,35.0,91.0
13002196,15,2024-01-01 00:00:21,0.84917,-0.0484,973.50548,35.0,87.0
13002196,16,2024-01-01 00:00:24,0.821,-0.04269,0.01999,45.0,89.0
13002196,17,2024-01-01 00:00:08,1.07475,0.0358,459.51382,45.0,89.0
13002196,18,2024-01-01 00:00:23,0.90144,0.12257,803.55715,35.0,85.0
13002196,19,2024-01-01 00:00:34,0.88956,0.23191,2015.49636,45.0,87.0
13002196,20,2024-01-01 00:00:39,0.70583,0.12565,0.01999,35.0,88.0
13002196,21,2024-01-01 00:00:33,1.01287,0.1775,2345.53501,35.0,92.0
13002196,22,2024-01-01 00:00:38,1.11151,0.07374,0.01999,25.0,90.0
13002196,23,2024-01-01 00:00:29,0.42287,0.21549,2976.41203,45.0,86.0
13002196,24,2024-01-01 00:00:20,0.82768,0.17935,1564.98386,35.0,89.0
13002196,25,2024-01-01 00:00:27,0.59929,0.1258,5978.41317,35.0,85.0
13002196,26,2024-01-01 00:00:23,0.63316,0.08982,950.00087,35.0,82.0
13002196,27,2024-01-01 00:00:20,0.5142,0.17003,0.01999,45.0,82.0
13002196,28,2024-01-01 00:00:29,0.84876,0.08867,2332.12429,45.0,84.0
13002196,29,2024-01-01 00:00:28,0.58138,-0.00363,0.01999,45.0,84.0
13002196,30,2024-01-01 00:00:29,0.75632,0.00335,0.01999,45.0,87.0
13002196,31,2024-01-01 00:00:18,0.71896,0.05216,1923.62686,35.0,88.0
13002196,32,2024-01-01 00:00:47,0.49007,0.17971,1675.12813,25.0,85.0
13002196,33,2024-01-01 00:00:44,1.10037,0.1745,951.84178,45.0,85.0
13002196,34,2024-01-01 00:00:50,0.84612,0.06283,569.53894,45.0,88.0
13002196,35,2024-01-01 00:00:45,0.986,0.15577,2777.68887,45.0,86.0
13002196,36,2024-01-01 00:00:43,0.5831,0.05389,1331.19355,35.0,86.0
13002196,37,2024-01-01 00:00:35,0.86291,0.01662,0.01999,35.0,86.0
13002196,38,2024-01-01 00:00:37,1.02997,0.21474,2989.04995,45.0,85.0
13002196,39,2024-01-01 00:00:23,0.97833,-0.02544,3473.62978,35.0,84.0
13002196,40,2024-01-01 00:00:15,0.58196,0.15254,3470.30279,25.0,85.0
13002196,41,2024-01-01 00:00:13,1.08585,0.29269,2955.91243,35.0,83.0
13002196,42,2024-01-01 00:00:17,0.88511,0.27803,1619.475,25.0,80.0
13002196,43,2024-01-01 00:00:11,0.80547,0.19507,5596.59366,35.0,78.0
13002196,44,2024-01-01 00:00:14,0.70801,0.12263,0.01999,35.0,79.0
13002196,45,2024-01-01 00:00:18,0.41007,0.12631,61.53437,25.0,77.0
13002196,46,2024-01-01 00:00:23,0.74663,0.21858,281.66194,45.0,81.0
13002196,47,2024-01-01 00:00:35,0.53973,0.13141,280.9466,35.0,80.0
13002196,48,2024-01-01 00:00:23,0.82054,0.26751,1683.59733,35.0,80.0
13002196,49,2024-01-01 00:00:09,0.89277,0.12516,240.94485,45.0,81.0
13002196,50,2024-01-01 00:00:33,1.08622,0.01519,521.11876,45.0,82.0
13002196,51,2024-01-01 00:00:26,1.10854,0.18306,0.01999,45.0,83.0
13002196,52,2024-01-01 00:00:42,0.86072,0.01276,2236.33318,35.0,81.0
13002196,53,2024-01-01 00:00:34,0.91782,0.30961,2259.55286,35.0,83.0
13002196,54,2024-01-01 00:00:24,0.50875,0.11119,665.81558,35.0,79.0
13002196,55,2024-01-01 00:00:08,0.43356,0.29805,0.01999,35.0,82.0
13002196,56,2024-01-01 00:00:30,0.92953,0.04851,0.01999,35.0,83.0
13002196,57,2024-01-01 00:00:37,0.42132,0.14614,0.01999,25.0,81.0
13002196,58,2024-01-01 00:00:30,1.05429,0.10745,587.07873,45.0,82.0
13002196,58,2024-01-01 00:00:22,0.57735,0.14358,121.14206,25.0,85.0
13002196,58,2024-01-01 00:00:33,0.80501,-0.03411,1932.23308,35.0,80.0
13002196,58,2024-01-01 00:00:18,1.05245,0.09488,602.8752,35.0,79.0
13002196,58,2024-01-01 00:00:28,0.64003,0.19524,3916.98596,25.0,79.0
13002196,58,2024-01-01 00:00:17,0.76809,0.14413,0.01999,25.0,78.0
13002196,58,2024-01-01 00:00:14,0.97483,0.18904,2104.05112,35.0,78.0
13002196,58,2024-01-01 00:00:27,0.77037,0.03707,1274.78502,35.0,73.0
13002196,58,2024-01-01 00:00:41,0.30061,0.09173,925.28382,45.0,77.0
13002196,58,2024-01-01 00:00:38,0.41764,-0.15191,717.89433,35.0,79.0
13002196,58,2024-01-01 00:00:35,0.84163,0.12191,0.01999,25.0,78.0
13002196,58,2024-01-01 00:00:33,0.81285,0.15842,0.01999,35.0,77.0
13002196,58,2024-01-01 00:00:42,0.74441,0.11202,1303.73902,35.0,79.0
13002196,58,2024-01-01 00:00:37,1.25877,0.24931,0.01999,45.0,78.0
13002196,58,2024-01-01 00:00:46,0.94821,0.14108,0.01999,45.0,78.0
13002196,58,2024-01-01 00:00:31,1.35622,0.07226,0.01999,25.0,79.0
13002196,58,2024-01-01 00:00:50,0.96293,0.09409,0.01999,25.0,76.0
13002196,58,2024-01-01 00:00:50,1.36748,0.35341,819.40439,25.0,79.0
13002196,58,2024-01-01 00:00:44,0.88075,0.16029,3105.30426,35.0,75.0
13002196,58,2024-01-01 00:00:29,0.94148,0.18354,0.01999,45.0,78.0
13002196,58,2024-01-01 00:00:45,1.43365,0.00171,0.01999,25.0,79.0
13002196,58,2024-01-01 00:00:48,1.01856,0.25446,1636.1157,45.0,78.0
13002196,58,2024-01-01 00:00:44,1.11879,0.18792,2863.88331,45.0,82.0
13002196,58,2024-01-01 00:00:38,1.07332,0.37807,624.80125,25.0,81.0
13002196,58,2024-01-01 00:00:44,0.90482,0.34998,57.95071,45.0,81.0
13002196,58,2024-01-01 00:00:16,0.78068,0.25634,0.01999,45.0,82.0
13002196,58,2024-01-01 00:00:45,0.55166,0.23973,0.01999,25.0,85.0
13002196,58,2024-01-01 00:00:34,0.63067,0.23423,299.45344,25.0,85.0
13002196,58,2024-01-01 00:00:24,0.82821,0.38429,2297.67399,45.0,84.0
13002196,58,2024-01-01 00:00:25,0.60963,0.18623,0.01999,25.0,82.0
13002196,58,2024-01-01 00:00:30,1.06078,0.08851,615.7198,35.0,83.0
13002196,58,2024-01-01 00:00:26,0.87303,0.22997,1248.98591,45.0,82.0
13002196,58,2024-01-01 00:00:32,0.74944,0.18772,0.01999,45.0,83.0
13002196,58,2024-01-01 00:00:19,1.1392,0.01333,2444.16872,35.0,82.0
13002196,58,2024-01-01 00:00:27,0.65569,0.0119,0.01999,25.0,84.0
13002196,58,2024-01-01 00:00:39,0.73834,0.15834,818.3933,25.0,84.0
13002196,58,2024-01-01 00:00:35,0.51151,-0.00201,0.01999,35.0,81.0
13002196,58,2024-01-01 00:00:32,0.51064,0.07471,0.01999,45.0,81.0
13002196,58,2024-01-01 00:00:51,0.90076,0.04564,0.01999,45.0,81.0
13002196,58,2024-01-01 00:00:33,1.13317,-0.07564,139.32251,35.0,85.0
13002196,58,2024-01-01 00:00:44,0.82332,0.01842,2839.66424,35.0,85.0
13002196,58,2024-01-01 00:00:15,1.10556,0.23076,1477.15112,45.0,85.0
13002196,58,2024-01-01 00:00:22,0.95902,0.19437,112.73454,45.0,82.0
13002196,58,2024-01-01 00:00:22,1.14528,0.16954,2471.2601,25.0,85.0
13002196,58,2024-01-01 00:00:10,0.74959,-0.07403,3646.9893,35.0,84.0
13002196,58,2024-01-01 00:00:12,0.58125,0.10195,0.01999,35.0,83.0
13002196,58,2024-01-01 00:00:43,0.75084,0.2115,463.66856,35.0,83.0
13002196,58,2024-01-01 00:00:14,0.53412,0.12783,0.01999,45.0,80.0
13002196,58,2024-01-01 00:00:09,0.89557,0.04701,0.01999,25.0,81.0
13002196,58,2024-01-01 00:00:17,0.79772,0.07756,0.01999,45.0,82.0
13002196,58,2024-01-01 00:00:44,1.02437,0.08366,1405.75917,25.0,83.0
13002196,58,2024-01-01 00:00:45,1.16843,0.07624,0.01999,25.0,81.0
13002196,58,2024-01-01 00:00:34,0.73475,0.11678,0.01999,25.0,78.0
13002196,58,2024-01-01 00:00:22,1.19933,0.21785,0.01999,35.0,77.0
13002196,58,2024-01-01 00:00:36,1.30149,0.01492,3310.01378,35.0,75.0
13002196,58,2024-01-01 00:00:49,1.37375,0.10609,1198.5423,45.0,80.0
13002196,58,2024-01-01 00:00:43,0.57032,0.19719,444.75299,25.0,78.0
13002196,58,2024-01-01 00:00:35,1.1497,0.03153,0.01999,45.0,77.0
13002196,58,2024-01-01 00:00:43,1.01107,0.26198,0.01999,25.0,76.0
13002196,58,2024-01-01 00:00:47,1.53933,0.24479,250.35445,45.0,77.0
13002196,58,2024-01-01 00:00:25,1.37308,0.09164,319.70156,25.0,78.0
13002196,58,2024-01-01 00:00:38,1.09167,0.13181,528.65536,45.0,75.0
13002196,58,2024-01-01 00:00:16,1.30133,0.12672,0.01999,45.0,80.0
13002196,58,2024-01-01 00:00:23,0.82914,0.10199,0.01999,25.0,78.0
13002196,58,2024-01-01 00:00:49,1.1533,0.14267,973.91499,35.0,79.0
13002196,58,2024-01-01 00:00:40,1.07391,0.17086,418.22815,35.0,79.0
13002196,58,2024-01-01 00:00:36,0.75933,0.20344,940.98913,45.0,80.0
13002196,58,2024-01-01 00:00:33,0.80127,-0.01704,1892.92959,25.0,81.0
13002196,58,2024-01-01 00:00:23,0.94152,0.27787,1515.74131,45.0,81.0
13002196,58,2024-01-01 00:00:43,0.84959,0.28962,0.01999,35.0,80.0
13002196,58,2024-01-01 00:00:44,1.13945,0.13835,0.01999,35.0,78.0
13002196,58,2024-01-01 00:00:56,1.41977,0.21914,0.01999,25.0,77.0
13002196,58,2024-01-01 00:00:43,1.25526,0.35573,0.01999,25.0,77.0
13002196,58,2024-01-01 00:00:44,0.94823,0.48344,2084.95092,35.0,80.0
13002196,58,2024-01-01 00:00:37,1.15193,0.17653,0.01999,35.0,78.0
13002196,58,2024-01-01 00:00:41,1.34592,0.15214,0.01999,35.0,77.0
13002196,58,2024-01-01 00:00:53,0.90766,0.15786,99.18309,35.0,80.0
13002196,58,2024-01-01 00:00:36,1.13472,0.26025,1348.20231,25.0,80.0
13002196,58,2024-01-01 00:00:42,0.83835,0.27382,0.01999,35.0,77.0
13002196,58,2024-01-01 00:00:42,1.03193,0.29019,3125.95814,35.0,74.0
13002196,58,2024-01-01 00:00:38,0.65252,-0.12069,1474.30127,45.0,76.0
13002196,58,2024-01-01 00:00:39,0.77349,0.32972,443.05534,35.0,79.0
13002196,58,2024-01-01 00:00:30,0.75941,0.1775,580.23756,25.0,79.0
13002196,58,2024-01-01 00:00:21,0.77985,0.12529,2366.41047,45.0,79.0
13002196,58,2024-01-01 00:00:12,0.46879,0.23043,1500.15037,45.0,80.0
13002196,58,2024-01-01 00:00:32,0.53228,0.10061,0.01999,35.0,80.0
13002196,58,2024-01-01 00:00:24,0.60201,-0.01186,2718.27018,45.0,77.0
13002196,58,2024-01-01 00:00:25,0.45495,0.1482,1063.47553,35.0,78.0
13002196,58,2024-01-01 00:00:33,0.66191,0.05741,1415.82875,25.0,82.0
13002196,58,2024-01-01 00:00:56,0.54525,-0.10614,1294.08713,35.0,82.0
13002196,58,2024-01-01 00:00:25,0.89041,0.25995,2026.88661,45.0,77.0
13002196,58,2024-01-01 00:00:34,0.73348,0.05341,0.01999,35.0,82.0
13002196,58,2024-01-01 00:00:22,0.43316,0.09634,0.01999,35.0,80.0
13002196,58,2024-01-01 00:00:22,0.7411,0.17973,1430.55838,35.0,80.0
13002196,58,2024-01-01 00:00:17,0.79016,0.16171,1612.09296,35.0,79.0
13002196,58,2024-01-01 00:00:18,0.63184,0.12954,3691.08434,35.0,78.0
13002196,58,2024-01-01 00:00:17,0.76432,0.02351,0.01999,35.0,79.0
13002196,58,2024-01-01 00:00:12,0.59821,0.17895,550.32112,45.0,77.0
13002196,58,2024-01-01 00:00:43,0.2485,0.25711,1438.27808,45.0,75.0
13002196,58,2024-01-01 00:00:26,0.38139,0.05386,0.01999,35.0,79.0
13002196,58,2024-01-01 00:00:25,0.98771,0.1896,1227.07578,35.0,77.0
13002196,58,2024-01-01 00:00:31,0.86587,0.04079,1167.15874,25.0,77.0
13002196,58,2024-01-01 00:00:44,1.1944,0.21636,1289.93141,25.0,75.0
13002196,58,2024-01-01 00:00:43,1.15807,-0.10192,0.01999,25.0,75.0
13002196,58,2024-01-01 00:00:46,0.6716,-0.08343,1018.47566,25.0,73.0
13002196,58,2024-01-01 00:00:21,0.622,0.22846,8.27275,35.0,71.0
13002196,58,2024-01-01 00:00:44,1.31305,0.13073,0.01999,35.0,73.0
13002196,58,2024-01-01 00:00:52,1.26366,0.18824,0.01999,25.0,76.0
13002196,58,2024-01-01 00:00:45,0.88134,0.09376,264.54567,35.0,72.0
13002196,58,2024-01-01 00:00:35,0.92842,0.3313,0.01999,25.0,76.0
13002196,58,2024-01-01 00:00:48,1.18039,0.05652,0.01999,35.0,74.0
13002196,58,2024-01-01 00:00:31,1.06619,0.35044,0.01999,25.0,77.0
13002196,58,2024-01-01 00:00:35,1.29649,0.09697,1284.91925,35.0,72.0
13002196,58,2024-01-01 00:00:25,1.33044,0.06992,1062.43466,35.0,70.0
13002196,58,2024-01-01 00:00:20,0.93599,-0.12698,2745.86729,35.0,75.0
13002196,58,2024-01-01 00:00:31,0.61462,0.1979,0.01999,35.0,76.0
13002196,58,2024-01-01 00:00:26,0.50024,0.08038,786.51111,25.0,74.0
13002196,58,2024-01-01 00:00:36,0.63336,0.14527,5001.96569,35.0,75.0
13002196,58,2024-01-01 00:00:29,0.76091,0.31276,63.58728,35.0,77.0
13002196,58,2024-01-01 00:00:30,0.51315,0.04598,0.01999,35.0,80.0
13002196,58,2024-01-01 00:00:32,0.73135,0.25035,593.3477,45.0,79.0
13002196,58,2024-01-01 00:00:19,0.88743,0.03359,0.01999,35.0,81.0
13002196,58,2024-01-01 00:00:23,0.25517,0.14406,0.01999,25.0,79.0
13002196,58,2024-01-01 00:00:18,0.65585,0.14216,1268.17189,25.0,81.0
13002196,58,2024-01-01 00:00:26,0.54302,0.11091,0.01999,45.0,80.0
13002196,58,2024-01-01 00:00:39,0.87129,-0.08838,2636.76731,35.0,79.0
13002196,58,2024-01-01 00:00:28,0.3913,0.08304,293.50264,45.0,79.0
13002196,58,2024-01-01 00:00:37,0.98687,0.14058,949.13117,25.0,81.0
13002196,58,2024-01-01 00:00:39,0.81768,0.06744,1202.52963,35.0,81.0
13002196,58,2024-01-01 00:00:41,0.46267,0.04264,514.29932,35.0,83.0
13002196,58,2024-01-01 00:00:20,0.65343,0.2371,0.01999,35.0,81.0
13002196,58,2024-01-01 00:00:22,1.13631,0.09798,0.01999,35.0,80.0
13002196,58,2024-01-01 00:00:11,0.75425,0.1676,0.01999,35.0,80.0
13002196,58,2024-01-01 00:00:19,0.71134,-0.02101,2388.92427,35.0,79.0
13002196,58,2024-01-01 00:00:11,0.40084,0.15279,1607.47496,35.0,79.0
13002196,58,2024-01-01 00:00:17,0.50171,0.09009,1481.47741,35.0,81.0
13002196,58,2024-01-01 00:00:10,0.43279,0.01629,192.16046,35.0,83.0
13002196,58,2024-01-01 00:00:20,0.55341,-0.08366,4607.14419,35.0,81.0
13002196,58,2024-01-01 00:00:15,0.58912,0.00915,260.73189,35.0,82.0
13002196,58,2024-01-01 00:00:08,0.31127,-0.02009,3148.60339,35.0,82.0
13002196,58,2024-01-01 00:00:30,0.53216,0.27308,0.01999,45.0,80.0
13002196,58,2024-01-01 00:00:48,0.60237,-0.01885,0.01999,45.0,83.0
13002196,58,2024-01-01 00:00:31,0.87761,-0.10419,0.01999,45.0,77.0
13002196,58,2024-01-01 00:00:54,0.93851,0.1601,304.02628,45.0,81.0
13002196,58,2024-01-01 00:00:31,1.14824,-0.04058,376.28702,45.0,79.0
13002196,58,2024-01-01 00:00:30,1.03976,0.1133,0.01999,25.0,79.0
13002196,58,2024-01-01 00:00:26,0.72867,-0.07896,0.01999,45.0,80.0
13002196,58,2024-01-01 00:00:38,0.81143,0.15313,1196.58421,35.0,79.0
13002196,58,2024-01-01 00:00:32,0.93828,0.26034,5335.76739,45.0,77.0
13002196,58,2024-01-01 00:00:25,0.35126,0.14597,3599.73714,45.0,77.0
13002196,58,2024-01-01 00:00:25,0.50355,0.15614,2844.7017,35.0,82.0
13002196,58,2024-01-01 00:00:25,0.40639,0.0898,0.01999,25.0,83.0
13002196,58,2024-01-01 00:00:30,0.67012,0.00626,449.48699,25.0,80.0
13002196,58,2024-01-01 00:00:26,1.1401,0.13434,0.01999,45.0,78.0
13002196,58,2024-01-01 00:00:33,1.14352,0.12955,102.54842,35.0,81.0
13002196,58,2024-01-01 00:00:34,1.05682,0.02965,1015.67594,45.0,80.0
13002196,58,2024-01-01 00:00:24,0.77295,0.10635,961.4191,35.0,78.0
13002196,58,2024-01-01 00:00:19,0.3816,0.18048,0.01999,35.0,76.0
13002196,58,2024-01-01 00:00:14,0.88456,0.19374,0.01999,35.0,77.0
13002196,58,2024-01-01 00:00:34,0.23229,0.20373,1186.56649,35.0,74.0
13002196,58,2024-01-01 00:00:31,0.55254,0.03688,0.01999,45.0,79.0
13002196,58,2024-01-01 00:00:26,0.79825,0.20063,0.01999,25.0,79.0
13002196,58,2024-01-01 00:00:15,0.84234,0.21077,777.77177,35.0,74.0
13002196,58,2024-01-01 00:00:44,1.10204,0.09513,994.26567,45.0,78.0
13002196,58,2024-01-01 00:00:44,0.88689,0.14014,0.01999,35.0,75.0
13002196,58,2024-01-01 00:00:28,0.88663,0.09489,1374.53055,25.0,77.0
13002196,58,2024-01-01 00:00:42,0.83525,0.09506,1786.84505,45.0,81.0
13002196,58,2024-01-01 00:00:29,0.94484,0.11127,1818.6152,25.0,75.0
13002196,58,2024-01-01 00:00:19,1.09624,0.03339,724.51094,35.0,78.0
13002196,58,2024-01-01 00:00:38,0.44955,0.06633,953.5503,35.0,77.0
13002196,58,2024-01-01 00:00:25,0.97037,0.09989,0.01999,45.0,78.0
13002196,58,2024-01-01 00:00:33,1.29229,0.28028,0.01999,35.0,77.0
13002196,58,2024-01-01 00:00:25,0.83697,-0.106,1676.78619,45.0,76.0
13002196,58,2024-01-01 00:00:34,0.63453,0.27008,1515.87819,45.0,81.0
13002196,58,2024-01-01 00:00:30,1.1448,-0.00911,671.40114,25.0,80.0
13002196,58,2024-01-01 00:00:46,0.91523,0.15466,1192.4588,35.0,82.0
13002196,58,2024-01-01 00:00:53,1.26026,0.11578,0.01999,45.0,80.0
13002196,58,2024-01-01 00:00:32,1.27308,0.13903,0.01999,45.0,78.0
13002196,58,2024-01-01 00:00:44,1.13222,0.03377,0.01999,25.0,76.0
13002196,58,2024-01-01 00:00:34,0.75499,-0.05852,1346.03401,35.0,79.0
13002196,58,2024-01-01 00:00:33,1.10928,0.12511,146.5537,25.0,84.0
13002196,58,2024-01-01 00:00:31,1.01596,0.01455,274.62086,25.0,79.0
13002196,58,2024-01-01 00:00:44,1.01472,0.19749,0.01999,35.0,79.0
13002196,58,2024-01-01 00:00:25,1.09898,-0.07563,665.8231,35.0,77.0
13002196,58,2024-01-01 00:00:22,1.13095,0.32503,608.85203,35.0,79.0
13002196,58,2024-01-01 00:00:44,0.33919,0.38378,0.01999,45.0,79.0
13002196,58,2024-01-01 00:00:41,0.64921,0.10453,0.01999,35.0,78.0
13002196,58,2024-01-01 00:00:38,0.53795,0.16177,2.79111,45.0,81.0
13002196,58,2024-01-01 00:00:38,1.08629,0.07578,307.19156,35.0,82.0
13002196,58,2024-01-01 00:00:43,0.69848,0.09536,0.01999,45.0,81.0
13002196,58,2024-01-01 00:00:49,0.90489,0.08474,0.01999,35.0,82.0
13002196,58,2024-01-01 00:00:38,1.03185,0.15994,0.01999,35.0,80.0
13002196,58,2024-01-01 00:00:22,0.9577,0.08379,1026.92486,45.0,79.0
13002196,58,2024-01-01 00:00:30,1.06379,0.17219,1098.82242,35.0,79.0
13002196,58,2024-01-01 00:00:25,0.54686,0.12382,553.74279,35.0,82.0
13002196,58,2024-01-01 00:00:10,0.56592,-0.07754,1678.22546,35.0,81.0
13002196,58,2024-01-01 00:00:20,0.96335,-0.08748,0.01999,35.0,82.0
13002196,58,2024-01-01 00:00:21,0.34938,0.07681,0.01999,35.0,80.0
13002196,58,2024-01-01 00:00:44,0.71474,-0.00892,929.0112,45.0,81.0
13002196,58,2024-01-01 00:00:39,0.6538,-0.07025,250.78657,45.0,84.0
13002196,58,2024-01-01 00:00:26,0.90067,0.28997,1724.338,25.0,87.0
13002196,58,2024-01-01 00:00:36,0.59895,0.0953,1002.84371,25.0,83.0
13002196,58,2024-01-01 00:00:26,0.81523,0.10099,180.46568,25.0,81.0
13002196,58,2024-01-01 00:00:22,0.82126,0.31816,1825.08858,45.0,81.0
13002196,58,2024-01-01 00:00:34,0.71381,0.21007,458.16845,45.0,82.0
13002196,58,2024-01-01 00:00:25,1.18152,0.09116,2443.2912,35.0,81.0
13002196,58,2024-01-01 00:00:19,0.3376,0.12515,0.01999,35.0,82.0
13002196,58,2024-01-01 00:00:09,0.78915,0.14187,1658.25675,45.0,78.0
13002196,58,2024-01-01 00:00:27,0.43807,0.14304,0.01999,25.0,80.0
13002196,58,2024-01-01 00:00:05,0.76251,0.13521,2375.55857,25.0,78.0
13002196,58,2024-01-01 00:00:18,0.60601,0.18323,908.65764,45.0,78.0
13002196,58,2024-01-01 00:00:24,0.47631,0.06002,0.01999,35.0,79.0
13002196,58,2024-01-01 00:00:22,0.93199,0.05868,388.05429,35.0,83.0
13002196,58,2024-01-01 00:00:37,0.70343,0.20586,483.20162,35.0,81.0
13002196,58,2024-01-01 00:00:31,1.0342,0.20946,575.4345,25.0,79.0
13002196,58,2024-01-01 00:00:21,1.20931,0.15406,561.0753,35.0,80.0
13002196,58,2024-01-01 00:00:31,0.63412,0.13086,853.82745,25.0,79.0
13002196,58,2024-01-01 00:00:41,0.78102,0.24174,0.01999,25.0,78.0
13002196,58,2024-01-01 00:00:33,1.00046,0.27324,0.01999,35.0,80.0
13002196,58,2024-01-01 00:00:22,0.37278,0.28739,1692.7498,35.0,80.0
13002196,58,2024-01-01 00:00:34,0.48035,0.16369,1909.25128,35.0,79.0
13002196,58,2024-01-01 00:00:47,0.77695,0.07149,619.62172,25.0,78.0
13002196,58,2024-01-01 00:00:25,0.56614,0.23555,1609.75089,45.0,78.0
13002196,58,2024-01-01 00:00:13,0.78884,-0.04345,1154.66299,35.0,81.0
13002196,58,2024-01-01 00:00:29,0.89274,0.13023,1408.33072,45.0,78.0
13002196,58,2024-01-01 00:00:36,0.80432,0.1818,0.01999,35.0,80.0
13002196,58,2024-01-01 00:00:21,0.97153,0.00972,316.07344,25.0,80.0
13002196,58,2024-01-01 00:00:44,0.82991,0.13954,0.01999,35.0,79.0
13002196,58,2024-01-01 00:00:30,0.58933,0.09855,0.01999,45.0,78.0
13002196,58,2024-01-01 00:00:40,0.72808,0.0317,0.01999,35.0,82.0
13002196,58,2024-01-01 00:00:32,0.73545,0.17707,664.9836,35.0,82.0
13002196,58,2024-01-01 00:00:39,0.49175,0.18226,733.19003,45.0,77.0
13002196,58,2024-01-01 00:00:40,1.06947,0.125,1843.39843,25.0,81.0
13002196,58,2024-01-01 00:00:26,1.40091,0.068,1085.20101,45.0,81.0
13002196,58,2024-01-01 00:00:40,1.18782,-0.10928,844.65242,45.0,80.0
13002196,58,2024-01-01 00:00:21,0.82583,-0.04737,964.07359,45.0,81.0
13002196,58,2024-01-01 00:00:26,1.06456,0.14774,2962.44796,45.0,81.0
13002196,58,2024-01-01 00:00:45,1.21467,0.13954,1936.0353,35.0,83.0
13002196,58,2024-01-01 00:00:44,0.78835,0.34526,272.31676,35.0,82.0
13002196,58,2024-01-01 00:00:28,0.98569,0.26224,0.01999,25.0,82.0
13002196,58,2024-01-01 00:00:24,1.53512,0.10308,464.7839,35.0,79.0
13002196,58,2024-01-01 00:00:32,1.26942,0.15927,552.27962,35.0,78.0
13002196,58,2024-01-01 00:00:38,0.97352,0.08407,0.01999,25.0,79.0
13002196,58,2024-01-01 00:00:33,1.83194,0.05326,1321.51938,25.0,74.0
13002196,58,2024-01-01 00:00:38,1.29116,0.10249,2453.68879,25.0,74.0
13002196,58,2024-01-01 00:00:25,1.52324,0.23557,1042.26178,45.0,75.0
13002196,58,2024-01-01 00:00:44,1.47057,0.14755,1976.68212,35.0,75.0
13002196,58,2024-01-01 00:00:49,0.93303,-0.09772,1051.86614,25.0,77.0
13002196,58,2024-01-01 00:00:33,1.53208,0.07428,1759.02863,35.0,78.0
13002196,58,2024-01-01 00:00:36,0.95734,-0.19532,530.8341,35.0,78.0
13002196,58,2024-01-01 00:00:26,1.41853,0.2318,0.01999,35.0,79.0
13002196,58,2024-01-01 00:00:49,0.64212,0.11077,0.01999,25.0,76.0
13002196,58,2024-01-01 00:00:21,0.91403,0.13863,0.01999,35.0,76.0
13002196,58,2024-01-01 00:00:48,1.12025,-0.02455,309.77713,45.0,79.0
13002196,58,2024-01-01 00:00:43,1.24307,0.19462,1197.54634,35.0,79.0
13002196,58,2024-01-01 00:00:17,0.74222,0.15787,350.1876,35.0,76.0
13002196,58,2024-01-01 00:00:46,0.76457,0.00282,0.01999,45.0,77.0
13002196,58,2024-01-01 00:00:44,0.80414,0.08879,0.01999,35.0,81.0
13002196,58,2024-01-01 00:00:29,1.14981,-0.0553,312.70068,35.0,78.0
13002196,58,2024-01-01 00:00:42,1.36383,0.06629,0.01999,45.0,80.0
13002196,58,2024-01-01 00:00:23,1.2653,0.28381,223.1902,35.0,79.0
13002196,58,2024-01-01 00:00:37,1.05089,0.20793,957.76693,25.0,76.0
13002196,58,2024-01-01 00:00:38,0.7614,0.1816,0.01999,35.0,76.0
13002196,58,2024-01-01 00:00:38,1.2344,0.14426,0.01999,45.0,79.0
13002196,58,2024-01-01 00:00:17,0.74062,-0.02033,271.75858,35.0,82.0
13002196,58,2024-01-01 00:00:32,0.31105,0.04879,441.16191,25.0,82.0
13002196,58,2024-01-01 00:00:41,0.66708,0.09247,3358.58039,45.0,80.0
13002196,58,2024-01-01 00:00:34,1.14076,0.12007,3024.17307,45.0,82.0
13002196,58,2024-01-01 00:00:25,0.74251,-0.09866,2494.23981,35.0,83.0
13002196,58,2024-01-01 00:00:32,0.77205,0.087,3528.65246,25.0,85.0
13002196,58,2024-01-01 00:00:15,0.66721,0.01596,786.43657,25.0,79.0
13002196,58,2024-01-01 00:00:41,0.48412,0.1929,5272.59433,45.0,83.0
13002196,58,2024-01-01 00:00:19,1.09941,0.0685,6287.04449,35.0,82.0
13002196,58,2024-01-01 00:00:20,0.60201,0.05586,3098.32464,35.0,82.0
13002196,58,2024-01-01 00:00:25,0.42149,0.01448,2525.82411,45.0,82.0
13002196,58,2024-01-01 00:00:17,0.83055,0.06388,1475.69837,35.0,84.0
13002196,58,2024-01-01 00:00:30,0.54726,0.08759,0.01999,45.0,83.0
13002196,58,2024-01-01 00:00:36,0.69338,0.17044,271.43776,35.0,86.0
13002196,58,2024-01-01 00:00:18,1.03958,0.04312,415.39603,45.0,83.0
13002196,58,2024-01-01 00:00:28,0.88875,-0.02857,4571.83949,45.0,81.0
13002196,58,2024-01-01 00:00:15,0.58383,0.23953,0.01999,25.0,82.0
13002196,58,2024-01-01 00:00:34,0.82804,0.11329,1337.24147,45.0,84.0
13002196,58,2024-01-01 00:00:24,0.97642,0.06264,864.11781,45.0,84.0
13002196,58,2024-01-01 00:00:16,0.51454,-0.11541,354.66038,35.0,86.0
13002196,58,2024-01-01 00:00:21,0.44002,0.04124,3471.79362,35.0,86.0
13002196,58,2024-01-01 00:00:20,0.91954,0.0402,2136.17021,35.0,80.0
13002196,58,2024-01-01 00:00:20,0.65323,0.11421,1915.78393,45.0,79.0
13002196,58,2024-01-01 00:00:23,0.89886,0.10257,3787.45358,25.0,85.0
13002196,58,2024-01-01 00:00:26,0.64186,0.19163,0.01999,25.0,83.0
13002196,58,2024-01-01 00:00:21,0.93972,0.07225,0.01999,35.0,84.0
13002196,58,2024-01-01 00:00:27,1.03971,-0.01877,0.01999,35.0,81.0
13002196,58,2024-01-01 00:00:26,1.40851,-0.0137,0.01999,25.0,84.0
13002196,58,2024-01-01 00:00:14,0.93939,0.15805,40.14129,45.0,82.0
13002196,58,2024-01-01 00:00:35,1.03864,0.08744,604.39133,45.0,79.0
13002196,58,2024-01-01 00:00:41,0.80211,0.0593,0.01999,25.0,80.0
13002196,58,2024-01-01 00:00:29,1.087,-0.08795,0.01999,25.0,78.0
13002196,58,2024-01-01 00:00:35,1.51999,-0.05135,1449.51042,35.0,79.0
13002196,58,2024-01-01 00:00:28,1.01549,-0.27354,1888.29041,45.0,79.0
13002196,58,2024-01-01 00:00:33,0.61719,-0.07111,530.19242,25.0,79.0
13002196,58,2024-01-01 00:00:20,0.91629,0.09027,2176.58941,35.0,80.0
13002196,58,2024-01-01 00:00:26,0.98353,-0.00391,2391.16293,35.0,81.0
13002196,58,2024-01-01 00:00:21,1.14876,0.3897,1822.04453,35.0,81.0
13002196,58,2024-01-01 00:00:25,0.95059,0.08284,2786.14298,25.0,78.0
13002196,58,2024-01-01 00:00:33,0.3957,0.11117,4419.56439,45.0,81.0
13002196,58,2024-01-01 00:00:18,0.66154,0.18637,4502.91326,45.0,79.0
13002196,58,2024-01-01 00:00:13,0.62315,-0.00272,3607.36137,25.0,82.0
13002196,58,2024-01-01 00:00:10,0.94288,0.15727,547.69884,25.0,81.0
13002196,58,2024-01-01 00:00:09,0.67531,-0.03675,0.01999,45.0,81.0
13002196,58,2024-01-01 00:00:23,1.07593,0.11658,707.79983,35.0,80.0
13002196,58,2024-01-01 00:00:27,0.79353,-0.05912,720.61162,35.0,81.0
13002196,58,2024-01-01 00:00:36,0.65355,0.19915,0.01999,35.0,79.0
13002196,58,2024-01-01 00:00:29,1.00468,-0.0284,0.01999,45.0,80.0
13002196,58,2024-01-01 00:00:33,0.95699,0.02222,1435.7516,25.0,82.0
13002196,58,2024-01-01 00:00:35,0.91542,0.33125,0.01999,35.0,77.0
13002196,58,2024-01-01 00:00:20,1.02867,0.24454,0.01999,35.0,77.0
13002196,58,2024-01-01 00:00:41,1.01548,0.21439,0.01999,35.0,78.0
13002196,58,2024-01-01 00:00:16,0.90526,0.23458,2481.31356,25.0,76.0
13002196,58,2024-01-01 00:00:26,1.07703,0.33524,0.01999,35.0,75.0
13002196,58,2024-01-01 00:00:20,1.00173,0.06863,0.01999,25.0,74.0
13002196,58,2024-01-01 00:00:23,0.79494,0.08569,2215.09977,25.0,74.0
13002196,58,2024-01-01 00:00:34,0.8565,0.25576,0.01999,35.0,76.0
13002196,58,2024-01-01 00:00:37,0.57698,0.14168,534.38778,25.0,74.0
13002196,58,2024-01-01 00:00:41,0.62828,0.06615,0.01999,35.0,77.0
13002196,58,2024-01-01 00:00:48,0.7074,-0.14084,0.01999,35.0,76.0
13002196,58,2024-01-01 00:00:36,0.75454,-0.00931,0.01999,25.0,76.0
13002196,58,2024-01-01 00:00:46,0.68558,-0.01661,0.01999,35.0,76.0
13002196,58,2024-01-01 00:00:22,0.66957,0.32805,0.01999,45.0,75.0
13002196,58,2024-01-01 00:00:28,0.85729,0.22142,0.01999,25.0,78.0
13002196,58,2024-01-01 00:00:30,1.13644,0.37323,0.01999,45.0,79.0
13002196,58,2024-01-01 00:00:16,1.06845,0.04516,1841.62642,35.0,76.0
13002196,58,2024-01-01 00:00:18,0.58309,-0.1196,506.65072,35.0,77.0
13002196,58,2024-01-01 00:00:25,0.76387,0.1842,0.01999,45.0,81.0
13002196,58,2024-01-01 00:00:38,1.01971,-0.08783,0.01999,35.0,81.0
13002196,58,2024-01-01 00:00:38,1.25997,0.17539,0.01999,25.0,81.0
13002196,58,2024-01-01 00:00:58,1.51312,0.13529,0.01999,45.0,75.0
13002196,58,2024-01-01 00:00:45,1.18266,0.49366,0.01999,25.0,77.0
13002196,58,2024-01-01 00:00:46,1.1668,-0.03845,0.01999,25.0,76.0
13002196,58,2024-01-01 00:00:51,1.64568,0.2932,0.01999,25.0,73.0
13002196,58,2024-01-01 00:00:56,1.33092,0.21236,0.01999,35.0,76.0
13002196,58,2024-01-01 00:00:40,0.66872,0.38196,0.01999,25.0,76.0
13002196,58,2024-01-01 00:00:53,0.65993,0.07235,0.01999,25.0,76.0
13002196,58,2024-01-01 00:00:58,1.40726,0.19135,946.23572,45.0,77.0
13002196,58,2024-01-01 00:00:51,1.50909,0.15824,586.63097,35.0,78.0
13002196,58,2024-01-01 00:00:30,0.85258,0.21619,1284.91925,35.0,76.0
13002196,58,2024-01-01 00:00:25,1.28322,0.27363,0.01999,45.0,80.0
13002196,58,2024-01-01 00:00:47,1.10799,0.05686,0.01999,35.0,78.0
13002196,58,2024-01-01 00:00:36,1.25926,0.09138,0.01999,45.0,78.0
13002196,58,2024-01-01 00:00:58,0.97867,-0.18816,614.64349,45.0,78.0
13002196,58,2024-01-01 00:00:56,1.06443,-0.07396,0.01999,25.0,78.0
13002196,58,2024-01-01 00:00:21,1.34168,0.38132,2193.07453,25.0,80.0
13002196,58,2024-01-01 00:00:42,1.36485,0.25679,3086.5996,45.0,78.0
13002196,58,2024-01-01 00:00:35,0.8809,0.42832,685.63321,35.0,75.0
13002196,58,2024-01-01 00:00:31,1.03925,0.19599,0.01999,45.0,78.0
13002196,58,2024-01-01 00:00:41,1.29331,0.31178,0.01999,35.0,79.0
13002196,58,2024-01-01 00:00:46,1.05788,0.15919,869.68667,45.0,77.0
13002196,58,2024-01-01 00:00:32,0.97625,0.13278,0.01999,45.0,80.0
13002196,58,2024-01-01 00:00:41,0.8813,0.12868,0.01999,35.0,80.0
13002196,58,2024-01-01 00:00:48,0.90277,0.16317,0.01999,45.0,82.0
13002196,58,2024-01-01 00:00:52,0.88386,0.26212,922.12132,25.0,82.0
13002196,58,2024-01-01 00:00:24,1.12816,0.13305,0.01999,45.0,79.0
13002196,58,2024-01-01 00:00:32,0.89762,0.15162,2938.54971,45.0,81.0
13002196,58,2024-01-01 00:00:45,1.28592,0.0862,330.25018,45.0,80.0
13002196,58,2024-01-01 00:00:43,0.60832,0.24691,400.1344,35.0,80.0
13002196,58,2024-01-01 00:00:29,1.55699,0.2498,1978.37783,45.0,82.0
13002196,58,2024-01-01 00:00:47,0.91192,0.3209,0.01999,45.0,81.0
13002196,58,2024-01-01 00:00:47,1.10496,0.17547,1088.36002,45.0,82.0
13002196,58,2024-01-01 00:00:45,1.10649,0.02252,0.01999,35.0,83.0
13002196,58,2024-01-01 00:00:51,1.02918,0.16634,607.23203,25.0,83.0
13002196,58,2024-01-01 00:00:41,1.59526,-0.12397,1793.93426,45.0,82.0
13002196,58,2024-01-01 00:00:45,1.4869,-0.04211,1150.78469,35.0,82.0
13002196,58,2024-01-01 00:00:47,1.12564,0.0857,179.90147,45.0,82.0
13002196,58,2024-01-01 00:00:44,1.36326,0.27471,167.79658,35.0,86.0
13002196,58,2024-01-01 00:00:52,1.31992,-0.14229,229.30651,35.0,88.0
13002196,58,2024-01-01 00:00:56,0.85882,0.24231,0.01999,45.0,88.0
13002196,58,2024-01-01 00:00:26,0.69394,0.09032,0.01999,45.0,88.0
13002196,58,2024-01-01 00:00:41,1.24119,0.18438,3079.44676,45.0,85.0
13002196,58,2024-01-01 00:00:37,1.24836,0.26119,0.01999,35.0,86.0
13002196,58,2024-01-01 00:00:39,0.92623,0.22148,943.96921,25.0,86.0
13002196,58,2024-01-01 00:00:20,0.68775,0.17661,1008.11804,45.0,84.0
13002196,58,2024-01-01 00:00:23,0.93576,0.15944,621.94361,45.0,84.0
13002196,58,2024-01-01 00:00:32,0.75729,0.27645,3577.6097,45.0,84.0
13002196,58,2024-01-01 00:00:24,0.27179,0.24586,0.01999,45.0,86.0
13002196,58,2024-01-01 00:00:17,0.52468,0.07184,2110.18758,45.0,84.0
13002196,58,2024-01-01 00:00:16,0.94604,0.13246,2076.21117,45.0,86.0
13002196,58,2024-01-01 00:00:14,0.81182,-0.00136,0.01999,45.0,86.0
13002196,58,2024-01-01 00:00:24,1.21627,0.24867,1914.9701,45.0,87.0
13002196,58,2024-01-01 00:00:16,1.3602,-0.05194,0.01999,45.0,82.0
13002196,58,2024-01-01 00:00:31,0.71463,-0.00271,0.01999,45.0,84.0
13002196,58,2024-01-01 00:00:30,0.67692,-0.06332,0.01999,45.0,89.0
13002196,58,2024-01-01 00:00:34,0.76628,0.19785,2517.30631,45.0,91.0
13002196,58,2024-01-01 00:00:32,1.07241,-0.05678,0.01999,25.0,91.0
13002196,58,2024-01-01 00:00:10,0.85801,-0.01716,3533.61287,45.0,92.0
13002196,58,2024-01-01 00:00:12,0.94677,0.14797,915.2077,35.0,92.0
13002196,58,2024-01-01 00:00:11,0.63056,0.0804,109.08618,45.0,90.0
13002196,58,2024-01-01 00:00:10,0.4853,-0.03575,3809.97165,45.0,89.0
13002196,58,2024-01-01 00:00:16,0.82002,0.21217,3385.05854,35.0,88.0
13002196,58,2024-01-01 00:00:08,0.58883,0.02741,4246.35953,45.0,89.0
13002196,58,2024-01-01 00:00:19,0.31982,-0.00209,2765.28896,45.0,89.0
13002196,58,2024-01-01 00:00:14,0.78142,0.08789,471.0027,25.0,89.0
13002196,58,2024-01-01 00:00:23,0.84736,0.17257,966.85377,25.0,91.0
13002196,58,2024-01-01 00:00:16,1.00505,-0.0322,1039.72755,25.0,91.0
13002196,58,2024-01-01 00:00:29,1.04596,0.11055,1771.39168,45.0,90.0
13002196,58,2024-01-01 00:00:13,1.03381,0.16928,670.63275,35.0,89.0
13002196,58,2024-01-01 00:00:09,0.86219,0.15024,1728.46935,25.0,88.0
13002196,58,2024-01-01 00:00:18,0.71506,0.03748,2124.95536,45.0,87.0
13002196,58,2024-01-01 00:00:33,0.87805,0.16153,0.01999,45.0,90.0
13002196,58,2024-01-01 00:00:25,1.12165,0.09276,4021.39623,35.0,89.0
13002196,58,2024-01-01 00:00:13,0.86508,0.3602,2743.27068,25.0,89.0
13002196,58,2024-01-01 00:00:33,0.46675,0.12982,2795.42569,45.0,89.0
13002196,58,2024-01-01 00:00:17,0.43516,0.08141,1659.47202,45.0,87.0
13002196,58,2024-01-01 00:00:13,0.42387,0.16816,2351.649,25.0,90.0
13002196,58,2024-01-01 00:00:34,0.58581,0.14229,0.01999,45.0,88.0
13002196,58,2024-01-01 00:00:13,0.91944,0.20793,3168.09598,45.0,87.0
13002196,58,2024-01-01 00:00:26,0.76828,0.15445,301.01046,25.0,89.0
13002196,58,2024-01-01 00:00:24,0.87033,0.1579,0.01999,45.0,85.0
13002196,58,2024-01-01 00:00:24,0.84601,0.22647,0.01999,45.0,87.0
13002196,58,2024-01-01 00:00:17,1.30018,0.27692,0.01999,45.0,84.0
13002196,58,2024-01-01 00:00:20,0.70937,0.10315,249.70771,45.0,84.0
13002196,58,2024-01-01 00:00:37,0.7583,0.19509,2359.23266,35.0,88.0
13002196,58,2024-01-01 00:00:22,0.78317,0.04335,0.01999,25.0,84.0
13002196,58,2024-01-01 00:00:34,1.1058,0.06279,0.01999,35.0,81.0
13002196,58,2024-01-01 00:00:22,0.75723,0.06492,0.01999,25.0,82.0
13002196,58,2024-01-01 00:00:37,0.57179,0.04825,1512.08631,45.0,81.0
13002196,58,2024-01-01 00:00:24,1.17433,0.12882,886.48884,25.0,80.0
13002196,58,2024-01-01 00:00:15,0.83022,0.26109,3544.90365,35.0,82.0
13002196,58,2024-01-01 00:00:08,0.68605,0.17237,2553.77583,25.0,80.0
13002196,58,2024-01-01 00:00:16,0.90738,0.20648,0.01999,25.0,80.0
13002196,58,2024-01-01 00:00:22,0.64349,0.17669,1719.44675,35.0,78.0
13002196,58,2024-01-01 00:00:35,0.51706,0.14205,581.13336,25.0,82.0
13002196,58,2024-01-01 00:00:30,0.84417,-0.12622,1341.79596,35.0,79.0
13002196,58,2024-01-01 00:00:28,0.57907,0.15181,1678.0508,35.0,77.0
13002196,58,2024-01-01 00:00:30,0.66367,0.02046,662.01934,35.0,81.0
13002196,58,2024-01-01 00:00:30,0.99995,-0.08443,0.01999,35.0,79.0
13002196,58,2024-01-01 00:00:51,0.64464,-0.03284,0.01999,25.0,80.0
13002196,58,2024-01-01 00:00:19,1.39107,0.24057,0.01999,25.0,79.0
13002196,58,2024-01-01 00:00:17,0.75586,0.03649,531.56944,45.0,80.0
13002196,58,2024-01-01 00:00:19,0.65321,0.14407,0.01999,35.0,82.0
13002196,58,2024-01-01 00:00:11,0.95553,-0.0905,0.01999,35.0,79.0
13002196,58,2024-01-01 00:00:19,0.79653,-0.1407,0.01999,35.0,81.0
13002196,58,2024-01-01 00:00:32,0.44816,-0.10892,2966.65311,35.0,82.0
13002196,58,2024-01-01 00:00:22,0.59351,-0.01665,0.01999,45.0,83.0
13002196,58,2024-01-01 00:00:21,1.14632,-0.0217,0.01999,45.0,81.0
16755737,0,2024-01-01 00:00:09,0.86495,0.13954,1463.86038,45.0,73.0
16755737,1,2024-01-01 00:00:05,0.50991,0.21065,4633.26105,45.0,75.0
16755737,2,2024-01-01 00:00:00,0.33168,0.2142,1199.24873,45.0,79.0
16755737,3,2024-01-01 00:00:15,0.54522,0.29014,149.91104,35.0,81.0
16755737,4,2024-01-01 00:00:13,0.28537,0.03137,2019.91051,35.0,79.0
16755737,5,2024-01-01 00:00:08,0.65486,0.04847,0.01999,35.0,82.0
16755737,6,2024-01-01 00:00:23,0.56409,0.14848,0.01999,35.0,81.0
16755737,7,2024-01-01 00:00:29,0.68518,0.2024,238.06808,25.0,82.0
16755737,8,2024-01-01 00:00:32,0.70398,0.26264,3223.91141,35.0,82.0
16755737,9,2024-01-01 00:00:15,0.34242,0.07208,0.01999,25.0,78.0
16755737,10,2024-01-01 00:00:24,0.60072,0.22026,1979.03004,25.0,79.0
16755737,11,2024-01-01 00:00:24,0.99785,0.36396,2105.52367,35.0,80.0
16755737,12,2024-01-01 00:00:25,0.53478,0.13653,0.01999,35.0,77.0
16755737,13,2024-01-01 00:00:24,0.59036,0.22571,1953.72947,35.0,76.0
16755737,14,2024-01-01 00:00:13,0.2521,0.01183,257.9836,45.0,79.0
16755737,15,2024-01-01 00:00:37,0.3801,-0.05459,0.01999,35.0,80.0
16755737,16,2024-01-01 00:00:16,0.70579,0.2408,0.01999,35.0,82.0
16755737,17,2024-01-01 00:00:23,0.83638,0.16628,0.01999,35.0,80.0
16755737,18,2024-01-01 00:00:22,1.18872,0.13125,0.01999,45.0,81.0
16755737,19,2024-01-01 00:00:33,0.87388,-0.00603,2671.90445,25.0,79.0
16755737,20,2024-01-01 00:00:30,0.83237,0.13375,0.01999,45.0,79.0
16755737,21,2024-01-01 00:00:38,1.24703,0.14319,2696.49455,25.0,77.0
16755737,22,2024-01-01 00:00:24,1.16357,-0.05313,0.01999,45.0,76.0
16755737,23,2024-01-01 00:00:32,1.10633,0.33906,477.40418,35.0,77.0
16755737,24,2024-01-01 00:00:43,0.51456,0.07023,1267.7122,35.0,81.0
16755737,25,2024-01-01 00:00:19,0.8366,0.11412,2376.71559,35.0,80.0
16755737,26,2024-01-01 00:00:38,0.83908,0.13092,0.01999,25.0,76.0
16755737,27,2024-01-01 00:00:41,0.87624,0.33052,1907.71078,25.0,80.0
16755737,28,2024-01-01 00:00:21,1.20102,0.06396,4175.46366,45.0,76.0
16755737,29,2024-01-01 00:00:25,1.03771,0.05775,5511.34477,35.0,78.0
16755737,30,2024-01-01 00:00:40,0.73965,-0.00475,0.01999,45.0,78.0
16755737,31,2024-01-01 00:00:35,1.29266,0.13485,0.01999,45.0,82.0
16755737,32,2024-01-01 00:00:29,0.76174,0.10647,2114.56186,45.0,79.0
16755737,33,2024-01-01 00:00:27,0.8641,0.08977,584.05636,45.0,80.0
16755737,34,2024-01-01 00:00:31,0.84484,0.10781,2372.36934,45.0,80.0
16755737,35,2024-01-01 00:00:05,1.11139,0.15721,0.01999,35.0,81.0
16755737,36,2024-01-01 00:00:19,0.67121,0.20061,2385.02898,25.0,83.0
16755737,37,2024-01-01 00:00:21,0.58159,0.17594,1892.89166,25.0,80.0
16755737,38,2024-01-01 00:00:00,0.57967,-0.02567,0.01999,45.0,83.0
16755737,39,2024-01-01 00:00:00,0.4033,0.24854,1094.92532,35.0,84.0
16755737,40,2024-01-01 00:00:18,0.3518,0.04995,3724.75618,25.0,83.0
16755737,41,2024-01-01 00:00:16,0.51341,0.14393,0.01999,45.0,82.0
16755737,42,2024-01-01 00:00:02,0.65786,-0.07111,3145.59647,45.0,84.0
16755737,43,2024-01-01 00:00:13,0.8792,0.09372,2319.28122,45.0,84.0
16755737,44,2024-01-01 00:00:18,0.46979,0.11856,2260.51475,45.0,85.0
16755737,45,2024-01-01 00:00:09,0.84347,0.06965,356.80946,35.0,85.0
16755737,46,2024-01-01 00:00:18,0.32194,0.08062,738.82619,35.0,85.0
16755737,47,2024-01-01 00:00:26,0.76692,0.00706,0.01999,25.0,84.0
16755737,48,2024-01-01 00:00:19,1.16191,0.15941,1976.87697,35.0,80.0
16755737,49,2024-01-01 00:00:18,0.50894,0.10837,2404.6261,45.0,78.0
16755737,50,2024-01-01 00:00:15,0.9574,0.11691,3602.95404,35.0,81.0
16755737,51,2024-01-01 00:00:08,0.36823,0.08403,0.01999,35.0,80.0
16755737,52,2024-01-01 00:00:17,0.38199,0.05412,415.79742,45.0,79.0
16755737,53,2024-01-01 00:00:20,0.80514,-0.06556,3969.25199,25.0,78.0
16755737,54,2024-01-01 00:00:17,0.61455,0.18044,4917.43306,25.0,76.0
16755737,55,2024-01-01 00:00:12,0.59453,0.03386,3076.50687,35.0,76.0
16755737,56,2024-01-01 00:00:18,0.92576,0.091,3242.19054,35.0,78.0
16755737,57,2024-01-01 00:00:21,0.68224,0.03286,177.58929,45.0,77.0
16755737,58,2024-01-01 00:00:17,0.71941,0.0971,0.01999,45.0,78.0
16755737,58,2024-01-01 00:00:17,0.75817,0.19556,3078.10167,25.0,81.0
16755737,58,2024-01-01 00:00:19,0.76964,0.26343,0.01999,25.0,80.0
16755737,58,2024-01-01 00:00:30,0.81875,-0.00321,2727.04678,35.0,76.0
16755737,58,2024-01-01 00:00:22,0.72988,0.09531,0.01999,35.0,78.0
16755737,58,2024-01-01 00:00:19,0.49036,0.09603,848.17101,35.0,78.0
16755737,58,2024-01-01 00:00:16,0.85374,0.15844,3565.61675,25.0,80.0
16755737,58,2024-01-01 00:00:19,0.34159,0.1536,0.01999,25.0,79.0
16755737,58,2024-01-01 00:00:22,0.7538,0.33239,1000.20742,35.0,82.0
16755737,58,2024-01-01 00:00:20,1.22188,0.15918,2723.976,25.0,82.0
16755737,58,2024-01-01 00:00:24,0.70624,0.05261,0.01999,35.0,82.0
16755737,58,2024-01-01 00:00:21,0.61193,0.19543,0.01999,25.0,81.0
16755737,58,2024-01-01 00:00:28,0.7185,0.19281,0.01999,35.0,83.0
16755737,58,2024-01-01 00:00:22,0.83321,0.01212,2146.75856,25.0,83.0
16755737,58,2024-01-01 00:00:21,0.62495,0.18851,2092.35384,45.0,80.0
16755737,58,2024-01-01 00:00:37,1.0765,0.21366,4226.29864,35.0,83.0
16755737,58,2024-01-01 00:00:26,0.566,0.19452,2021.37726,35.0,82.0
16755737,58,2024-01-01 00:00:25,0.88917,0.10573,214.40208,35.0,82.0
16755737,58,2024-01-01 00:00:31,0.49512,0.04909,0.01999,45.0,82.0
16755737,58,2024-01-01 00:00:32,0.72507,0.10211,679.74048,25.0,82.0
16755737,58,2024-01-01 00:00:26,0.52532,0.07271,392.72618,35.0,82.0
16755737,58,2024-01-01 00:00:36,1.07236,0.23061,0.01999,45.0,83.0
16755737,58,2024-01-01 00:00:33,0.8886,-0.09235,1136.54306,45.0,81.0
16755737,58,2024-01-01 00:00:40,1.15629,0.0107,0.01999,35.0,84.0
16755737,58,2024-01-01 00:00:30,0.86279,0.04287,1612.2181,25.0,80.0
16755737,58,2024-01-01 00:00:39,1.2232,0.05217,0.01999,25.0,81.0
16755737,58,2024-01-01 00:00:19,1.33294,-0.00781,0.01999,45.0,79.0
16755737,58,2024-01-01 00:00:40,1.07272,0.04974,1232.27058,35.0,85.0
16755737,58,2024-01-01 00:00:11,0.71979,0.32738,3010.56249,25.0,85.0
16755737,58,2024-01-01 00:00:17,0.80619,0.03597,1442.7001,25.0,83.0
16755737,58,2024-01-01 00:00:06,0.34317,0.01193,0.01999,35.0,86.0
16755737,58,2024-01-01 00:00:23,0.78313,0.08413,0.01999,25.0,85.0
16755737,58,2024-01-01 00:00:22,0.87214,0.30643,0.01999,35.0,82.0
16755737,58,2024-01-01 00:00:26,0.52781,0.21573,474.21968,45.0,84.0
16755737,58,2024-01-01 00:00:05,1.11436,0.14717,0.01999,45.0,83.0
16755737,58,2024-01-01 00:00:37,0.47386,0.01679,3294.13353,45.0,83.0
16755737,58,2024-01-01 00:00:16,0.66498,0.13845,306.76836,25.0,86.0
16755737,58,2024-01-01 00:00:29,0.95104,0.1523,0.01999,45.0,83.0
16755737,58,2024-01-01 00:00:28,0.89817,0.09079,0.01999,45.0,85.0
16755737,58,2024-01-01 00:00:41,0.8387,0.05661,1907.35673,35.0,84.0
16755737,58,2024-01-01 00:00:30,0.93236,0.1441,2163.15326,45.0,83.0
16755737,58,2024-01-01 00:00:25,0.90169,0.0336,3766.39162,45.0,83.0
16755737,58,2024-01-01 00:00:11,0.73589,0.11731,1007.44954,25.0,83.0
16755737,58,2024-01-01 00:00:14,0.89346,0.1609,5256.15507,25.0,83.0
16755737,58,2024-01-01 00:00:18,0.28078,0.02744,2573.10309,25.0,85.0
16755737,58,2024-01-01 00:00:16,0.78123,0.06324,4421.2873,25.0,81.0
16755737,58,2024-01-01 00:00:14,0.54126,-0.03056,1692.57091,25.0,80.0
16755737,58,2024-01-01 00:00:30,0.93358,0.0128,3305.15177,25.0,79.0
16755737,58,2024-01-01 00:00:19,0.41949,-0.0525,2994.73368,45.0,78.0
16755737,58,2024-01-01 00:00:24,0.90178,0.02657,4232.5542,25.0,80.0
16755737,58,2024-01-01 00:00:26,1.14697,0.16015,1840.61069,45.0,78.0
16755737,58,2024-01-01 00:00:09,0.75945,0.15895,834.0819,45.0,80.0
16755737,58,2024-01-01 00:00:15,0.86451,-0.01038,1351.38718,45.0,83.0
16755737,58,2024-01-01 00:00:29,0.08118,0.04792,1840.40739,35.0,87.0
16755737,58,2024-01-01 00:00:29,0.51649,0.14746,946.95919,35.0,84.0
16755737,58,2024-01-01 00:00:14,0.37074,0.10444,1080.20908,45.0,83.0
16755737,58,2024-01-01 00:00:21,0.76508,0.24001,0.01999,35.0,84.0
16755737,58,2024-01-01 00:00:26,0.52541,0.14386,0.01999,45.0,83.0
16755737,58,2024-01-01 00:00:25,0.73424,0.16832,320.56793,35.0,80.0
16755737,58,2024-01-01 00:00:27,0.83915,0.13801,0.01999,35.0,81.0
16755737,58,2024-01-01 00:00:19,1.01024,0.13372,0.01999,45.0,79.0
16755737,58,2024-01-01 00:00:24,0.77784,0.05787,2502.82444,25.0,81.0
16755737,58,2024-01-01 00:00:29,0.98549,0.01149,2784.54317,45.0,79.0
16755737,58,2024-01-01 00:00:28,0.85692,0.07484,2456.98663,35.0,80.0
16755737,58,2024-01-01 00:00:23,0.87925,0.18412,0.01999,45.0,78.0
16755737,58,2024-01-01 00:00:27,0.85383,0.00246,3194.80676,25.0,79.0
16755737,58,2024-01-01 00:00:31,0.91738,0.11088,3327.09597,25.0,79.0
16755737,58,2024-01-01 00:00:26,0.95076,0.02747,976.97565,35.0,81.0
16755737,58,2024-01-01 00:00:30,0.67,0.11253,2904.63299,35.0,80.0
16755737,58,2024-01-01 00:00:19,0.46466,0.17486,0.01999,35.0,77.0
16755737,58,2024-01-01 00:00:21,0.65779,-0.05274,1960.94117,45.0,78.0
16755737,58,2024-01-01 00:00:08,0.69532,-0.00361,712.26207,35.0,76.0
16755737,58,2024-01-01 00:00:32,0.82779,0.03668,33.34519,35.0,75.0
16755737,58,2024-01-01 00:00:23,0.74993,0.15513,1213.11273,25.0,78.0
16755737,58,2024-01-01 00:00:22,1.02524,0.19237,1143.3782,35.0,76.0
16755737,58,2024-01-01 00:00:37,0.81312,-0.0651,0.01999,35.0,75.0
16755737,58,2024-01-01 00:00:23,0.59764,0.01521,0.01999,25.0,76.0
16755737,58,2024-01-01 00:00:29,0.35652,-0.00668,1674.6605,35.0,77.0
16755737,58,2024-01-01 00:00:18,0.60883,-0.05542,1109.30884,35.0,80.0
16755737,58,2024-01-01 00:00:20,0.69909,0.05865,4842.6497,45.0,80.0
16755737,58,2024-01-01 00:00:28,0.6744,0.11468,7111.19497,35.0,79.0
16755737,58,2024-01-01 00:00:21,0.29735,0.20031,4348.32914,25.0,81.0
16755737,58,2024-01-01 00:00:04,0.94288,0.14689,0.01999,45.0,79.0
16755737,58,2024-01-01 00:00:32,0.8253,0.16165,2098.1666,45.0,84.0
16755737,58,2024-01-01 00:00:18,1.01263,0.09902,0.01999,45.0,80.0
16755737,58,2024-01-01 00:00:47,1.10134,-0.15287,1095.33913,35.0,79.0
16755737,58,2024-01-01 00:00:22,0.88082,0.13309,531.27791,35.0,77.0
16755737,58,2024-01-01 00:00:19,0.28545,0.17385,0.01999,45.0,77.0
16755737,58,2024-01-01 00:00:13,0.9855,0.16187,830.97352,45.0,82.0
16755737,58,2024-01-01 00:00:19,1.17172,0.24897,2445.04363,35.0,83.0
16755737,58,2024-01-01 00:00:22,0.75843,0.19254,2286.01662,25.0,79.0
16755737,58,2024-01-01 00:00:24,0.54853,-0.06081,0.01999,35.0,79.0
16755737,58,2024-01-01 00:00:34,0.61096,0.29224,1284.91925,35.0,77.0
16755737,58,2024-01-01 00:00:21,0.81234,0.17578,0.01999,45.0,81.0
16755737,58,2024-01-01 00:00:28,0.61636,0.09592,764.82757,45.0,79.0
16755737,58,2024-01-01 00:00:28,0.72492,0.1019,2124.75773,35.0,81.0
16755737,58,2024-01-01 00:00:25,0.78823,0.05295,1246.0648,35.0,78.0
16755737,58,2024-01-01 00:00:19,0.94403,0.09923,1771.59256,35.0,75.0
16755737,58,2024-01-01 00:00:32,0.86415,0.24909,0.01999,45.0,77.0
16755737,58,2024-01-01 00:00:25,0.90794,0.1446,709.93573,25.0,79.0
16755737,58,2024-01-01 00:00:13,0.79774,0.08252,69.25978,45.0,76.0
16755737,58,2024-01-01 00:00:26,0.24741,0.15589,0.01999,35.0,81.0
16755737,58,2024-01-01 00:00:28,1.00678,0.17151,0.01999,35.0,85.0
16755737,58,2024-01-01 00:00:36,0.60519,0.15336,0.01999,25.0,80.0
16755737,58,2024-01-01 00:00:42,0.28149,-0.0903,2396.32533,45.0,76.0
16755737,58,2024-01-01 00:00:43,0.66376,0.2653,2208.11375,25.0,81.0
16755737,58,2024-01-01 00:00:41,0.93517,0.0716,1279.75211,45.0,78.0
16755737,58,2024-01-01 00:00:35,1.14856,0.11326,0.01999,35.0,80.0
16755737,58,2024-01-01 00:00:35,0.94575,0.02544,431.61362,35.0,79.0
16755737,58,2024-01-01 00:00:39,0.59973,0.27574,0.01999,35.0,77.0
16755737,58,2024-01-01 00:00:39,0.84902,0.29367,100.51946,45.0,78.0
16755737,58,2024-01-01 00:00:35,0.60975,-0.06629,392.77845,45.0,77.0
16755737,58,2024-01-01 00:00:28,1.08132,-0.00053,0.01999,45.0,79.0
16755737,58,2024-01-01 00:00:24,0.61838,0.13667,651.77293,25.0,81.0
16755737,58,2024-01-01 00:00:33,0.8108,0.04996,2459.01457,25.0,78.0
16755737,58,2024-01-01 00:00:30,0.90981,0.11676,3736.25545,25.0,82.0
16755737,58,2024-01-01 00:00:14,1.0132,-0.00185,2080.1499,25.0,79.0
16755737,58,2024-01-01 00:00:19,0.6508,0.15167,3988.44938,35.0,80.0
16755737,58,2024-01-01 00:00:15,0.76459,0.23157,2027.38696,45.0,79.0
16755737,58,2024-01-01 00:00:19,0.56516,0.07628,1332.00213,25.0,84.0
16755737,58,2024-01-01 00:00:31,0.70973,0.08025,2163.60172,45.0,84.0
16755737,58,2024-01-01 00:00:09,0.72716,0.28882,1341.0938,35.0,82.0
16755737,58,2024-01-01 00:00:16,0.24969,0.05313,0.01999,35.0,80.0
16755737,58,2024-01-01 00:00:18,0.82245,0.19254,0.01999,25.0,82.0
16755737,58,2024-01-01 00:00:29,1.03083,0.03699,1733.80005,45.0,81.0
16755737,58,2024-01-01 00:00:34,0.87642,-0.01649,0.01999,45.0,83.0
16755737,58,2024-01-01 00:00:24,0.91991,0.00985,0.01999,25.0,79.0
16755737,58,2024-01-01 00:00:24,1.37176,-0.18275,0.01999,25.0,81.0
16755737,58,2024-01-01 00:00:29,0.74808,0.34758,0.01999,45.0,80.0
16755737,58,2024-01-01 00:00:38,0.69787,0.05652,0.01999,35.0,82.0
16755737,58,2024-01-01 00:00:53,1.04493,0.06103,0.01999,35.0,79.0
16755737,58,2024-01-01 00:00:30,1.36018,-0.15079,0.01999,45.0,80.0
16755737,58,2024-01-01 00:00:31,0.91659,0.25268,0.01999,35.0,83.0
16755737,58,2024-01-01 00:00:26,1.23102,0.02972,1608.30694,25.0,84.0
16755737,58,2024-01-01 00:00:27,1.08067,0.00697,3332.52126,35.0,81.0
16755737,58,2024-01-01 00:00:22,0.7688,0.02417,2804.59496,35.0,82.0
16755737,58,2024-01-01 00:00:31,0.67061,0.09066,3781.5051,25.0,80.0
16755737,58,2024-01-01 00:00:15,0.75673,0.1115,2484.31314,25.0,79.0
16755737,58,2024-01-01 00:00:11,0.96999,0.1809,5355.58562,35.0,81.0
16755737,58,2024-01-01 00:00:14,0.41091,0.05568,4056.54757,35.0,79.0
16755737,58,2024-01-01 00:00:29,0.67347,0.1691,2539.66861,35.0,83.0
16755737,58,2024-01-01 00:00:13,0.81316,0.09041,747.86536,35.0,80.0
16755737,58,2024-01-01 00:00:20,0.56782,0.14647,2016.35461,25.0,80.0
16755737,58,2024-01-01 00:00:38,0.48672,0.15932,0.01999,35.0,78.0
16755737,58,2024-01-01 00:00:15,0.76633,-0.07125,1199.97437,45.0,76.0
16755737,58,2024-01-01 00:00:16,1.01312,0.28476,2013.58116,35.0,79.0
16755737,58,2024-01-01 00:00:34,0.56783,0.16786,2915.69225,45.0,79.0
16755737,58,2024-01-01 00:00:29,0.89118,0.0685,4114.27324,45.0,78.0
16755737,58,2024-01-01 00:00:35,0.49376,0.29128,2532.84179,35.0,79.0
16755737,58,2024-01-01 00:00:23,0.91156,0.25826,3103.10161,35.0,78.0
16755737,58,2024-01-01 00:00:15,0.39577,0.12879,0.01999,35.0,78.0
16755737,58,2024-01-01 00:00:29,0.66343,0.01876,0.01999,25.0,81.0
16755737,58,2024-01-01 00:00:26,0.83037,0.04167,997.81459,45.0,78.0
16755737,58,2024-01-01 00:00:20,0.94537,0.20834,1891.05556,25.0,79.0
16755737,58,2024-01-01 00:00:20,0.5756,0.23597,720.15945,25.0,78.0
16755737,58,2024-01-01 00:00:30,1.10096,0.05268,1305.83352,35.0,76.0
16755737,58,2024-01-01 00:00:30,0.60252,-0.04798,1001.71772,45.0,79.0
16755737,58,2024-01-01 00:00:27,0.86612,0.16851,0.01999,35.0,81.0
16755737,58,2024-01-01 00:00:31,0.98432,0.1093,0.01999,25.0,79.0
16755737,58,2024-01-01 00:00:36,1.11733,0.17596,708.32719,35.0,78.0
16755737,58,2024-01-01 00:00:33,1.24754,-0.10359,1749.10494,25.0,80.0
16755737,58,2024-01-01 00:00:38,0.66205,0.02195,3213.7886,25.0,76.0
16755737,58,2024-01-01 00:00:32,1.31671,0.06079,2058.21387,35.0,78.0
16755737,58,2024-01-01 00:00:10,0.56288,0.23147,2542.34552,35.0,79.0
16755737,58,2024-01-01 00:00:18,1.06752,0.07935,1619.0828,35.0,76.0
16755737,58,2024-01-01 00:00:21,1.30438,0.15469,4371.07557,35.0,79.0
16755737,58,2024-01-01 00:00:28,0.64144,0.16056,335.13651,45.0,78.0
16755737,58,2024-01-01 00:00:27,1.13012,0.24903,0.01999,45.0,79.0
16755737,58,2024-01-01 00:00:14,1.13938,-0.04098,0.01999,35.0,79.0
16755737,58,2024-01-01 00:00:26,0.82212,0.13855,630.38858,25.0,80.0
16755737,58,2024-01-01 00:00:20,1.19714,0.01163,0.01999,25.0,77.0
16755737,58,2024-01-01 00:00:15,0.44544,0.25678,564.00842,45.0,79.0
16755737,58,2024-01-01 00:00:27,0.7138,0.10561,3544.24735,25.0,79.0
16755737,58,2024-01-01 00:00:19,0.97369,0.07647,3949.54905,45.0,78.0
16755737,58,2024-01-01 00:00:27,0.61098,0.0564,123.8016,35.0,78.0
16755737,58,2024-01-01 00:00:21,0.878,0.08186,483.82469,35.0,81.0
16755737,58,2024-01-01 00:00:30,1.1758,0.15454,297.11638,45.0,80.0
16755737,58,2024-01-01 00:00:39,0.94792,0.08713,1730.89887,35.0,78.0
16755737,58,2024-01-01 00:00:29,0.74575,0.10915,566.7576,35.0,80.0
16755737,58,2024-01-01 00:00:37,0.68239,0.17308,123.79919,25.0,78.0
16755737,58,2024-01-01 00:00:18,0.85937,0.14866,3435.61745,25.0,80.0
16755737,58,2024-01-01 00:00:25,0.7065,0.22742,1586.52514,35.0,76.0
16755737,58,2024-01-01 00:00:31,0.61003,-0.13433,1722.97726,45.0,76.0
16755737,58,2024-01-01 00:00:23,1.18904,0.15987,1406.51921,35.0,80.0
16755737,58,2024-01-01 00:00:11,0.42195,0.09239,0.01999,25.0,77.0
16755737,58,2024-01-01 00:00:09,0.64231,0.08042,414.14024,35.0,76.0
16755737,58,2024-01-01 00:00:32,0.35041,0.15319,3306.45434,25.0,77.0
16755737,58,2024-01-01 00:00:18,0.59084,0.27339,1010.75248,25.0,77.0
16755737,58,2024-01-01 00:00:16,0.36441,0.16383,2495.66584,35.0,77.0
16755737,58,2024-01-01 00:00:09,0.49267,0.10952,2701.0816,45.0,76.0
16755737,58,2024-01-01 00:00:09,0.71424,0.13412,1.43181,25.0,80.0
16755737,58,2024-01-01 00:00:18,0.6932,0.17316,0.01999,35.0,76.0
16755737,58,2024-01-01 00:00:16,0.71899,0.01151,0.01999,35.0,76.0
16755737,58,2024-01-01 00:00:15,0.6698,0.04423,2490.14661,25.0,79.0
16755737,58,2024-01-01 00:00:15,1.02085,0.06039,0.01999,45.0,76.0
16755737,58,2024-01-01 00:00:17,0.55257,0.08955,79.60315,35.0,76.0
16755737,58,2024-01-01 00:00:16,0.77657,0.02678,0.01999,35.0,80.0
16755737,58,2024-01-01 00:00:18,0.70777,0.04068,0.01999,35.0,80.0
16755737,58,2024-01-01 00:00:14,0.80317,0.26445,0.01999,45.0,80.0
16755737,58,2024-01-01 00:00:19,0.75848,0.04663,0.01999,25.0,79.0
16755737,58,2024-01-01 00:00:29,0.7713,0.13644,102.54229,35.0,80.0
16755737,58,2024-01-01 00:00:37,0.67465,0.18266,1086.87615,45.0,80.0
16755737,58,2024-01-01 00:00:31,0.91465,-0.09414,344.95131,35.0,80.0
16755737,58,2024-01-01 00:00:24,0.85292,0.21622,1184.22367,25.0,80.0
16755737,58,2024-01-01 00:00:32,1.00004,0.14945,2870.29909,45.0,77.0
16755737,58,2024-01-01 00:00:31,0.71737,0.03605,2942.48714,45.0,80.0
16755737,58,2024-01-01 00:00:38,0.59152,0.17089,3015.36008,25.0,79.0
16755737,58,2024-01-01 00:00:17,0.67942,0.06534,216.3838,25.0,81.0
16755737,58,2024-01-01 00:00:32,0.73031,0.19112,1620.92053,35.0,82.0
16755737,58,2024-01-01 00:00:28,0.71237,0.06955,1042.38475,45.0,82.0
16755737,58,2024-01-01 00:00:26,0.78546,0.04799,0.01999,25.0,83.0
16755737,58,2024-01-01 00:00:37,0.8943,0.20867,399.00476,35.0,79.0
16755737,58,2024-01-01 00:00:31,0.69015,0.17605,271.39181,25.0,79.0
16755737,58,2024-01-01 00:00:16,0.98064,0.28119,2865.91812,35.0,79.0
16755737,58,2024-01-01 00:00:18,0.87408,0.09323,903.65136,45.0,80.0
16755737,58,2024-01-01 00:00:27,0.66823,0.16803,939.15979,45.0,81.0
16755737,58,2024-01-01 00:00:33,0.81662,0.08624,0.01999,45.0,80.0
16755737,58,2024-01-01 00:00:38,0.48105,0.0243,0.01999,45.0,80.0
16755737,58,2024-01-01 00:00:26,1.21713,0.06395,0.01999,45.0,81.0
16755737,58,2024-01-01 00:00:30,1.05949,0.0949,0.01999,45.0,83.0
16755737,58,2024-01-01 00:00:56,0.6378,-0.04919,0.01999,45.0,84.0
16755737,58,2024-01-01 00:00:39,0.91031,0.07274,0.01999,45.0,84.0
16755737,58,2024-01-01 00:00:39,1.27838,0.26551,1487.2711,25.0,84.0
16755737,58,2024-01-01 00:00:30,0.91934,0.34283,1618.20357,25.0,84.0
16755737,58,2024-01-01 00:00:44,1.2627,0.00973,0.01999,25.0,83.0
16755737,58,2024-01-01 00:00:21,1.33471,-0.00457,1376.82221,45.0,82.0
16755737,58,2024-01-01 00:00:29,1.01932,-0.13236,2375.64528,45.0,83.0
16755737,58,2024-01-01 00:00:27,1.16919,0.15335,520.09825,25.0,83.0
16755737,58,2024-01-01 00:00:30,1.16388,0.21497,2488.98133,45.0,81.0
16755737,58,2024-01-01 00:00:28,0.38051,0.23817,1708.60233,25.0,84.0
16755737,58,2024-01-01 00:00:21,0.89793,0.03139,1108.42387,25.0,82.0
16755737,58,2024-01-01 00:00:28,0.53689,0.19702,0.01999,35.0,80.0
16755737,58,2024-01-01 00:00:40,1.04689,0.29853,0.01999,35.0,80.0
16755737,58,2024-01-01 00:00:16,0.97248,0.09936,0.01999,35.0,81.0
16755737,58,2024-01-01 00:00:18,0.95626,0.17219,1151.984,35.0,82.0
16755737,58,2024-01-01 00:00:31,0.45143,0.05212,3124.8596,45.0,81.0
16755737,58,2024-01-01 00:00:38,0.76346,0.29494,1376.91787,25.0,81.0
16755737,58,2024-01-01 00:00:43,0.8025,0.01693,2894.06961,25.0,82.0
16755737,58,2024-01-01 00:00:21,0.77079,0.14177,0.01999,35.0,79.0
16755737,58,2024-01-01 00:00:27,0.95787,0.05523,0.01999,45.0,79.0
16755737,58,2024-01-01 00:00:19,0.52877,0.02451,0.01999,35.0,80.0
16755737,58,2024-01-01 00:00:14,0.63856,0.16778,0.01999,45.0,80.0
16755737,58,2024-01-01 00:00:29,0.62251,0.17631,230.44552,25.0,78.0
16755737,58,2024-01-01 00:00:33,0.56515,0.21302,0.01999,45.0,82.0
16755737,58,2024-01-01 00:00:25,1.22231,0.08974,0.01999,35.0,81.0
16755737,58,2024-01-01 00:00:18,0.6161,-0.03232,0.01999,45.0,80.0
16755737,58,2024-01-01 00:00:24,0.8869,0.00782,475.89153,35.0,81.0
16755737,58,2024-01-01 00:00:36,0.27599,0.14494,0.01999,45.0,82.0
16755737,58,2024-01-01 00:00:39,0.58335,0.18495,1421.16418,25.0,81.0
16755737,58,2024-01-01 00:00:21,0.87244,-0.09199,1509.36429,25.0,79.0
16755737,58,2024-01-01 00:00:24,0.67917,0.35512,881.83296,35.0,77.0
16755737,58,2024-01-01 00:00:30,1.37822,0.01122,2449.71784,45.0,79.0
16755737,58,2024-01-01 00:00:37,0.89936,0.01032,1414.10352,45.0,78.0
16755737,58,2024-01-01 00:00:39,0.7206,0.33376,2383.6035,45.0,77.0
16755737,58,2024-01-01 00:00:13,0.91956,-0.03485,843.72896,35.0,78.0
16755737,58,2024-01-01 00:00:20,1.03132,0.07172,1408.71336,35.0,77.0
16755737,58,2024-01-01 00:00:15,0.6674,0.06672,735.52106,35.0,81.0
16755737,58,2024-01-01 00:00:24,0.69768,0.02232,0.01999,25.0,82.0
16755737,58,2024-01-01 00:00:08,0.77367,0.15355,482.02957,35.0,78.0
16755737,58,2024-01-01 00:00:29,0.78791,0.08832,1978.70301,35.0,79.0
16755737,58,2024-01-01 00:00:24,0.62896,0.18873,0.01999,35.0,77.0
16755737,58,2024-01-01 00:00:31,0.60529,-0.00182,607.62465,45.0,75.0
16755737,58,2024-01-01 00:00:31,0.78613,-0.00493,4020.20653,35.0,79.0
16755737,58,2024-01-01 00:00:13,0.61331,0.12731,150.13959,25.0,76.0
16755737,58,2024-01-01 00:00:11,0.91781,0.05016,1162.87633,25.0,77.0
16755737,58,2024-01-01 00:00:29,0.67773,0.1911,623.86767,25.0,75.0
16755737,58,2024-01-01 00:00:23,0.94053,0.04409,0.01999,45.0,75.0
16755737,58,2024-01-01 00:00:34,0.93814,0.3079,0.01999,45.0,72.0
16755737,58,2024-01-01 00:00:39,1.02355,0.12101,0.01999,45.0,76.0
16755737,58,2024-01-01 00:00:26,1.48955,0.0673,492.79819,45.0,77.0
16755737,58,2024-01-01 00:00:21,1.08925,0.13522,0.01999,45.0,75.0
16755737,58,2024-01-01 00:00:19,0.67192,-0.05627,665.77348,35.0,80.0
16755737,58,2024-01-01 00:00:27,1.00646,0.20516,0.01999,35.0,82.0
16755737,58,2024-01-01 00:00:25,0.92057,0.19572,0.01999,45.0,83.0
16755737,58,2024-01-01 00:00:33,0.74277,0.04414,0.01999,45.0,81.0
16755737,58,2024-01-01 00:00:27,0.56685,0.12462,184.86902,45.0,85.0
16755737,58,2024-01-01 00:00:30,1.06591,0.02983,1633.45671,45.0,83.0
16755737,58,2024-01-01 00:00:30,1.06024,0.13042,1262.32116,35.0,84.0
16755737,58,2024-01-01 00:00:34,0.8943,0.26464,2967.53796,35.0,83.0
16755737,58,2024-01-01 00:00:30,0.97029,-0.00601,941.33484,45.0,85.0
16755737,58,2024-01-01 00:00:35,1.03903,-0.01146,1758.57744,35.0,83.0
16755737,58,2024-01-01 00:00:17,1.1901,-0.0235,1826.10751,25.0,86.0
16755737,58,2024-01-01 00:00:14,0.77965,0.28095,1059.13228,25.0,80.0
16755737,58,2024-01-01 00:00:19,0.58886,-0.00774,1629.99516,35.0,78.0
16755737,58,2024-01-01 00:00:30,0.40418,-0.0712,1904.5727,35.0,80.0
16755737,58,2024-01-01 00:00:11,0.70058,0.04626,0.01999,35.0,81.0
16755737,58,2024-01-01 00:00:33,0.95758,-0.14128,0.01999,35.0,83.0
16755737,58,2024-01-01 00:00:30,0.94925,-0.07792,1900.32086,35.0,81.0
16755737,58,2024-01-01 00:00:39,0.7878,0.35072,0.01999,35.0,81.0
16755737,58,2024-01-01 00:00:20,0.568,0.03904,1623.83104,45.0,82.0
16755737,58,2024-01-01 00:00:13,0.57026,0.14168,863.06402,45.0,83.0
16755737,58,2024-01-01 00:00:34,0.58267,0.05744,2651.96006,35.0,83.0
16755737,58,2024-01-01 00:00:19,0.42751,-0.0009,2066.80583,35.0,84.0
16755737,58,2024-01-01 00:00:14,0.40322,0.16877,4277.87997,45.0,82.0
16755737,58,2024-01-01 00:00:16,0.42225,0.21319,482.12388,35.0,83.0
16755737,58,2024-01-01 00:00:19,0.60314,0.00887,2232.86621,45.0,83.0
16755737,58,2024-01-01 00:00:14,0.39832,0.12244,3885.74865,35.0,84.0
16755737,58,2024-01-01 00:00:17,0.3345,-0.11085,0.01999,35.0,85.0
16755737,58,2024-01-01 00:00:11,0.53128,-0.11329,0.01999,45.0,86.0
16755737,58,2024-01-01 00:00:14,0.68863,0.10918,1394.56628,45.0,84.0
16755737,58,2024-01-01 00:00:21,0.84012,0.10734,915.0469,45.0,84.0
16755737,58,2024-01-01 00:00:18,0.46542,0.13593,0.01999,45.0,85.0
16755737,58,2024-01-01 00:00:25,0.58153,0.11366,0.01999,45.0,84.0
16755737,58,2024-01-01 00:00:37,0.93725,0.05539,0.01999,35.0,80.0
16755737,58,2024-01-01 00:00:31,0.9632,0.01918,0.01999,45.0,80.0
16755737,58,2024-01-01 00:00:27,0.91419,0.22527,1611.40028,35.0,80.0
16755737,58,2024-01-01 00:00:22,1.20788,0.10283,1069.80296,45.0,80.0
16755737,58,2024-01-01 00:00:32,0.99393,0.14225,99.40792,35.0,79.0
16755737,58,2024-01-01 00:00:18,0.82321,0.04246,3319.11732,45.0,78.0
16755737,58,2024-01-01 00:00:23,1.01627,0.08694,0.01999,35.0,82.0
16755737,58,2024-01-01 00:00:26,0.71346,0.13364,0.01999,35.0,79.0
16755737,58,2024-01-01 00:00:28,0.97279,-0.03422,0.01999,25.0,78.0
16755737,58,2024-01-01 00:00:24,0.80069,0.02023,0.01999,25.0,80.0
16755737,58,2024-01-01 00:00:27,1.10838,0.18231,0.01999,25.0,82.0
16755737,58,2024-01-01 00:00:34,0.17511,-0.18555,0.01999,45.0,79.0
16755737,58,2024-01-01 00:00:32,1.27671,0.18904,0.01999,45.0,79.0
16755737,58,2024-01-01 00:00:52,0.74278,0.19259,0.01999,35.0,79.0
16755737,58,2024-01-01 00:00:31,1.55939,0.31554,416.06013,25.0,78.0
16755737,58,2024-01-01 00:00:40,1.41755,-0.00589,0.01999,35.0,79.0
16755737,58,2024-01-01 00:00:47,1.45084,-0.08766,229.09004,35.0,77.0
16755737,58,2024-01-01 00:00:44,0.90399,0.09746,1155.52621,35.0,75.0
16755737,58,2024-01-01 00:00:30,0.77789,0.24514,1977.14887,35.0,80.0
16755737,58,2024-01-01 00:00:29,0.82597,0.26532,470.73925,45.0,78.0
16755737,58,2024-01-01 00:00:37,1.01742,0.3132,0.01999,25.0,79.0
16755737,58,2024-01-01 00:00:52,0.80001,0.09439,31.50625,45.0,77.0
16755737,58,2024-01-01 00:00:37,1.16427,0.21051,0.01999,35.0,81.0
16755737,58,2024-01-01 00:00:44,1.16144,0.07977,0.01999,35.0,76.0
16755737,58,2024-01-01 00:00:37,1.07822,0.25958,0.01999,35.0,77.0
16755737,58,2024-01-01 00:00:42,0.77059,0.17205,388.35171,25.0,75.0
16755737,58,2024-01-01 00:00:36,1.20927,-0.12847,4285.62636,45.0,73.0
16755737,58,2024-01-01 00:00:23,1.46499,0.13337,4222.28528,25.0,78.0
16755737,58,2024-01-01 00:00:30,0.99227,0.17877,1808.8813,35.0,75.0
16755737,58,2024-01-01 00:00:36,0.67839,0.0541,1971.8145,45.0,78.0
16755737,58,2024-01-01 00:00:30,0.92589,0.02437,2895.87773,35.0,77.0
16755737,58,2024-01-01 00:00:30,0.5954,0.23546,0.01999,35.0,78.0
16755737,58,2024-01-01 00:00:18,0.90524,0.11092,0.01999,35.0,76.0
16755737,58,2024-01-01 00:00:36,1.13976,0.1622,3844.77155,25.0,79.0
16755737,58,2024-01-01 00:00:42,0.90497,0.23344,0.01999,35.0,78.0
16755737,58,2024-01-01 00:00:20,1.2029,0.06017,0.01999,35.0,76.0
16755737,58,2024-01-01 00:00:30,0.77442,0.17129,1061.96063,35.0,76.0
16755737,58,2024-01-01 00:00:18,0.43744,0.19618,0.01999,35.0,77.0
16755737,58,2024-01-01 00:00:23,0.60207,0.16229,0.01999,35.0,81.0
16755737,58,2024-01-01 00:00:13,0.77873,0.10148,589.60521,35.0,78.0
16755737,58,2024-01-01 00:00:39,0.46287,0.19252,2225.16104,35.0,78.0
16755737,58,2024-01-01 00:00:22,0.49805,0.16005,0.01999,25.0,78.0
16755737,58,2024-01-01 00:00:30,1.06617,0.15185,2361.82268,25.0,78.0
16755737,58,2024-01-01 00:00:29,0.83576,0.21917,3303.32211,25.0,75.0
16755737,58,2024-01-01 00:00:19,0.69575,-0.01163,1804.29169,35.0,76.0
16755737,58,2024-01-01 00:00:23,0.76914,0.12799,0.01999,35.0,78.0
16755737,58,2024-01-01 00:00:04,0.262,0.01776,324.06313,25.0,81.0
16755737,58,2024-01-01 00:00:15,0.92202,0.07776,1936.62305,35.0,75.0
16755737,58,2024-01-01 00:00:16,0.74857,-0.03534,1382.83628,35.0,80.0
16755737,58,2024-01-01 00:00:14,0.40968,0.14997,1516.24932,25.0,78.0
16755737,58,2024-01-01 00:00:29,0.68534,0.19021,1284.91925,25.0,76.0
16755737,58,2024-01-01 00:00:14,1.16616,-0.00823,657.56054,25.0,74.0
16755737,58,2024-01-01 00:00:19,0.55771,0.14315,0.01999,25.0,77.0
16755737,58,2024-01-01 00:00:39,0.72427,0.18422,0.01999,25.0,79.0
16755737,58,2024-01-01 00:00:33,1.1833,0.1191,508.75822,25.0,78.0
16755737,58,2024-01-01 00:00:23,1.19523,0.23042,767.11627,25.0,77.0
16755737,58,2024-01-01 00:00:23,0.45385,0.21442,0.01999,35.0,77.0
16755737,58,2024-01-01 00:00:26,0.49069,0.09978,0.01999,35.0,77.0
16755737,58,2024-01-01 00:00:42,0.84053,0.3403,0.01999,25.0,78.0
16755737,58,2024-01-01 00:00:41,1.17342,0.11049,1525.92906,45.0,75.0
16755737,58,2024-01-01 00:00:26,1.02649,0.09095,488.53158,45.0,76.0
16755737,58,2024-01-01 00:00:28,1.29546,0.08713,73.00459,25.0,80.0
16755737,58,2024-01-01 00:00:47,0.56452,0.05527,0.01999,45.0,75.0
16755737,58,2024-01-01 00:00:44,1.55043,-0.04609,1284.91925,25.0,76.0
16755737,58,2024-01-01 00:00:35,1.32586,0.12929,0.01999,35.0,75.0
16755737,58,2024-01-01 00:00:37,1.35516,-0.06012,0.01999,25.0,78.0
16755737,58,2024-01-01 00:00:34,0.73497,0.12664,725.85311,35.0,73.0
16755737,58,2024-01-01 00:00:30,0.86356,0.12311,687.1829,45.0,78.0
16755737,58,2024-01-01 00:00:25,0.76873,0.0481,567.99463,35.0,79.0
16755737,58,2024-01-01 00:00:36,0.8229,0.06704,0.01999,25.0,79.0
16755737,58,2024-01-01 00:00:40,0.91742,0.25942,0.01999,35.0,77.0
16755737,58,2024-01-01 00:00:33,0.37417,-0.04065,1673.54674,35.0,80.0
16755737,58,2024-01-01 00:00:30,1.13757,0.09677,1515.75097,35.0,80.0
16755737,58,2024-01-01 00:00:21,0.92028,0.12864,1445.24266,25.0,79.0
16755737,58,2024-01-01 00:00:22,0.89537,0.07162,0.01999,45.0,81.0
16755737,58,2024-01-01 00:00:34,0.49451,0.36196,0.01999,45.0,79.0
16755737,58,2024-01-01 00:00:29,0.74719,0.10681,0.01999,35.0,80.0
16755737,58,2024-01-01 00:00:34,0.94104,-0.0542,1053.90178,45.0,78.0
16755737,58,2024-01-01 00:00:36,0.94427,0.12471,1293.40818,45.0,80.0
16755737,58,2024-01-01 00:00:31,0.69588,0.09058,0.01999,45.0,81.0
16755737,58,2024-01-01 00:00:40,1.08974,0.23144,0.01999,35.0,80.0
16755737,58,2024-01-01 00:00:38,0.66974,0.05428,388.50247,35.0,80.0
16755737,58,2024-01-01 00:00:34,0.782,0.06112,1483.66386,35.0,82.0
16755737,58,2024-01-01 00:00:38,1.2343,0.18392,0.01999,35.0,81.0
16755737,58,2024-01-01 00:00:25,0.66937,0.17484,32.59476,25.0,80.0
16755737,58,2024-01-01 00:00:20,1.19435,0.33799,0.01999,25.0,81.0
16755737,58,2024-01-01 00:00:32,1.21304,0.11566,472.20362,25.0,80.0
16755737,58,2024-01-01 00:00:38,0.97986,0.02128,861.98312,45.0,77.0
16755737,58,2024-01-01 00:00:48,1.28812,0.16551,0.01999,25.0,77.0
16755737,58,2024-01-01 00:00:33,0.81731,0.38199,0.01999,25.0,78.0
16755737,58,2024-01-01 00:00:48,1.05546,0.1021,247.25304,25.0,76.0
16755737,58,2024-01-01 00:00:58,0.79548,0.07761,282.87772,25.0,77.0
16755737,58,2024-01-01 00:00:39,1.33216,0.04389,0.01999,45.0,76.0
16755737,58,2024-01-01 00:00:46,0.9757,0.05315,0.01999,25.0,79.0
16755737,58,2024-01-01 00:00:43,0.68129,0.18202,0.01999,35.0,77.0
16755737,58,2024-01-01 00:00:33,0.76156,0.05703,371.2633,45.0,77.0
16755737,58,2024-01-01 00:00:34,1.43544,0.41396,0.01999,35.0,80.0
16755737,58,2024-01-01 00:00:23,0.87021,-0.00908,0.01999,45.0,79.0
16755737,58,2024-01-01 00:00:22,1.00625,0.32439,2766.67694,35.0,81.0
16755737,58,2024-01-01 00:00:36,0.68608,0.24522,0.01999,25.0,80.0
16755737,58,2024-01-01 00:00:35,1.13062,0.11696,0.01999,35.0,80.0
16755737,58,2024-01-01 00:00:31,1.14786,0.27621,0.01999,45.0,79.0
16755737,58,2024-01-01 00:00:35,1.39339,0.33322,0.01999,35.0,80.0
16755737,58,2024-01-01 00:00:30,1.52381,-0.13238,1073.95641,45.0,73.0
16755737,58,2024-01-01 00:00:40,0.88286,0.20795,1962.58503,35.0,80.0
16755737,58,2024-01-01 00:00:37,0.71131,-0.14175,1386.84927,35.0,77.0
16755737,58,2024-01-01 00:00:40,0.687,0.48904,1262.10552,35.0,80.0
16755737,58,2024-01-01 00:00:30,1.13804,0.17687,1408.04161,45.0,76.0
16755737,58,2024-01-01 00:00:35,1.10317,0.40989,0.01999,35.0,77.0
16755737,58,2024-01-01 00:00:20,1.17239,0.28507,2039.81935,35.0,79.0
16755737,58,2024-01-01 00:00:29,0.74307,0.28325,685.53407,45.0,82.0
16755737,58,2024-01-01 00:00:26,1.04899,0.05498,0.01999,45.0,80.0
16755737,58,2024-01-01 00:00:32,1.02476,0.06715,0.01999,25.0,80.0
16755737,58,2024-01-01 00:00:26,0.64028,0.07504,355.67379,25.0,79.0
16755737,58,2024-01-01 00:00:38,0.49948,0.31342,2388.06207,25.0,80.0
16755737,58,2024-01-01 00:00:36,0.63181,0.1698,0.01999,45.0,82.0
16755737,58,2024-01-01 00:00:23,0.96868,0.09198,2908.67587,35.0,80.0
16755737,58,2024-01-01 00:00:06,0.55845,0.3907,748.54449,25.0,78.0
16755737,58,2024-01-01 00:00:13,0.51248,0.19961,932.74503,35.0,77.0
16755737,58,2024-01-01 00:00:33,0.92612,0.13042,1773.70516,35.0,79.0
16755737,58,2024-01-01 00:00:31,0.50228,-0.02672,844.79807,35.0,80.0
16755737,58,2024-01-01 00:00:37,0.62028,0.08343,717.05678,25.0,79.0
16755737,58,2024-01-01 00:00:34,0.67301,0.01274,0.01999,35.0,80.0
16755737,58,2024-01-01 00:00:32,0.67463,0.13743,646.02246,45.0,79.0
16755737,58,2024-01-01 00:00:15,0.76437,0.1007,2865.37266,35.0,80.0
16755737,58,2024-01-01 00:00:27,0.80386,-0.0125,2963.30124,35.0,80.0
16755737,58,2024-01-01 00:00:12,0.92229,0.07485,0.01999,35.0,79.0
16755737,58,2024-01-01 00:00:34,1.11913,0.09482,0.01999,25.0,78.0
16755737,58,2024-01-01 00:00:30,1.28301,0.25229,1942.40281,25.0,76.0
16755737,58,2024-01-01 00:00:25,0.8106,0.12812,0.01999,45.0,76.0
16755737,58,2024-01-01 00:00:28,0.64583,0.21655,0.01999,25.0,76.0
16755737,58,2024-01-01 00:00:33,0.94105,0.18939,1654.88873,25.0,77.0
16755737,58,2024-01-01 00:00:33,0.71615,-0.12226,0.01999,25.0,76.0
16755737,58,2024-01-01 00:00:36,0.99558,0.09828,0.01999,25.0,75.0
16755737,58,2024-01-01 00:00:40,1.0366,0.15767,516.07291,25.0,75.0
16755737,58,2024-01-01 00:00:43,0.85822,0.10696,0.01999,25.0,75.0
16755737,58,2024-01-01 00:00:25,1.08577,0.26195,0.01999,25.0,76.0
16755737,58,2024-01-01 00:00:54,0.66477,0.07899,817.0697,25.0,72.0
16755737,58,2024-01-01 00:00:33,0.62214,0.30545,341.80181,35.0,73.0
11018436,0,2024-01-01 00:00:15,0.2744,0.5214,1130.23543,25.0,69.0
11018436,1,2024-01-01 00:00:29,1.08081,0.26342,1505.81136,25.0,63.0
11018436,2,2024-01-01 00:00:22,1.16289,0.11886,5351.97086,25.0,61.0
11018436,3,2024-01-01 00:00:26,0.70412,0.12628,5606.17249,25.0,63.0
11018436,4,2024-01-01 00:00:06,1.38886,0.16443,1554.48788,25.0,62.0
11018436,5,2024-01-01 00:00:27,0.23173,0.20289,0.01999,25.0,60.0
11018436,6,2024-01-01 00:00:43,1.05024,0.42699,0.01999,35.0,56.0
11018436,7,2024-01-01 00:00:25,1.53962,0.34051,0.01999,25.0,55.0
11018436,8,2024-01-01 00:00:20,1.75506,0.25044,1443.34844,25.0,55.0
11018436,9,2024-01-01 00:00:15,-0.05208,0.59163,666.26817,25.0,54.0
11018436,10,2024-01-01 00:00:31,0.51764,-0.18562,1390.38413,25.0,56.0
11018436,11,2024-01-01 00:00:29,0.88586,0.16435,943.35631,25.0,55.0
11018436,12,2024-01-01 00:00:31,0.9964,-0.07421,901.01949,35.0,55.0
11018436,13,2024-01-01 00:00:27,0.81188,0.47734,0.01999,25.0,53.0
11018436,14,2024-01-01 00:00:28,1.54164,0.43233,2230.74117,25.0,55.0
11018436,15,2024-01-01 00:00:31,0.56625,-0.11055,400.91082,25.0,44.0
11018436,16,2024-01-01 00:00:11,0.50503,0.39407,0.01999,25.0,44.0
11018436,17,2024-01-01 00:00:11,0.48516,0.10962,0.01999,25.0,44.0
11018436,18,2024-01-01 00:00:30,1.81245,0.25455,0.01999,25.0,42.0
11018436,19,2024-01-01 00:00:27,1.76903,0.47598,0.01999,25.0,36.0
11018436,20,2024-01-01 00:00:35,1.19476,0.02809,974.39826,25.0,36.0
11018436,21,2024-01-01 00:00:43,1.75263,0.04927,2263.43116,25.0,45.0
11018436,22,2024-01-01 00:00:43,1.27906,0.87104,2481.72164,25.0,40.0
11018436,23,2024-01-01 00:00:35,0.94288,0.7561,0.01999,25.0,38.0
11018436,24,2024-01-01 00:00:43,2.12028,0.29003,2890.6199,25.0,31.0
11018436,25,2024-01-01 00:00:36,1.63276,0.78106,608.26531,25.0,39.0
11018436,26,2024-01-01 00:00:36,2.21382,0.48134,0.01999,25.0,38.0
11018436,27,2024-01-01 00:00:27,0.94288,0.73499,0.01999,25.0,41.0
11018436,28,2024-01-01 00:00:29,2.21227,0.56172,1255.02212,25.0,46.0
11018436,29,2024-01-01 00:00:39,1.41741,1.27767,0.01999,25.0,41.0
11018436,30,2024-01-01 00:00:29,1.08785,1.60908,3889.92948,25.0,31.0
11018436,31,2024-01-01 00:00:44,1.5169,0.82171,0.01999,25.0,23.0
11018436,32,2024-01-01 00:00:21,1.17334,0.43232,0.01999,25.0,32.0
11018436,33,2024-01-01 00:00:15,0.82326,0.96005,1284.91925,25.0,27.0
11018436,34,2024-01-01 00:00:29,1.29321,0.62833,0.01999,25.0,32.0
11018436,35,2024-01-01 00:00:30,2.23799,0.53884,975.77983,25.0,28.0
11018436,36,2024-01-01 00:00:46,2.34005,0.69045,0.01999,25.0,20.0
11018436,37,2024-01-01 00:00:01,2.7915,-0.72787,0.01999,35.0,22.0
11018436,38,2024-01-01 00:00:23,2.19718,0.70188,912.51007,25.0,23.0
11018436,39,2024-01-01 00:00:31,2.45283,1.07554,289.96354,25.0,78.0
11018436,40,2024-01-01 00:00:47,1.79372,-0.13781,0.01999,25.0,49.0
11018436,41,2024-01-01 00:00:40,3.32805,0.34044,1216.20291,35.0,50.0
11018436,42,2024-01-01 00:00:31,1.24478,-0.25192,2042.92095,25.0,41.0
11018436,43,2024-01-01 00:00:39,2.24119,0.13588,0.01999,25.0,45.0
11018436,44,2024-01-01 00:00:58,0.43212,0.00367,2892.99447,35.0,50.0
11018436,45,2024-01-01 00:00:23,0.94288,0.21338,1719.30504,25.0,46.0
11018436,46,2024-01-01 00:00:23,1.8429,-0.05703,0.01999,25.0,49.0
11018436,47,2024-01-01 00:00:36,1.39016,0.93344,0.01999,25.0,49.0
11018436,48,2024-01-01 00:00:29,0.37099,0.22426,0.01999,25.0,39.0
11018436,49,2024-01-01 00:00:27,0.72431,-0.36574,0.01999,25.0,42.0
11018436,50,2024-01-01 00:00:26,1.99433,0.42807,100.74661,25.0,37.0
11018436,51,2024-01-01 00:00:49,2.11694,0.73815,0.01999,25.0,39.0
11018436,52,2024-01-01 00:00:50,2.21137,0.72413,223.41503,25.0,37.0
11018436,53,2024-01-01 00:00:47,0.2329,0.68143,1576.84415,25.0,48.0
11018436,54,2024-01-01 00:00:36,-0.34403,-0.07763,0.01999,25.0,34.0
11018436,55,2024-01-01 00:00:36,2.22661,0.6737,0.01999,25.0,40.0
11018436,56,2024-01-01 00:00:44,1.45801,-0.18293,904.80863,25.0,36.0
11018436,57,2024-01-01 00:00:36,2.46351,0.04759,1787.5726,25.0,30.0
11018436,58,2024-01-01 00:00:40,-0.36336,0.78406,0.01999,25.0,34.0
11018436,58,2024-01-01 00:00:53,0.81558,0.33075,1307.61959,25.0,31.0
11018436,58,2024-01-01 00:00:34,1.4419,0.04368,2528.04541,25.0,32.0
11018436,58,2024-01-01 00:00:16,0.92925,0.65854,1622.40505,25.0,33.0
11018436,58,2024-01-01 00:00:23,1.62075,0.105,58.76788,25.0,32.0
11018436,58,2024-01-01 00:00:30,1.54189,0.30497,315.24939,25.0,26.0
11018436,58,2024-01-01 00:00:19,1.95985,0.49667,0.01999,25.0,30.0
11018436,58,2024-01-01 00:00:34,-1.24363,0.77313,2171.19902,25.0,21.0
11018436,58,2024-01-01 00:00:29,2.36286,0.25848,1482.13699,25.0,24.0
11018436,58,2024-01-01 00:00:35,1.01912,-0.33418,5542.93631,25.0,24.0
11018436,58,2024-01-01 00:00:02,3.75551,0.67183,2976.86021,25.0,40.0
11018436,58,2024-01-01 00:00:30,1.36598,-0.40363,0.01999,25.0,20.0
11018436,58,2024-01-01 00:00:34,1.17098,1.08302,3673.46262,25.0,17.0
11018436,58,2024-01-01 00:00:12,2.39861,-0.29191,1062.2472,25.0,22.0
11018436,58,2024-01-01 00:00:28,1.51378,0.81145,760.20622,25.0,28.0
11018436,58,2024-01-01 00:00:00,4.24037,0.52397,0.01999,25.0,21.0
11018436,58,2024-01-01 00:00:27,0.94288,-0.21439,975.31455,25.0,28.0
11018436,58,2024-01-01 00:00:27,0.8259,1.00843,3084.1996,25.0,33.0
11018436,58,2024-01-01 00:00:06,1.16757,-0.01823,554.99403,25.0,22.0
11018436,58,2024-01-01 00:00:20,1.01782,-0.19736,2196.06381,25.0,27.0
11018436,58,2024-01-01 00:00:14,1.70874,-0.22644,315.18256,25.0,26.0
11018436,58,2024-01-01 00:00:24,1.41171,1.12919,0.01999,25.0,32.0
11018436,58,2024-01-01 00:00:20,2.51862,0.43558,0.01999,25.0,20.0
11018436,58,2024-01-01 00:00:29,2.98126,2.10289,1598.46786,25.0,19.0
11018436,58,2024-01-01 00:00:33,1.15918,0.13954,1284.91925,25.0,21.0
11018436,58,2024-01-01 00:00:26,3.04848,-0.95492,34.78868,25.0,27.0
11018436,58,2024-01-01 00:00:42,0.94288,0.69408,0.01999,25.0,21.0
11018436,58,2024-01-01 00:00:27,2.32718,-0.07333,1268.25326,25.0,20.0
11018436,58,2024-01-01 00:00:24,1.65038,-0.03863,0.01999,35.0,24.0
11018436,58,2024-01-01 00:00:14,2.8024,1.43532,0.01999,25.0,20.0
11018436,58,2024-01-01 00:00:28,0.94288,0.30526,915.15446,25.0,28.0
11018436,58,2024-01-01 00:00:29,3.84333,0.3864,1693.56288,25.0,38.0
11018436,58,2024-01-01 00:00:22,3.14785,0.64441,4194.69652,25.0,39.0
11018436,58,2024-01-01 00:00:23,0.4293,-0.22681,1898.95999,25.0,36.0
11018436,58,2024-01-01 00:00:18,1.17365,0.55912,8540.70334,25.0,22.0
11018436,58,2024-01-01 00:00:29,2.92054,0.15203,5443.77496,25.0,23.0
11018436,58,2024-01-01 00:00:17,2.03167,-0.10332,1492.29936,25.0,21.0
11018436,58,2024-01-01 00:00:15,0.16368,-0.10989,2737.63634,25.0,32.0
11018436,58,2024-01-01 00:00:01,1.23198,-0.75548,0.01999,25.0,21.0
11018436,58,2024-01-01 00:00:29,1.99951,0.37996,2879.72977,25.0,24.0
11018436,58,2024-01-01 00:00:35,0.84448,0.92604,1926.5364,25.0,27.0
11018436,58,2024-01-01 00:00:08,1.56287,-0.51042,4055.00624,25.0,31.0
11018436,58,2024-01-01 00:00:27,1.3129,0.31636,1550.34548,25.0,25.0
11018436,58,2024-01-01 00:00:32,3.03407,0.85056,0.01999,25.0,78.0
11018436,58,2024-01-01 00:00:24,1.79082,0.79348,9.79245,25.0,46.0
11018436,58,2024-01-01 00:00:25,1.41238,-0.44858,0.01999,25.0,37.0
11018436,58,2024-01-01 00:00:34,2.08665,-0.09345,0.01999,25.0,38.0
11018436,58,2024-01-01 00:00:50,1.17836,-0.02408,0.01999,25.0,43.0
11018436,58,2024-01-01 00:00:18,2.36614,1.57437,334.36705,25.0,35.0
11018436,58,2024-01-01 00:00:33,0.82287,-0.07945,2522.96052,25.0,40.0
11018436,58,2024-01-01 00:00:39,0.45167,0.61546,5274.26265,25.0,39.0
11018436,58,2024-01-01 00:00:21,2.05895,0.31892,0.01999,25.0,32.0
11018436,58,2024-01-01 00:00:27,2.03822,0.21411,0.01999,25.0,40.0
11018436,58,2024-01-01 00:00:30,1.3414,-0.38829,5584.99265,25.0,33.0
11018436,58,2024-01-01 00:00:21,2.64251,0.23761,5511.85941,25.0,28.0
11018436,58,2024-01-01 00:00:24,2.9358,1.07247,4728.7642,25.0,30.0
11018436,58,2024-01-01 00:00:04,1.44039,-0.01211,0.01999,25.0,38.0
11018436,58,2024-01-01 00:00:22,1.11919,0.06374,3409.73154,25.0,29.0
11018436,58,2024-01-01 00:00:14,1.63668,-0.21094,3174.40129,25.0,30.0
11018436,58,2024-01-01 00:00:37,1.25533,0.48569,2711.52978,25.0,29.0
11018436,58,2024-01-01 00:00:20,2.38798,0.28265,0.01999,25.0,27.0
11018436,58,2024-01-01 00:00:36,1.21416,-0.24353,176.70945,25.0,35.0
11018436,58,2024-01-01 00:00:29,0.94288,0.40317,1607.94569,25.0,37.0
11018436,58,2024-01-01 00:00:33,1.59354,0.15559,2883.84747,35.0,38.0
11018436,58,2024-01-01 00:00:18,3.27838,0.20829,381.18272,25.0,31.0
11018436,58,2024-01-01 00:00:24,1.4171,-0.39851,0.01999,25.0,30.0
11018436,58,2024-01-01 00:00:33,2.44479,0.31578,347.67055,25.0,31.0
11018436,58,2024-01-01 00:00:42,-1.34578,0.4105,1284.91925,25.0,33.0
11018436,58,2024-01-01 00:00:02,1.56628,0.02458,8542.18118,25.0,37.0
11018436,58,2024-01-01 00:00:15,0.45552,-0.11339,0.01999,25.0,28.0
11018436,58,2024-01-01 00:00:17,0.35347,-0.34392,3889.03777,25.0,35.0
11018436,58,2024-01-01 00:00:11,1.28437,0.40707,1210.73371,25.0,28.0
11018436,58,2024-01-01 00:00:22,-0.71737,0.12459,0.01999,25.0,78.0
11018436,58,2024-01-01 00:00:00,0.58273,0.38934,0.01999,25.0,48.0
11018436,58,2024-01-01 00:00:27,1.61663,0.55708,1073.60391,25.0,46.0
11018436,58,2024-01-01 00:00:26,1.70455,-0.06596,776.76672,25.0,43.0
11018436,58,2024-01-01 00:00:34,0.95214,0.45273,0.01999,25.0,43.0
11018436,58,2024-01-01 00:00:43,1.83146,0.39659,0.01999,25.0,43.0
11018436,58,2024-01-01 00:00:30,0.94288,0.13954,1305.65566,25.0,45.0
11018436,58,2024-01-01 00:00:31,1.0095,-0.07706,1037.59274,25.0,41.0
11018436,58,2024-01-01 00:00:26,1.88787,0.43045,0.01999,25.0,39.0
11018436,58,2024-01-01 00:00:42,1.75378,-0.62176,0.01999,25.0,33.0
11018436,58,2024-01-01 00:00:35,0.94288,0.12681,0.01999,25.0,41.0
11018436,58,2024-01-01 00:00:23,1.24148,0.36569,0.01999,25.0,39.0
11018436,58,2024-01-01 00:00:21,1.24756,-0.08551,1533.02574,25.0,35.0
11018436,58,2024-01-01 00:00:31,1.25508,0.55929,1063.86275,25.0,38.0
11018436,58,2024-01-01 00:00:35,0.70248,0.23713,1021.60641,25.0,34.0
11018436,58,2024-01-01 00:00:42,1.29272,0.9696,4441.35914,25.0,78.0
11018436,58,2024-01-01 00:00:02,1.60943,0.12476,242.19275,25.0,55.0
11018436,58,2024-01-01 00:00:20,1.13471,0.69915,0.01999,25.0,53.0
11018436,58,2024-01-01 00:00:36,0.81526,0.68716,2180.35455,25.0,49.0
11018436,58,2024-01-01 00:00:35,0.94288,0.2421,0.01999,25.0,52.0
11018436,58,2024-01-01 00:00:24,0.66846,0.2973,0.01999,25.0,49.0
11018436,58,2024-01-01 00:00:38,1.03085,-0.00329,1142.69966,25.0,43.0
11018436,58,2024-01-01 00:00:52,1.95866,0.32244,0.01999,25.0,45.0
11018436,58,2024-01-01 00:00:37,1.13632,-0.11034,697.77974,25.0,41.0
11018436,58,2024-01-01 00:00:04,1.87676,0.27183,1745.75818,25.0,38.0
11018436,58,2024-01-01 00:00:15,2.42026,0.3161,1166.31552,25.0,37.0
11018436,58,2024-01-01 00:00:25,1.99433,0.74388,1344.88345,25.0,25.0
11018436,58,2024-01-01 00:00:30,0.76429,-0.29758,4459.4437,25.0,34.0
11018436,58,2024-01-01 00:00:19,1.8272,0.72633,0.01999,25.0,32.0
11018436,58,2024-01-01 00:00:29,2.5867,1.143,2100.00963,25.0,43.0
11018436,58,2024-01-01 00:00:24,2.72329,0.5936,1833.09178,25.0,43.0
11018436,58,2024-01-01 00:00:45,0.19679,0.79641,1331.56403,25.0,38.0
11018436,58,2024-01-01 00:00:17,0.70105,0.53074,1858.58144,25.0,45.0
11018436,58,2024-01-01 00:00:32,1.01246,1.01658,2026.532,25.0,38.0
11018436,58,2024-01-01 00:00:34,2.92802,0.81264,835.2612,25.0,33.0
11018436,58,2024-01-01 00:00:34,0.18911,0.6729,608.13015,25.0,37.0
11018436,58,2024-01-01 00:00:00,0.84179,0.47078,0.01999,25.0,37.0
11018436,58,2024-01-01 00:00:20,1.50948,-0.42849,0.01999,25.0,29.0
11018436,58,2024-01-01 00:00:25,0.77472,0.81841,2488.91616,25.0,32.0
11018436,58,2024-01-01 00:00:07,0.92287,0.53515,79.52276,25.0,33.0
11018436,58,2024-01-01 00:00:15,0.59072,1.25075,0.01999,25.0,21.0
11018436,58,2024-01-01 00:00:43,-0.08003,1.11919,0.01999,35.0,14.0
11018436,58,2024-01-01 00:00:45,1.34571,0.63517,0.01999,25.0,31.0
11018436,58,2024-01-01 00:00:19,1.82321,0.13954,0.01999,25.0,29.0
11018436,58,2024-01-01 00:00:29,2.91452,0.58953,0.01999,25.0,22.0
11018436,58,2024-01-01 00:00:35,1.08543,0.51704,1772.00955,25.0,29.0
11018436,58,2024-01-01 00:00:26,2.04047,0.49333,0.01999,25.0,27.0
11018436,58,2024-01-01 00:00:18,0.7512,1.6618,0.01999,25.0,22.0
11018436,58,2024-01-01 00:00:24,0.94288,1.40645,3523.49507,25.0,32.0
11018436,58,2024-01-01 00:00:05,-0.25847,-0.61322,0.01999,25.0,19.0
11018436,58,2024-01-01 00:00:07,-0.01601,0.8475,2156.06345,25.0,28.0
11018436,58,2024-01-01 00:00:14,0.80713,0.08392,0.01999,25.0,23.0
11018436,58,2024-01-01 00:00:15,0.15884,0.28072,2069.45164,25.0,78.0
11018436,58,2024-01-01 00:00:22,1.86835,0.17466,1907.00333,25.0,51.0
11018436,58,2024-01-01 00:00:30,2.12245,0.24486,2216.88803,25.0,47.0
11018436,58,2024-01-01 00:00:36,0.11996,0.56998,1809.17598,25.0,44.0
11018436,58,2024-01-01 00:00:14,0.43197,0.48061,1415.96553,25.0,45.0
11018436,58,2024-01-01 00:00:27,2.09082,0.63556,8.94511,25.0,45.0
11018436,58,2024-01-01 00:00:34,0.73724,-0.01267,1795.99562,25.0,39.0
11018436,58,2024-01-01 00:00:19,1.36762,-0.48478,2076.04305,25.0,39.0
11018436,58,2024-01-01 00:00:30,-0.08231,0.29666,2278.2124,25.0,35.0
11018436,58,2024-01-01 00:00:28,0.98158,-0.08019,1743.83973,25.0,32.0
11018436,58,2024-01-01 00:00:31,1.72807,0.26808,343.5353,25.0,40.0
11018436,58,2024-01-01 00:00:10,0.99745,-0.06037,0.01999,25.0,40.0
11018436,58,2024-01-01 00:00:17,2.25162,0.64178,0.01999,25.0,35.0
11018436,58,2024-01-01 00:00:37,2.61333,-0.24056,3483.24816,35.0,34.0
11018436,58,2024-01-01 00:00:40,0.85833,0.16834,520.97256,25.0,30.0
11018436,58,2024-01-01 00:00:21,0.7594,0.20035,692.44486,25.0,39.0
11018436,58,2024-01-01 00:00:32,1.05572,-0.31231,1171.5314,25.0,34.0
11018436,58,2024-01-01 00:00:43,2.17165,0.55348,2494.2632,25.0,45.0
11018436,58,2024-01-01 00:00:24,1.20072,0.33709,197.36148,25.0,35.0
11018436,58,2024-01-01 00:00:19,0.81315,0.23794,1384.87336,45.0,38.0
11018436,58,2024-01-01 00:00:26,1.70273,-0.03216,5668.8012,25.0,33.0
11018436,58,2024-01-01 00:00:12,0.94288,0.39892,8.25446,25.0,34.0
11018436,58,2024-01-01 00:00:14,1.18213,0.54385,1494.38319,25.0,39.0
11018436,58,2024-01-01 00:00:20,1.76155,0.92796,3857.91649,25.0,34.0
11018436,58,2024-01-01 00:00:26,1.32563,0.69152,1560.45353,25.0,30.0
11018436,58,2024-01-01 00:00:31,2.83275,0.95359,1440.81936,25.0,31.0
11018436,58,2024-01-01 00:00:29,2.08036,-0.11047,0.01999,25.0,26.0
11018436,58,2024-01-01 00:00:19,2.52948,0.80426,0.01999,25.0,35.0
11018436,58,2024-01-01 00:00:40,2.7783,1.90411,2608.54527,25.0,25.0
11018436,58,2024-01-01 00:00:23,0.94288,0.45993,0.01999,25.0,24.0
11018436,58,2024-01-01 00:00:26,1.20653,1.06175,0.01999,25.0,78.0
11018436,58,2024-01-01 00:00:23,1.34762,0.0929,0.01999,25.0,51.0
11018436,58,2024-01-01 00:00:35,1.49033,1.02227,1958.01432,25.0,49.0
11018436,58,2024-01-01 00:00:36,1.8742,-0.37065,0.01999,25.0,41.0
11018436,58,2024-01-01 00:00:48,1.73229,0.0885,1040.48582,25.0,43.0
11018436,58,2024-01-01 00:00:40,2.05382,0.42668,0.01999,25.0,41.0
11018436,58,2024-01-01 00:00:29,-0.16129,0.55562,190.20223,25.0,36.0
11018436,58,2024-01-01 00:00:27,0.40049,-0.50237,584.06741,25.0,40.0
11018436,58,2024-01-01 00:00:34,1.13892,0.56677,0.01999,25.0,34.0
11018436,58,2024-01-01 00:00:21,1.95908,0.07557,2995.65305,25.0,33.0
11018436,58,2024-01-01 00:00:29,2.58274,0.40141,0.01999,25.0,32.0
11018436,58,2024-01-01 00:00:33,1.1001,0.13954,0.01999,25.0,31.0
11018436,58,2024-01-01 00:00:33,1.36424,-0.12714,2319.90206,25.0,30.0
11018436,58,2024-01-01 00:00:23,-0.03066,0.80012,0.01999,25.0,34.0
11018436,58,2024-01-01 00:00:19,1.68968,0.32073,0.01999,25.0,31.0
11018436,58,2024-01-01 00:00:30,0.63262,0.61815,4702.43309,25.0,28.0
11018436,58,2024-01-01 00:00:25,0.85232,0.11544,3028.74007,25.0,24.0
11018436,58,2024-01-01 00:00:10,1.34811,-0.34179,1695.60707,25.0,24.0
11018436,58,2024-01-01 00:00:00,0.94288,0.19577,3536.54589,25.0,24.0
11018436,58,2024-01-01 00:00:29,2.66142,0.24908,1413.50217,25.0,78.0
11018436,58,2024-01-01 00:00:33,1.59744,0.04868,443.6863,25.0,47.0
11018436,58,2024-01-01 00:00:29,1.35248,0.41614,0.01999,25.0,39.0
11018436,58,2024-01-01 00:00:28,1.08152,0.78194,0.01999,25.0,37.0
11018436,58,2024-01-01 00:00:20,1.81584,0.49565,1284.91925,35.0,39.0
11018436,58,2024-01-01 00:00:38,0.78044,0.37191,0.01999,25.0,33.0
11018436,58,2024-01-01 00:00:24,3.04203,0.40669,1849.35322,25.0,36.0
11018436,58,2024-01-01 00:00:15,2.08806,-0.33556,0.01999,25.0,36.0
11018436,58,2024-01-01 00:00:46,1.5963,2.05467,3431.45723,25.0,33.0
11018436,58,2024-01-01 00:00:41,0.7878,0.62223,0.01999,25.0,22.0
11018436,58,2024-01-01 00:00:34,1.23525,1.18841,1730.8305,25.0,24.0
11018436,58,2024-01-01 00:00:31,3.05983,1.41171,0.01999,25.0,21.0
11018436,58,2024-01-01 00:00:39,0.94288,0.45608,352.24804,35.0,22.0
11018436,58,2024-01-01 00:00:13,0.94288,0.64261,0.01999,25.0,34.0
11018436,58,2024-01-01 00:00:21,1.08934,0.28625,0.01999,25.0,20.0
11018436,58,2024-01-01 00:00:30,1.19883,-0.92123,288.12868,25.0,35.0
11018436,58,2024-01-01 00:00:49,1.86445,0.2534,1284.91925,25.0,28.0
11018436,58,2024-01-01 00:00:33,0.14617,1.59521,0.01999,25.0,31.0
11018436,58,2024-01-01 00:00:57,1.36435,0.66833,1341.90108,25.0,34.0
11018436,58,2024-01-01 00:00:34,0.66605,1.34625,1821.82532,25.0,38.0
11018436,58,2024-01-01 00:00:43,0.94288,0.30234,1130.17369,25.0,31.0
11018436,58,2024-01-01 00:00:23,1.56655,0.73152,4497.6584,25.0,36.0
11018436,58,2024-01-01 00:00:38,-0.1847,0.21072,2593.74416,25.0,32.0
11018436,58,2024-01-01 00:00:30,2.80737,0.13383,1602.85131,25.0,31.0
11018436,58,2024-01-01 00:00:38,1.64506,0.74097,1196.27607,25.0,37.0
11018436,58,2024-01-01 00:00:42,1.29822,0.72772,1760.30573,25.0,36.0
11018436,58,2024-01-01 00:00:44,0.52928,-1.04202,0.01999,25.0,41.0
11018436,58,2024-01-01 00:00:33,1.40748,0.46653,272.71815,25.0,42.0
11018436,58,2024-01-01 00:00:28,1.52096,0.55965,0.01999,25.0,45.0
11018436,58,2024-01-01 00:00:27,1.35656,0.6939,808.72229,25.0,41.0
11018436,58,2024-01-01 00:00:35,1.83477,-0.2336,4054.6624,25.0,35.0
11018436,58,2024-01-01 00:00:16,2.31044,0.38679,1284.91925,25.0,35.0
11018436,58,2024-01-01 00:00:23,0.74222,0.72812,1558.67975,25.0,22.0
11018436,58,2024-01-01 00:00:22,1.39521,0.67184,1672.51244,25.0,29.0
11018436,58,2024-01-01 00:00:23,2.22651,-0.10483,3005.27737,25.0,29.0
11018436,58,2024-01-01 00:00:19,0.94288,0.02713,720.10895,25.0,29.0
11018436,58,2024-01-01 00:00:25,1.21376,0.07673,736.53777,25.0,28.0
11018436,58,2024-01-01 00:00:23,-1.38326,-0.53865,533.15092,25.0,21.0
11018436,58,2024-01-01 00:00:02,0.29683,0.00178,4686.37257,25.0,24.0
11018436,58,2024-01-01 00:00:18,-0.22878,0.46279,8424.85357,25.0,78.0
11018436,58,2024-01-01 00:00:08,1.01886,0.09628,5134.67875,25.0,59.0
11018436,58,2024-01-01 00:00:14,0.73369,0.12373,4468.4689,25.0,57.0
11018436,58,2024-01-01 00:00:12,0.73572,0.14636,2334.42756,35.0,57.0
11018436,58,2024-01-01 00:00:13,1.28005,-0.17556,1421.37314,25.0,55.0
11018436,58,2024-01-01 00:00:08,1.09577,0.33999,0.01999,25.0,59.0
11018436,58,2024-01-01 00:00:07,0.28307,0.53857,0.01999,35.0,57.0
11018436,58,2024-01-01 00:00:17,0.66635,0.26528,1864.1444,35.0,51.0
11018436,58,2024-01-01 00:00:28,1.14642,0.10506,1878.9262,25.0,53.0
11018436,58,2024-01-01 00:00:17,1.432,0.05663,188.30026,25.0,49.0
11018436,58,2024-01-01 00:00:31,0.44762,0.30904,2755.48066,25.0,45.0
11018436,58,2024-01-01 00:00:08,1.94702,-0.03406,2511.87962,25.0,47.0
11018436,58,2024-01-01 00:00:25,1.25932,0.15133,1282.37206,25.0,45.0
11018436,58,2024-01-01 00:00:22,1.1532,0.32562,151.5348,25.0,50.0
11018436,58,2024-01-01 00:00:25,0.58263,0.5603,1837.86425,25.0,38.0
11018436,58,2024-01-01 00:00:19,1.35197,0.41185,0.01999,25.0,37.0
11018436,58,2024-01-01 00:00:11,2.21073,-0.20845,0.01999,25.0,35.0
11018436,58,2024-01-01 00:00:22,0.56183,0.92339,0.01999,25.0,37.0
11018436,58,2024-01-01 00:00:32,0.83294,-0.23965,0.01999,25.0,41.0
11018436,58,2024-01-01 00:00:30,0.08711,0.20858,0.01999,25.0,37.0
11018436,58,2024-01-01 00:00:16,2.67833,0.03474,0.01999,25.0,38.0
11018436,58,2024-01-01 00:00:18,1.88417,-0.94669,0.01999,25.0,42.0
11018436,58,2024-01-01 00:00:37,1.69468,0.68524,0.01999,25.0,35.0
11018436,58,2024-01-01 00:00:29,1.30712,0.49065,249.36406,25.0,45.0
11018436,58,2024-01-01 00:00:35,1.35622,0.95243,1102.1046,25.0,36.0
11018436,58,2024-01-01 00:00:36,1.1486,0.56034,2450.57122,25.0,42.0
11018436,58,2024-01-01 00:00:37,0.94288,0.72621,0.01999,45.0,33.0
11018436,58,2024-01-01 00:00:45,1.91275,0.21549,0.01999,25.0,29.0
11018436,58,2024-01-01 00:00:33,1.0001,-0.30944,0.01999,35.0,36.0
11018436,58,2024-01-01 00:00:28,1.80736,-0.39773,0.01999,25.0,30.0
11018436,58,2024-01-01 00:00:40,1.60513,1.03305,1188.88633,25.0,29.0
11018436,58,2024-01-01 00:00:25,0.24875,0.40693,0.01999,25.0,31.0
11018436,58,2024-01-01 00:00:35,3.57417,-0.19985,403.76094,25.0,25.0
11018436,58,2024-01-01 00:00:20,1.10319,0.53482,0.01999,25.0,33.0
11018436,58,2024-01-01 00:00:32,0.60989,-0.69624,158.05826,25.0,26.0
11018436,58,2024-01-01 00:00:23,1.54155,0.37694,61.80803,25.0,20.0
11018436,58,2024-01-01 00:00:30,0.80061,1.15084,1290.05678,25.0,26.0
11018436,58,2024-01-01 00:00:21,1.54263,0.13954,2336.94304,25.0,23.0
11018436,58,2024-01-01 00:00:20,1.23308,1.4951,0.01999,25.0,26.0
11018436,58,2024-01-01 00:00:33,1.66284,0.43635,1072.89908,25.0,25.0
11018436,58,2024-01-01 00:00:31,0.54508,-0.33758,3447.68168,25.0,11.0
11018436,58,2024-01-01 00:00:27,0.9592,-0.12572,4169.30001,25.0,29.0
11018436,58,2024-01-01 00:00:13,2.07227,0.44424,0.01999,25.0,30.0
11018436,58,2024-01-01 00:00:14,1.19822,0.66961,272.37403,25.0,13.0
11018436,58,2024-01-01 00:00:08,2.6631,1.24331,0.01999,25.0,29.0
11018436,58,2024-01-01 00:00:30,2.39263,0.85629,88.39256,25.0,43.0
11018436,58,2024-01-01 00:00:26,2.91751,0.72825,3359.63697,25.0,15.0
11018436,58,2024-01-01 00:00:21,3.57193,0.43401,0.01999,25.0,29.0
11018436,58,2024-01-01 00:00:47,4.06052,0.16085,5616.32612,25.0,29.0
11018436,58,2024-01-01 00:00:17,1.12127,-0.10001,1284.91925,25.0,78.0
11018436,58,2024-01-01 00:00:39,2.65956,0.21795,2609.97409,25.0,50.0
11018436,58,2024-01-01 00:00:55,2.38517,0.64249,0.01999,25.0,44.0
11018436,58,2024-01-01 00:00:35,2.41138,0.32401,2095.75491,25.0,47.0
11018436,58,2024-01-01 00:00:54,1.73761,0.04305,899.97716,25.0,39.0
11018436,58,2024-01-01 00:00:58,2.22839,0.6956,0.01999,25.0,46.0
11018436,58,2024-01-01 00:00:36,1.19719,1.16836,169.00549,25.0,43.0
11018436,58,2024-01-01 00:00:49,1.62572,0.90498,3557.67375,25.0,32.0
11018436,58,2024-01-01 00:00:39,1.45427,-0.10564,1908.71631,25.0,31.0
11018436,58,2024-01-01 00:00:29,1.49823,0.62782,2925.86631,25.0,32.0
11018436,58,2024-01-01 00:00:34,3.63312,0.48573,747.07278,25.0,35.0
11018436,58,2024-01-01 00:00:41,2.05972,0.58857,0.01999,25.0,36.0
11018436,58,2024-01-01 00:00:39,0.18589,-0.30418,31.68922,25.0,37.0
11018436,58,2024-01-01 00:00:42,0.29085,-0.13932,0.01999,25.0,21.0
11018436,58,2024-01-01 00:00:29,2.14627,0.3306,0.01999,25.0,33.0
11018436,58,2024-01-01 00:00:39,1.18884,-0.19212,0.01999,25.0,29.0
11018436,58,2024-01-01 00:00:19,2.6412,1.33329,1284.91925,25.0,34.0
11018436,58,2024-01-01 00:00:26,2.65769,1.14153,2879.1442,25.0,28.0
11018436,58,2024-01-01 00:00:29,-0.33556,0.22323,0.01999,25.0,78.0
11018436,58,2024-01-01 00:00:35,2.51118,0.52331,0.01999,25.0,46.0
11018436,58,2024-01-01 00:00:30,1.5001,-0.71531,0.01999,25.0,44.0
11018436,58,2024-01-01 00:00:36,1.86549,1.00402,1615.12207,25.0,36.0
11018436,58,2024-01-01 00:00:45,0.38974,0.72227,0.01999,25.0,37.0
11018436,58,2024-01-01 00:00:34,0.94288,0.50223,0.01999,25.0,78.0
11018436,58,2024-01-01 00:00:36,0.95457,0.64622,0.01999,25.0,57.0
11018436,58,2024-01-01 00:00:26,0.9896,0.57015,0.01999,35.0,58.0
11018436,58,2024-01-01 00:00:34,1.15466,0.52021,0.01999,25.0,53.0
11018436,58,2024-01-01 00:00:36,2.04841,-0.1863,470.55879,25.0,47.0
11018436,58,2024-01-01 00:00:40,2.35604,0.68328,521.39989,25.0,44.0
11018436,58,2024-01-01 00:00:52,1.99941,0.18191,0.01999,25.0,44.0
11018436,58,2024-01-01 00:00:30,2.81558,0.73665,0.01999,25.0,48.0
11018436,58,2024-01-01 00:00:48,1.59045,-0.12382,0.01999,25.0,45.0
11018436,58,2024-01-01 00:00:42,1.34803,-0.04098,0.01999,25.0,45.0
11018436,58,2024-01-01 00:00:42,2.40685,0.34235,3127.42558,25.0,51.0
11018436,58,2024-01-01 00:00:30,1.83087,0.57052,0.01999,25.0,39.0
11018436,58,2024-01-01 00:00:37,2.37617,-0.37589,2949.17361,25.0,39.0
11018436,58,2024-01-01 00:00:35,1.44355,-0.16905,1388.95136,25.0,38.0
11018436,58,2024-01-01 00:00:18,1.75817,-0.05909,0.01999,25.0,31.0
11018436,58,2024-01-01 00:00:11,2.80324,0.70203,1889.72351,25.0,35.0
11018436,58,2024-01-01 00:00:26,1.25759,0.52211,0.01999,25.0,27.0
11018436,58,2024-01-01 00:00:37,0.94288,1.11251,0.01999,25.0,33.0
11018436,58,2024-01-01 00:00:36,1.75016,-0.32021,0.01999,25.0,41.0
11018436,58,2024-01-01 00:00:34,0.51839,-1.33153,0.01999,25.0,31.0
11018436,58,2024-01-01 00:00:33,2.08891,0.64208,0.01999,25.0,41.0
11018436,58,2024-01-01 00:00:33,1.75098,0.1438,3744.72108,25.0,38.0
11018436,58,2024-01-01 00:00:30,2.92376,-0.35032,146.82466,25.0,41.0
11018436,58,2024-01-01 00:00:19,2.63202,0.74363,3099.22211,25.0,37.0
11018436,58,2024-01-01 00:00:41,3.44099,0.87999,3065.22982,25.0,38.0
11018436,58,2024-01-01 00:00:15,2.17061,-0.00276,0.01999,25.0,34.0
11018436,58,2024-01-01 00:00:47,1.42116,1.02853,0.01999,25.0,34.0
11018436,58,2024-01-01 00:00:40,0.47064,2.29074,0.01999,25.0,27.0
11018436,58,2024-01-01 00:00:35,-0.30919,0.79368,1743.93864,25.0,40.0
11018436,58,2024-01-01 00:00:40,0.15143,1.02798,1014.35721,25.0,30.0
11018436,58,2024-01-01 00:00:19,-0.31673,1.43979,331.06299,25.0,22.0
11018436,58,2024-01-01 00:00:31,1.22046,0.05011,785.34026,25.0,27.0
11018436,58,2024-01-01 00:00:08,0.90191,-0.57698,518.20709,25.0,24.0
11018436,58,2024-01-01 00:00:04,-0.45189,-0.10136,3624.04663,25.0,24.0
11018436,58,2024-01-01 00:00:02,-0.07602,-0.54707,8367.16671,25.0,24.0
11018436,58,2024-01-01 00:00:09,0.19531,0.02472,5546.73784,25.0,20.0
11018436,58,2024-01-01 00:00:07,0.72485,-0.24087,0.01999,25.0,19.0
11018436,58,2024-01-01 00:00:07,1.62425,0.62829,346.10016,25.0,26.0
11018436,58,2024-01-01 00:00:06,1.49342,0.67701,0.01999,25.0,32.0
11018436,58,2024-01-01 00:00:19,1.14465,-0.27921,2503.15361,25.0,18.0
11018436,58,2024-01-01 00:00:22,1.58042,0.05161,2027.99174,25.0,21.0
11018436,58,2024-01-01 00:00:16,2.18178,1.69333,438.46727,25.0,19.0
11018436,58,2024-01-01 00:00:25,0.36677,0.41961,716.24123,25.0,16.0
11018436,58,2024-01-01 00:00:11,0.61275,1.30535,5924.83974,25.0,23.0
11018436,58,2024-01-01 00:00:11,2.03855,0.52004,0.01999,25.0,27.0
11018436,58,2024-01-01 00:00:29,2.96254,0.81468,1284.66645,25.0,29.0
11018436,58,2024-01-01 00:00:28,0.94288,-0.40122,1458.35317,25.0,16.0
11018436,58,2024-01-01 00:00:14,1.4954,1.40374,0.54288,25.0,21.0
11018436,58,2024-01-01 00:00:14,-0.10156,1.406,3800.86625,25.0,16.0
11018436,58,2024-01-01 00:00:29,-0.33564,-1.01386,0.01999,25.0,7.0
11018436,58,2024-01-01 00:00:30,2.70086,1.16894,0.01999,25.0,11.0
11018436,58,2024-01-01 00:00:27,3.18448,-0.38795,2082.17125,25.0,36.0
11018436,58,2024-01-01 00:00:09,3.03815,-0.26163,3903.76563,25.0,19.0
11018436,58,2024-01-01 00:00:30,0.94288,0.43807,0.01999,25.0,26.0
11018436,58,2024-01-01 00:00:41,2.09181,0.07223,897.33957,25.0,25.0
11018436,58,2024-01-01 00:00:53,1.02551,0.83949,214.26451,25.0,21.0
11018436,58,2024-01-01 00:00:24,1.87284,1.17186,0.01999,25.0,23.0
11018436,58,2024-01-01 00:00:22,2.16037,0.7737,1103.27749,25.0,22.0
11018436,58,2024-01-01 00:00:12,0.89983,-0.62765,0.01999,25.0,27.0
11018436,58,2024-01-01 00:00:22,3.0221,-0.06385,111.50753,25.0,25.0
11018436,58,2024-01-01 00:00:42,2.56574,-1.0559,1973.81482,25.0,32.0
11018436,58,2024-01-01 00:00:43,0.91905,0.88235,968.76422,25.0,29.0
11018436,58,2024-01-01 00:00:33,1.12355,0.39824,0.01999,25.0,26.0
11018436,58,2024-01-01 00:00:38,0.94288,0.6309,475.26345,25.0,26.0
11018436,58,2024-01-01 00:00:16,3.68598,1.09541,4604.90664,25.0,29.0
11018436,58,2024-01-01 00:00:14,1.46614,0.04787,5287.69834,25.0,24.0
11018436,58,2024-01-01 00:00:11,0.99778,0.46126,0.01999,25.0,36.0
11018436,58,2024-01-01 00:00:13,-0.07727,1.50588,3872.36866,25.0,46.0
11018436,58,2024-01-01 00:00:08,2.3752,-0.06496,0.01999,25.0,32.0
11018436,58,2024-01-01 00:00:18,1.04862,-0.47622,1295.828,25.0,29.0
11018436,58,2024-01-01 00:00:21,1.62309,0.36859,1604.38099,25.0,29.0
11018436,58,2024-01-01 00:00:16,0.94288,0.7957,2176.51979,25.0,29.0
11018436,58,2024-01-01 00:00:18,0.94547,-0.2795,1204.79219,25.0,20.0
11018436,58,2024-01-01 00:00:36,1.56865,0.59358,996.13141,25.0,22.0
11018436,58,2024-01-01 00:00:40,0.90585,1.19947,1603.35085,25.0,31.0
11018436,58,2024-01-01 00:00:30,0.53956,1.46381,1284.91925,25.0,18.0
11018436,58,2024-01-01 00:00:24,-1.0241,-0.04206,0.01999,25.0,78.0
11018436,58,2024-01-01 00:00:19,-0.2843,0.2523,2645.11495,25.0,51.0
11018436,58,2024-01-01 00:00:09,1.13102,0.36196,0.01999,25.0,49.0
11018436,58,2024-01-01 00:00:15,2.04101,0.20349,0.01999,25.0,40.0
11018436,58,2024-01-01 00:00:30,0.57456,0.2763,0.01999,25.0,46.0
11018436,58,2024-01-01 00:00:40,3.24384,0.27117,0.01999,25.0,35.0
11018436,58,2024-01-01 00:00:24,2.68912,0.10205,0.01999,25.0,35.0
11018436,58,2024-01-01 00:00:41,0.59464,-0.4275,1811.86848,25.0,34.0
11018436,58,2024-01-01 00:00:40,0.6769,0.92812,3112.86425,25.0,36.0
11018436,58,2024-01-01 00:00:43,1.4086,0.87244,3486.40063,25.0,33.0
11018436,58,2024-01-01 00:00:50,0.24225,0.58485,2084.225,25.0,28.0
11018436,58,2024-01-01 00:00:36,1.23206,0.35774,959.20172,25.0,23.0
11018436,58,2024-01-01 00:00:48,1.93169,0.72217,2090.09021,25.0,37.0
11018436,58,2024-01-01 00:00:14,2.80011,0.41054,1840.54599,25.0,40.0
11018436,58,2024-01-01 00:00:38,2.04411,1.57809,2541.49419,25.0,27.0
11018436,58,2024-01-01 00:00:33,0.40882,0.58435,5019.25043,25.0,17.0
11018436,58,2024-01-01 00:00:27,1.76921,0.67736,1324.08768,25.0,33.0
11018436,58,2024-01-01 00:00:26,3.1149,-0.12571,0.01999,25.0,28.0
11018436,58,2024-01-01 00:00:48,0.71057,0.46944,1971.21561,25.0,23.0
11018436,58,2024-01-01 00:00:15,-0.85996,0.29415,786.91547,25.0,20.0
11018436,58,2024-01-01 00:00:34,0.86562,0.99762,5916.70347,25.0,20.0
11018436,58,2024-01-01 00:00:25,2.28585,-0.19054,0.01999,25.0,17.0
11018436,58,2024-01-01 00:00:37,1.59477,0.98174,664.7869,25.0,34.0
11018436,58,2024-01-01 00:00:19,1.28238,1.56543,0.01999,25.0,28.0
11018436,58,2024-01-01 00:00:34,0.94288,-0.56518,3954.10453,25.0,24.0
11018436,58,2024-01-01 00:00:23,2.67657,-0.30398,1250.42161,25.0,27.0
11018436,58,2024-01-01 00:00:28,2.40502,1.0273,0.01999,25.0,23.0
11018436,58,2024-01-01 00:00:51,2.12377,0.20408,2622.30038,25.0,28.0
11018436,58,2024-01-01 00:00:29,2.2454,1.28752,2109.56692,25.0,38.0
11018436,58,2024-01-01 00:00:19,1.68049,1.42583,646.27769,25.0,78.0
11018436,58,2024-01-01 00:00:20,-0.14694,1.02508,469.98102,35.0,49.0
11018436,58,2024-01-01 00:00:36,1.52839,0.0437,4666.81388,25.0,42.0
11018436,58,2024-01-01 00:00:25,1.80079,0.01202,1142.89289,25.0,41.0
11018436,58,2024-01-01 00:00:21,0.39818,0.30301,891.39908,25.0,37.0
11018436,58,2024-01-01 00:00:10,0.40972,0.03837,632.41299,25.0,36.0
11018436,58,2024-01-01 00:00:06,0.32138,-0.03721,3872.4769,25.0,33.0
11018436,58,2024-01-01 00:00:02,0.90423,-0.03109,2298.1049,35.0,32.0
11018436,58,2024-01-01 00:00:29,0.94288,-0.01362,6935.77985,25.0,29.0
11018436,58,2024-01-01 00:00:02,0.24039,-0.11806,394.8179,25.0,36.0
11018436,58,2024-01-01 00:00:12,1.03227,0.5593,1284.91925,25.0,31.0
11018436,58,2024-01-01 00:00:12,0.31308,0.30791,0.01999,25.0,25.0
11018436,58,2024-01-01 00:00:03,1.34418,0.06011,491.44947,25.0,27.0
11018436,58,2024-01-01 00:00:30,-0.83669,0.03395,3546.99434,25.0,27.0
11018436,58,2024-01-01 00:00:15,0.98319,0.35509,0.01999,25.0,31.0
11018436,58,2024-01-01 00:00:10,0.91317,0.51542,2660.26435,25.0,24.0
11018436,58,2024-01-01 00:00:22,1.77881,0.60212,3279.0492,25.0,22.0
11018436,58,2024-01-01 00:00:00,0.86666,0.17305,0.01999,25.0,24.0
11018436,58,2024-01-01 00:00:23,0.26802,-0.08703,1315.64353,25.0,16.0
11018436,58,2024-01-01 00:00:22,1.83395,0.65714,3344.76559,25.0,24.0
11018436,58,2024-01-01 00:00:00,2.13784,-0.21262,1167.34707,25.0,24.0
11018436,58,2024-01-01 00:00:29,2.01627,1.64126,0.01999,25.0,10.0
11018436,58,2024-01-01 00:00:31,1.83999,1.0336,94.93635,25.0,38.0
11018436,58,2024-01-01 00:00:37,2.48204,0.86577,1892.25639,25.0,23.0
11018436,58,2024-01-01 00:00:30,2.6661,-0.20399,896.93437,25.0,17.0
11018436,58,2024-01-01 00:00:42,2.2767,0.9544,0.01999,25.0,22.0
11018436,58,2024-01-01 00:00:31,1.99724,0.99213,4519.32802,25.0,30.0
11018436,58,2024-01-01 00:00:47,2.09341,-0.39771,5705.01526,25.0,24.0
11018436,58,2024-01-01 00:00:35,1.66597,-0.24441,2830.88857,25.0,24.0
11018436,58,2024-01-01 00:00:26,0.81652,0.47663,1284.91925,25.0,23.0
11018436,58,2024-01-01 00:00:12,1.82458,1.25362,569.04945,25.0,17.0
11018436,58,2024-01-01 00:00:39,1.62396,0.27963,3141.62079,25.0,23.0
11018436,58,2024-01-01 00:00:24,0.94288,-0.04118,7131.21112,25.0,25.0
11018436,58,2024-01-01 00:00:20,1.26135,-0.62571,8863.40938,25.0,22.0
11018436,58,2024-01-01 00:00:23,2.82777,0.01135,5117.31603,25.0,27.0
11018436,58,2024-01-01 00:00:16,0.94288,0.04763,5168.20337,25.0,28.0
11018436,58,2024-01-01 00:00:02,1.91071,0.07812,1247.57454,25.0,22.0
11018436,58,2024-01-01 00:00:20,0.91504,0.11331,545.53166,25.0,78.0
11018436,58,2024-01-01 00:00:12,-0.16867,0.32191,1027.19068,25.0,50.0
11018436,58,2024-01-01 00:00:30,0.60837,-0.02061,3553.07557,35.0,51.0
11018436,58,2024-01-01 00:00:19,0.94288,0.30469,1430.20105,25.0,47.0
11018436,58,2024-01-01 00:00:20,0.65343,0.15707,1072.32139,25.0,47.0
11018436,58,2024-01-01 00:00:14,1.45971,-0.04183,3627.73806,25.0,51.0
11018436,58,2024-01-01 00:00:11,1.85486,-0.26919,258.302,25.0,42.0
11018436,58,2024-01-01 00:00:32,-0.23584,0.00137,210.77563,35.0,35.0
11018436,58,2024-01-01 00:00:12,0.72549,0.33358,0.01999,25.0,44.0
11018436,58,2024-01-01 00:00:08,0.1789,0.47479,2408.15935,25.0,42.0
11018436,58,2024-01-01 00:00:07,0.31383,0.73641,0.01999,25.0,38.0
11018436,58,2024-01-01 00:00:14,0.8433,0.44465,567.07437,25.0,40.0
11018436,58,2024-01-01 00:00:13,0.89356,0.101,1192.79986,25.0,33.0
11018436,58,2024-01-01 00:00:15,1.53016,0.06516,4305.73737,25.0,38.0
11018436,58,2024-01-01 00:00:08,1.52244,0.5007,2142.20428,35.0,33.0
11018436,58,2024-01-01 00:00:22,-0.07135,0.55513,3718.81995,25.0,33.0
8546444,0,2024-01-01 00:00:21,1.00107,-0.06301,15410.43938,35.0,72.0
8546444,1,2024-01-01 00:00:37,0.86275,0.18576,5718.49327,25.0,73.0
8546444,2,2024-01-01 00:00:07,1.16555,0.24847,5126.31784,25.0,73.0
8546444,3,2024-01-01 00:00:08,0.32854,0.1373,5402.37734,25.0,73.0
8546444,4,2024-01-01 00:00:11,0.41177,-0.01916,0.01999,35.0,69.0
8546444,5,2024-01-01 00:00:23,0.50224,0.0819,768.41091,45.0,71.0
8546444,6,2024-01-01 00:00:29,0.50947,0.07748,810.7137,35.0,78.0
8546444,7,2024-01-01 00:00:28,0.60253,0.12109,3292.36792,25.0,73.0
8546444,8,2024-01-01 00:00:23,0.51215,0.16096,2109.75778,25.0,72.0
8546444,9,2024-01-01 00:00:23,1.06509,0.07587,0.01999,45.0,73.0
8546444,10,2024-01-01 00:00:40,0.54221,0.17592,4135.51696,25.0,72.0
8546444,11,2024-01-01 00:00:27,0.77679,0.28356,2324.30456,35.0,74.0
8546444,12,2024-01-01 00:00:38,0.69649,0.32509,1364.07146,35.0,72.0
8546444,13,2024-01-01 00:00:33,1.27975,0.09429,0.01999,45.0,72.0
8546444,14,2024-01-01 00:00:51,0.78674,0.08561,0.01999,35.0,72.0
8546444,15,2024-01-01 00:00:47,1.40714,0.22901,0.01999,45.0,73.0
8546444,16,2024-01-01 00:00:39,1.15827,0.28313,637.30257,45.0,76.0
8546444,17,2024-01-01 00:00:34,0.98056,0.47053,102.6354,45.0,76.0
8546444,18,2024-01-01 00:00:58,1.06066,0.31022,0.01999,25.0,76.0
8546444,19,2024-01-01 00:00:58,1.13888,0.30138,0.01999,35.0,76.0
8546444,20,2024-01-01 00:00:38,1.20948,0.32734,441.57397,35.0,78.0
8546444,21,2024-01-01 00:00:43,1.36693,0.06102,1075.66042,45.0,75.0
8546444,22,2024-01-01 00:00:43,1.298,0.04487,0.01999,35.0,78.0
8546444,23,2024-01-01 00:00:54,0.93026,0.15864,1215.58801,45.0,78.0
8546444,24,2024-01-01 00:00:40,1.0152,0.32045,334.39239,25.0,77.0
8546444,25,2024-01-01 00:00:47,0.96859,0.14456,8.78359,35.0,79.0
8546444,26,2024-01-01 00:00:56,1.11108,0.19602,943.55803,45.0,74.0
8546444,27,2024-01-01 00:00:42,1.04447,0.0528,590.98947,35.0,79.0
8546444,28,2024-01-01 00:00:36,1.36843,0.35744,391.69346,45.0,76.0
8546444,29,2024-01-01 00:00:36,1.05917,0.08873,1614.15692,45.0,78.0
8546444,30,2024-01-01 00:00:42,1.16874,0.08149,0.01999,25.0,79.0
8546444,31,2024-01-01 00:00:43,0.63308,0.18137,685.0016,25.0,79.0
8546444,32,2024-01-01 00:00:30,1.04827,0.33828,0.01999,35.0,76.0
8546444,33,2024-01-01 00:00:45,0.65527,0.2383,2734.12759,45.0,77.0
8546444,34,2024-01-01 00:00:18,1.02998,0.2226,1623.72216,35.0,81.0
8546444,35,2024-01-01 00:00:51,1.00351,0.04552,3480.34503,35.0,81.0
8546444,36,2024-01-01 00:00:16,0.93799,-0.05339,350.19856,35.0,79.0
8546444,37,2024-01-01 00:00:32,0.91762,0.03851,2521.08371,45.0,82.0
8546444,38,2024-01-01 00:00:28,0.6743,-0.05502,0.01999,35.0,81.0
8546444,39,2024-01-01 00:00:51,0.42216,0.16256,1846.72709,35.0,80.0
8546444,40,2024-01-01 00:00:29,1.06562,0.24907,0.01999,35.0,78.0
8546444,41,2024-01-01 00:00:43,1.08382,0.01332,2612.94805,25.0,79.0
8546444,42,2024-01-01 00:00:10,0.5585,-0.13041,0.01999,45.0,79.0
8546444,43,2024-01-01 00:00:26,0.90116,-0.07651,540.97362,25.0,81.0
8546444,44,2024-01-01 00:00:16,0.966,0.09356,2023.81564,35.0,79.0
8546444,45,2024-01-01 00:00:45,0.2401,0.29206,0.01999,35.0,83.0
8546444,46,2024-01-01 00:00:21,0.61009,0.0068,1589.65315,35.0,84.0
8546444,47,2024-01-01 00:00:16,0.7963,0.07659,1652.41084,35.0,83.0
8546444,48,2024-01-01 00:00:23,0.47505,0.1162,2727.48011,45.0,85.0
8546444,49,2024-01-01 00:00:21,0.51815,0.09595,1015.58957,45.0,82.0
8546444,50,2024-01-01 00:00:28,0.98245,0.03439,903.45352,45.0,83.0
8546444,51,2024-01-01 00:00:12,0.64595,-0.00859,672.27271,35.0,82.0
8546444,52,2024-01-01 00:00:21,0.63954,0.1051,1620.28335,35.0,81.0
8546444,53,2024-01-01 00:00:25,0.6263,-0.00019,636.8608,25.0,83.0
8546444,54,2024-01-01 00:00:23,0.53353,0.11631,0.01999,45.0,80.0
8546444,55,2024-01-01 00:00:23,0.63428,0.10082,0.01999,45.0,81.0
8546444,56,2024-01-01 00:00:30,0.96246,0.03909,1803.29545,35.0,84.0
8546444,57,2024-01-01 00:00:20,0.87195,-0.03285,0.01999,35.0,82.0
8546444,58,2024-01-01 00:00:38,0.82794,0.12647,2455.47723,35.0,81.0
8546444,58,2024-01-01 00:00:28,1.01175,0.13978,0.01999,25.0,79.0
8546444,58,2024-01-01 00:00:19,1.19434,0.12266,1044.27408,25.0,78.0
8546444,58,2024-01-01 00:00:21,0.93247,0.15513,0.01999,45.0,76.0
8546444,58,2024-01-01 00:00:27,0.97951,0.30055,137.72334,35.0,77.0
8546444,58,2024-01-01 00:00:30,0.74144,0.27075,1085.73343,25.0,78.0
8546444,58,2024-01-01 00:00:29,1.3514,0.20458,500.76523,35.0,77.0
8546444,58,2024-01-01 00:00:19,1.02599,0.38331,1937.92679,35.0,78.0
8546444,58,2024-01-01 00:00:22,0.76865,0.04149,1595.99504,35.0,75.0
8546444,58,2024-01-01 00:00:29,1.09655,0.10705,0.01999,45.0,77.0
8546444,58,2024-01-01 00:00:32,1.3106,0.02688,0.01999,35.0,80.0
8546444,58,2024-01-01 00:00:27,0.72156,0.35891,647.8044,25.0,84.0
8546444,58,2024-01-01 00:00:26,1.02614,0.07688,3197.63934,45.0,80.0
8546444,58,2024-01-01 00:00:34,0.74228,0.03044,1938.0981,45.0,79.0
8546444,58,2024-01-01 00:00:27,0.73283,0.07435,0.01999,35.0,82.0
8546444,58,2024-01-01 00:00:24,0.54319,0.09121,0.01999,25.0,81.0
8546444,58,2024-01-01 00:00:25,0.63003,0.29908,0.01999,25.0,80.0
8546444,58,2024-01-01 00:00:17,0.91941,0.12467,587.35128,25.0,77.0
8546444,58,2024-01-01 00:00:30,0.6223,0.12074,2977.16877,35.0,77.0
8546444,58,2024-01-01 00:00:19,1.03554,0.23259,1924.81632,45.0,78.0
8546444,58,2024-01-01 00:00:11,0.88149,0.17517,108.29212,35.0,78.0
8546444,58,2024-01-01 00:00:27,0.62247,-0.07879,982.81144,35.0,81.0
8546444,58,2024-01-01 00:00:08,0.89138,0.0296,0.01999,35.0,79.0
8546444,58,2024-01-01 00:00:09,0.02059,0.04347,681.05972,35.0,82.0
8546444,58,2024-01-01 00:00:22,0.60787,0.12128,4740.83307,35.0,79.0
8546444,58,2024-01-01 00:00:03,0.76047,0.16756,0.01999,35.0,81.0
8546444,58,2024-01-01 00:00:09,0.38819,0.14238,891.9373,35.0,83.0
8546444,58,2024-01-01 00:00:10,0.54769,0.07515,0.01999,35.0,79.0
8546444,58,2024-01-01 00:00:17,0.16305,0.17374,2862.75396,45.0,78.0
8546444,58,2024-01-01 00:00:12,0.1579,0.11201,1623.11654,45.0,81.0
8546444,58,2024-01-01 00:00:12,0.30856,0.0708,355.79781,35.0,84.0
8546444,58,2024-01-01 00:00:20,0.6084,0.01372,0.01999,35.0,79.0
8546444,58,2024-01-01 00:00:13,0.38434,0.13816,411.04096,25.0,79.0
8546444,58,2024-01-01 00:00:10,0.33254,0.16787,0.01999,45.0,80.0
8546444,58,2024-01-01 00:00:10,0.457,0.24906,0.01999,25.0,80.0
8546444,58,2024-01-01 00:00:17,0.64807,0.03159,0.01999,25.0,78.0
8546444,58,2024-01-01 00:00:29,1.40249,0.03964,0.01999,45.0,78.0
8546444,58,2024-01-01 00:00:26,0.94898,-0.00218,0.01999,35.0,78.0
8546444,58,2024-01-01 00:00:36,1.22267,0.09402,0.01999,45.0,77.0
8546444,58,2024-01-01 00:00:43,1.56942,0.03209,0.01999,45.0,80.0
8546444,58,2024-01-01 00:00:21,0.40939,0.30531,0.01999,25.0,79.0
8546444,58,2024-01-01 00:00:34,1.00724,0.17025,0.01999,25.0,80.0
8546444,58,2024-01-01 00:00:33,0.50776,0.11935,745.3328,45.0,77.0
8546444,58,2024-01-01 00:00:35,0.69167,-0.06485,0.01999,25.0,77.0
8546444,58,2024-01-01 00:00:25,1.12095,-0.01945,0.01999,35.0,78.0
8546444,58,2024-01-01 00:00:34,1.29683,0.12746,2754.31853,45.0,76.0
8546444,58,2024-01-01 00:00:41,0.92253,0.13385,1398.19557,35.0,80.0
8546444,58,2024-01-01 00:00:42,1.15926,0.00617,0.01999,35.0,77.0
8546444,58,2024-01-01 00:00:30,0.38601,0.12563,0.01999,35.0,77.0
8546444,58,2024-01-01 00:00:50,1.10704,0.34149,0.01999,35.0,77.0
8546444,58,2024-01-01 00:00:47,1.16287,-0.14532,0.01999,35.0,76.0
8546444,58,2024-01-01 00:00:36,0.78594,0.18059,768.45017,35.0,79.0
8546444,58,2024-01-01 00:00:32,0.95122,0.09122,0.01999,45.0,78.0
8546444,58,2024-01-01 00:00:36,0.82658,0.05366,2195.51575,35.0,82.0
8546444,58,2024-01-01 00:00:31,0.96686,0.1513,1041.2705,45.0,79.0
8546444,58,2024-01-01 00:00:30,1.15836,0.24039,0.01999,25.0,81.0
8546444,58,2024-01-01 00:00:36,0.88935,0.07424,990.95708,45.0,79.0
8546444,58,2024-01-01 00:00:35,0.78979,-0.00878,1121.68408,35.0,81.0
8546444,58,2024-01-01 00:00:44,1.2498,0.14186,0.01999,35.0,80.0
8546444,58,2024-01-01 00:00:28,0.76044,0.1704,709.36307,25.0,79.0
8546444,58,2024-01-01 00:00:37,0.74836,0.04692,0.01999,35.0,80.0
8546444,58,2024-01-01 00:00:49,0.94543,0.26751,1001.44531,45.0,80.0
8546444,58,2024-01-01 00:00:31,0.81923,0.08342,1641.27049,35.0,83.0
8546444,58,2024-01-01 00:00:43,0.63415,0.09696,0.01999,35.0,82.0
8546444,58,2024-01-01 00:00:47,1.18809,0.07422,261.86162,35.0,83.0
8546444,58,2024-01-01 00:00:43,0.602,0.08869,0.01999,35.0,82.0
8546444,58,2024-01-01 00:00:43,0.52077,0.21175,2483.40927,45.0,83.0
8546444,58,2024-01-01 00:00:46,0.76494,-0.10272,0.01999,45.0,83.0
8546444,58,2024-01-01 00:00:38,1.158,-0.00882,1174.53693,35.0,84.0
8546444,58,2024-01-01 00:00:30,0.88844,0.02184,196.80209,45.0,80.0
8546444,58,2024-01-01 00:00:33,0.88017,0.03291,0.01999,35.0,80.0
8546444,58,2024-01-01 00:00:41,1.02952,0.16835,0.01999,25.0,78.0
8546444,58,2024-01-01 00:00:48,0.78844,0.13954,927.73914,25.0,80.0
8546444,58,2024-01-01 00:00:29,1.05289,-0.01509,481.92151,45.0,79.0
8546444,58,2024-01-01 00:00:44,0.92088,0.20648,0.01999,45.0,82.0
8546444,58,2024-01-01 00:00:34,0.58543,0.12365,0.01999,25.0,86.0
8546444,58,2024-01-01 00:00:34,0.72914,0.16575,878.2118,45.0,83.0
8546444,58,2024-01-01 00:00:32,0.61414,0.25749,2358.85345,45.0,82.0
8546444,58,2024-01-01 00:00:11,1.2228,0.09553,0.01999,45.0,86.0
8546444,58,2024-01-01 00:00:34,0.95322,0.00559,0.01999,25.0,84.0
8546444,58,2024-01-01 00:00:16,1.05181,-0.0569,0.01999,45.0,83.0
8546444,58,2024-01-01 00:00:27,1.25884,-0.06548,0.01999,25.0,84.0
8546444,58,2024-01-01 00:00:29,0.71504,-0.1254,241.79126,25.0,86.0
8546444,58,2024-01-01 00:00:37,0.93306,0.18612,1599.53971,25.0,84.0
8546444,58,2024-01-01 00:00:33,1.13754,0.11766,1327.6019,25.0,81.0
8546444,58,2024-01-01 00:00:24,0.68245,0.09512,2734.03086,25.0,79.0
8546444,58,2024-01-01 00:00:38,0.7882,0.14609,2356.27476,35.0,82.0
8546444,58,2024-01-01 00:00:07,0.42719,0.02774,1661.44254,35.0,80.0
8546444,58,2024-01-01 00:00:15,0.54192,0.10692,1195.27369,25.0,78.0
8546444,58,2024-01-01 00:00:10,0.60763,0.16282,0.01999,25.0,79.0
8546444,58,2024-01-01 00:00:17,0.86518,0.22898,1165.45048,25.0,77.0
8546444,58,2024-01-01 00:00:16,0.74543,-0.0517,0.01999,25.0,74.0
8546444,58,2024-01-01 00:00:40,0.56462,0.13599,0.01999,25.0,75.0
8546444,58,2024-01-01 00:00:33,0.51534,0.30027,1409.31717,25.0,75.0
8546444,58,2024-01-01 00:00:34,1.14059,0.2259,0.01999,25.0,78.0
8546444,58,2024-01-01 00:00:21,0.58881,0.04174,0.01999,35.0,72.0
8546444,58,2024-01-01 00:00:11,0.78059,0.07061,330.67533,25.0,72.0
8546444,58,2024-01-01 00:00:35,0.29909,0.09741,0.01999,25.0,74.0
8546444,58,2024-01-01 00:00:33,0.29866,0.00965,0.01999,25.0,77.0
8546444,58,2024-01-01 00:00:30,0.84837,0.12958,2165.54407,45.0,76.0
8546444,58,2024-01-01 00:00:30,1.0506,0.21889,0.01999,35.0,76.0
8546444,58,2024-01-01 00:00:32,0.76762,0.0658,1856.34074,25.0,77.0
8546444,58,2024-01-01 00:00:29,0.72519,0.01118,733.96868,35.0,76.0
8546444,58,2024-01-01 00:00:32,0.71998,0.14834,0.01999,45.0,77.0
8546444,58,2024-01-01 00:00:39,0.85695,0.13971,2417.14259,35.0,77.0
8546444,58,2024-01-01 00:00:43,0.62692,-0.03769,1802.21191,25.0,77.0
8546444,58,2024-01-01 00:00:22,0.55077,0.14903,208.33293,25.0,77.0
8546444,58,2024-01-01 00:00:44,1.04867,0.15573,0.01999,45.0,79.0
8546444,58,2024-01-01 00:00:49,0.73253,-0.10029,2989.2991,25.0,80.0
8546444,58,2024-01-01 00:00:28,1.16147,0.06579,3310.64223,25.0,79.0
8546444,58,2024-01-01 00:00:46,1.25572,0.27096,0.01999,45.0,78.0
8546444,58,2024-01-01 00:00:58,0.71473,0.12552,515.32062,25.0,80.0
8546444,58,2024-01-01 00:00:48,1.01767,0.14631,0.01999,25.0,79.0
8546444,58,2024-01-01 00:00:37,1.21961,0.2927,857.45061,35.0,77.0
8546444,58,2024-01-01 00:00:30,0.99398,-0.00176,246.91514,45.0,79.0
8546444,58,2024-01-01 00:00:44,0.48221,0.25815,573.41895,45.0,80.0
8546444,58,2024-01-01 00:00:28,1.01503,0.16552,1115.18169,35.0,83.0
8546444,58,2024-01-01 00:00:13,1.13888,0.09584,0.01999,45.0,80.0
8546444,58,2024-01-01 00:00:18,0.34098,0.04539,0.01999,25.0,81.0
8546444,58,2024-01-01 00:00:25,0.80056,-0.04019,93.48665,45.0,82.0
8546444,58,2024-01-01 00:00:15,0.53777,-0.02541,390.16995,25.0,85.0
8546444,58,2024-01-01 00:00:36,0.41024,0.12285,1349.10085,45.0,85.0
8546444,58,2024-01-01 00:00:14,0.3111,0.08914,1790.67949,25.0,84.0
8546444,58,2024-01-01 00:00:27,1.01664,0.12093,1422.92544,35.0,82.0
8546444,58,2024-01-01 00:00:29,1.24853,0.07838,965.66883,45.0,86.0
8546444,58,2024-01-01 00:00:35,0.73913,-0.10023,0.01999,45.0,85.0
8546444,58,2024-01-01 00:00:21,0.59533,0.03363,0.01999,45.0,85.0
8546444,58,2024-01-01 00:00:37,0.98015,0.16465,121.23526,25.0,84.0
8546444,58,2024-01-01 00:00:24,0.89047,0.08312,0.01999,45.0,81.0
8546444,58,2024-01-01 00:00:24,0.7879,0.02447,1309.00808,45.0,84.0
8546444,58,2024-01-01 00:00:33,1.07813,0.06279,0.01999,35.0,83.0
8546444,58,2024-01-01 00:00:47,1.23572,0.10856,0.01999,35.0,83.0
8546444,58,2024-01-01 00:00:36,1.21882,0.2324,0.01999,25.0,82.0
8546444,58,2024-01-01 00:00:46,1.71188,0.01638,0.01999,25.0,78.0
8546444,58,2024-01-01 00:00:33,1.63141,0.26521,587.14055,25.0,81.0
8546444,58,2024-01-01 00:00:46,0.80288,0.41247,0.01999,45.0,74.0
8546444,58,2024-01-01 00:00:34,1.20191,0.13434,911.65857,25.0,77.0
8546444,58,2024-01-01 00:00:54,1.47931,-0.06749,0.01999,25.0,77.0
8546444,58,2024-01-01 00:00:51,1.12272,0.32004,0.01999,35.0,79.0
8546444,58,2024-01-01 00:00:53,1.16728,0.10536,30.55559,25.0,79.0
8546444,58,2024-01-01 00:00:55,0.83036,0.15195,1523.91959,25.0,79.0
8546444,58,2024-01-01 00:00:35,0.62977,0.25381,1794.1124,45.0,79.0
8546444,58,2024-01-01 00:00:36,1.04592,0.17811,0.01999,35.0,80.0
8546444,58,2024-01-01 00:00:29,0.59359,0.11977,635.11023,45.0,81.0
8546444,58,2024-01-01 00:00:30,1.10299,0.0991,63.48619,35.0,79.0
8546444,58,2024-01-01 00:00:25,0.75403,0.1122,412.62072,35.0,78.0
8546444,58,2024-01-01 00:00:25,0.18685,0.07666,2677.25854,45.0,77.0
8546444,58,2024-01-01 00:00:18,0.92899,0.03984,679.74043,35.0,79.0
8546444,58,2024-01-01 00:00:20,1.05454,0.09384,157.50649,25.0,78.0
8546444,58,2024-01-01 00:00:34,0.75644,0.15545,0.01999,25.0,76.0
8546444,58,2024-01-01 00:00:19,1.03554,0.23298,0.01999,25.0,80.0
8546444,58,2024-01-01 00:00:30,0.97521,0.30245,794.5778,25.0,79.0
8546444,58,2024-01-01 00:00:26,0.79563,0.3484,1091.79557,25.0,77.0
8546444,58,2024-01-01 00:00:23,0.62741,0.06041,287.93355,25.0,73.0
8546444,58,2024-01-01 00:00:20,1.05462,0.25013,1874.36793,35.0,74.0
8546444,58,2024-01-01 00:00:30,0.69304,0.27312,0.01999,35.0,76.0
8546444,58,2024-01-01 00:00:18,0.9178,0.15899,0.01999,25.0,76.0
8546444,58,2024-01-01 00:00:20,1.12481,0.1384,0.01999,25.0,76.0
8546444,58,2024-01-01 00:00:37,0.78102,0.23068,0.01999,25.0,76.0
8546444,58,2024-01-01 00:00:29,0.65102,-0.08206,729.78813,45.0,75.0
8546444,58,2024-01-01 00:00:53,0.9706,0.17298,1166.7606,45.0,76.0
8546444,58,2024-01-01 00:00:38,0.79108,0.27048,0.01999,25.0,76.0
8546444,58,2024-01-01 00:00:23,1.17659,0.25003,2757.54592,35.0,75.0
8546444,58,2024-01-01 00:00:38,0.77048,0.13023,2191.86553,35.0,75.0
8546444,58,2024-01-01 00:00:41,0.72697,0.21418,2512.04644,35.0,75.0
8546444,58,2024-01-01 00:00:22,0.78712,0.13709,1301.52435,35.0,75.0
8546444,58,2024-01-01 00:00:27,0.4764,0.1685,7.4229,25.0,74.0
8546444,58,2024-01-01 00:00:19,0.93387,0.07092,790.15515,25.0,77.0
8546444,58,2024-01-01 00:00:26,0.71553,0.15431,1210.55316,35.0,74.0
8546444,58,2024-01-01 00:00:25,0.76964,0.13954,2267.11322,25.0,75.0
8546444,58,2024-01-01 00:00:22,0.68054,0.03753,0.01999,45.0,79.0
8546444,58,2024-01-01 00:00:14,1.02301,0.27611,1316.89886,35.0,78.0
8546444,58,2024-01-01 00:00:26,0.58015,0.08561,0.01999,35.0,76.0
8546444,58,2024-01-01 00:00:34,0.7912,0.15086,1924.25243,35.0,80.0
8546444,58,2024-01-01 00:00:42,1.082,0.118,1560.28621,35.0,78.0
8546444,58,2024-01-01 00:00:26,0.88786,0.12459,1516.57199,25.0,77.0
8546444,58,2024-01-01 00:00:14,0.94208,0.21232,2626.93552,35.0,74.0
8546444,58,2024-01-01 00:00:20,1.06818,0.11402,1844.9911,25.0,73.0
8546444,58,2024-01-01 00:00:32,1.12634,0.17671,2496.9816,35.0,71.0
8546444,58,2024-01-01 00:00:16,1.33662,0.08017,0.01999,25.0,72.0
8546444,58,2024-01-01 00:00:34,0.51539,0.04643,0.01999,25.0,71.0
8546444,58,2024-01-01 00:00:33,0.78722,0.48092,1220.63921,35.0,74.0
8546444,58,2024-01-01 00:00:42,0.98389,0.31261,1618.80515,25.0,69.0
8546444,58,2024-01-01 00:00:28,1.19148,0.06341,0.01999,35.0,69.0
8546444,58,2024-01-01 00:00:11,0.62298,0.04728,830.54739,35.0,68.0
8546444,58,2024-01-01 00:00:29,0.46085,-0.01156,1242.73293,35.0,71.0
8546444,58,2024-01-01 00:00:26,0.73153,-0.0551,1054.99979,35.0,72.0
8546444,58,2024-01-01 00:00:29,1.13352,0.22277,2004.18344,25.0,70.0
8546444,58,2024-01-01 00:00:49,0.53537,0.08542,4188.98847,25.0,70.0
8546444,58,2024-01-01 00:00:37,1.21119,0.05938,1801.19107,25.0,70.0
8546444,58,2024-01-01 00:00:35,1.31427,0.08728,0.01999,45.0,72.0
8546444,58,2024-01-01 00:00:48,1.00819,-0.06321,0.01999,25.0,72.0
8546444,58,2024-01-01 00:00:35,0.90603,-0.11116,102.81363,25.0,71.0
8546444,58,2024-01-01 00:00:43,1.04589,0.39063,0.01999,45.0,72.0
8546444,58,2024-01-01 00:00:54,1.11165,0.10166,0.01999,35.0,74.0
8546444,58,2024-01-01 00:00:43,0.66475,0.22969,544.04412,25.0,73.0
8546444,58,2024-01-01 00:00:23,1.50624,0.19038,0.01999,25.0,77.0
8546444,58,2024-01-01 00:00:27,0.94245,0.09115,0.01999,25.0,74.0
8546444,58,2024-01-01 00:00:44,1.10511,0.19126,2150.95842,25.0,73.0
8546444,58,2024-01-01 00:00:29,1.15131,0.18559,0.01999,35.0,71.0
8546444,58,2024-01-01 00:00:48,0.71517,0.26607,374.04334,25.0,77.0
8546444,58,2024-01-01 00:00:38,1.21925,0.31963,0.01999,35.0,72.0
8546444,58,2024-01-01 00:00:41,1.64856,0.07033,0.01999,25.0,77.0
8546444,58,2024-01-01 00:00:29,1.38527,0.13338,1000.44077,25.0,72.0
8546444,58,2024-01-01 00:00:43,1.33175,0.44953,0.01999,35.0,71.0
8546444,58,2024-01-01 00:00:28,1.45707,0.40876,0.01999,25.0,71.0
8546444,58,2024-01-01 00:00:55,1.15799,0.30697,747.2842,25.0,73.0
8546444,58,2024-01-01 00:00:30,1.15238,0.38027,2085.89406,35.0,68.0
8546444,58,2024-01-01 00:00:30,1.20692,0.0601,764.38413,25.0,70.0
8546444,58,2024-01-01 00:00:23,1.00875,0.22326,1191.9384,25.0,72.0
8546444,58,2024-01-01 00:00:15,1.05928,0.17289,489.67106,35.0,68.0
8546444,58,2024-01-01 00:00:16,0.835,0.13924,2599.78426,45.0,71.0
8546444,58,2024-01-01 00:00:21,0.2847,0.11339,744.5917,35.0,78.0
8546444,58,2024-01-01 00:00:14,0.64406,-0.07603,969.17113,35.0,78.0
8546444,58,2024-01-01 00:00:15,0.68852,0.0184,824.92451,35.0,78.0
8546444,58,2024-01-01 00:00:26,0.50593,0.01437,1736.88921,45.0,77.0
8546444,58,2024-01-01 00:00:16,0.64169,0.12467,1193.74755,35.0,79.0
8546444,58,2024-01-01 00:00:42,0.86497,-0.01986,5273.36852,45.0,78.0
8546444,58,2024-01-01 00:00:22,0.67444,0.10812,1908.57827,35.0,76.0
8546444,58,2024-01-01 00:00:22,0.29153,0.15687,1270.87908,25.0,78.0
8546444,58,2024-01-01 00:00:23,0.48071,0.00648,0.01999,25.0,75.0
8546444,58,2024-01-01 00:00:29,0.66042,0.05233,820.74498,35.0,74.0
8546444,58,2024-01-01 00:00:21,0.77725,0.19817,720.33842,35.0,77.0
8546444,58,2024-01-01 00:00:20,0.70001,0.22443,0.01999,35.0,76.0
8546444,58,2024-01-01 00:00:16,0.62365,0.28507,368.01531,35.0,76.0
8546444,58,2024-01-01 00:00:18,0.91935,0.19748,2145.15772,45.0,74.0
8546444,58,2024-01-01 00:00:25,0.61722,0.01625,1843.21788,35.0,76.0
8546444,58,2024-01-01 00:00:20,0.50509,0.0412,696.16122,25.0,74.0
8546444,58,2024-01-01 00:00:36,0.64528,0.09659,691.28719,25.0,74.0
8546444,58,2024-01-01 00:00:30,0.60979,0.06087,150.82578,35.0,75.0
8546444,58,2024-01-01 00:00:28,0.92358,0.12435,0.01999,35.0,74.0
8546444,58,2024-01-01 00:00:24,0.37476,0.07918,0.01999,35.0,72.0
8546444,58,2024-01-01 00:00:31,0.88922,0.21414,1439.64466,45.0,73.0
8546444,58,2024-01-01 00:00:29,0.68274,0.01935,1250.74456,35.0,75.0
8546444,58,2024-01-01 00:00:39,1.04629,0.10797,0.01999,35.0,75.0
8546444,58,2024-01-01 00:00:50,0.98425,0.22325,0.01999,25.0,75.0
8546444,58,2024-01-01 00:00:48,1.05072,0.2079,0.01999,45.0,75.0
8546444,58,2024-01-01 00:00:47,0.73957,0.05072,1567.41644,35.0,80.0
8546444,58,2024-01-01 00:00:33,1.00292,0.00465,2503.53644,35.0,78.0
8546444,58,2024-01-01 00:00:30,0.55189,0.27423,1335.79786,25.0,77.0
8546444,58,2024-01-01 00:00:34,0.82827,0.16595,803.06158,35.0,74.0
8546444,58,2024-01-01 00:00:21,0.68393,0.11511,848.62545,25.0,73.0
8546444,58,2024-01-01 00:00:40,0.83965,0.18278,0.01999,45.0,77.0
8546444,58,2024-01-01 00:00:34,0.88622,0.22274,0.01999,45.0,76.0
8546444,58,2024-01-01 00:00:31,1.01039,0.25264,0.01999,35.0,74.0
8546444,58,2024-01-01 00:00:35,0.92518,0.11901,58.06702,35.0,72.0
8546444,58,2024-01-01 00:00:26,0.77849,0.04096,0.01999,25.0,75.0
8546444,58,2024-01-01 00:00:17,1.19669,0.34884,2938.44945,25.0,72.0
8546444,58,2024-01-01 00:00:32,0.638,-0.05852,2675.66411,25.0,68.0
8546444,58,2024-01-01 00:00:16,1.12065,0.10754,0.01999,35.0,73.0
8546444,58,2024-01-01 00:00:28,0.41954,0.367,649.92786,35.0,72.0
8546444,58,2024-01-01 00:00:25,0.85283,0.18838,1486.56704,25.0,72.0
8546444,58,2024-01-01 00:00:17,1.24094,0.01558,2662.13142,35.0,69.0
8546444,58,2024-01-01 00:00:41,0.00307,0.00417,1543.87563,35.0,64.0
8546444,58,2024-01-01 00:00:27,0.59199,0.22243,674.52131,45.0,72.0
8546444,58,2024-01-01 00:00:36,0.80405,0.15596,774.10378,25.0,72.0
8546444,58,2024-01-01 00:00:18,0.63469,0.2554,0.01999,25.0,70.0
8546444,58,2024-01-01 00:00:07,0.97606,0.11893,1182.88912,25.0,72.0
8546444,58,2024-01-01 00:00:28,0.43236,0.08648,1128.37032,35.0,68.0
8546444,58,2024-01-01 00:00:30,0.44421,0.07001,4014.45448,35.0,70.0
8546444,58,2024-01-01 00:00:22,0.4949,0.09811,429.53239,35.0,74.0
8546444,58,2024-01-01 00:00:22,0.48871,0.10457,0.01999,35.0,75.0
8546444,58,2024-01-01 00:00:25,0.55353,0.05155,0.01999,45.0,76.0
8546444,58,2024-01-01 00:00:32,0.86717,0.01099,854.96442,25.0,77.0
8546444,58,2024-01-01 00:00:23,0.54183,0.23086,3141.73405,45.0,74.0
8546444,58,2024-01-01 00:00:19,0.93032,-0.00515,0.01999,35.0,77.0
8546444,58,2024-01-01 00:00:43,0.73699,0.20934,919.20394,35.0,76.0
8546444,58,2024-01-01 00:00:29,0.69889,0.07485,2427.3237,25.0,75.0
8546444,58,2024-01-01 00:00:36,0.52595,-0.02624,2917.82045,35.0,76.0
8546444,58,2024-01-01 00:00:28,1.08424,0.28906,200.36616,35.0,77.0
8546444,58,2024-01-01 00:00:18,1.15881,0.40539,0.01999,35.0,77.0
8546444,58,2024-01-01 00:00:22,0.94576,0.21209,643.40858,35.0,78.0
8546444,58,2024-01-01 00:00:39,0.59969,0.18104,3159.29691,25.0,79.0
8546444,58,2024-01-01 00:00:29,0.89469,0.25449,951.82442,25.0,76.0
8546444,58,2024-01-01 00:00:21,0.90761,0.42144,109.93129,35.0,74.0
8546444,58,2024-01-01 00:00:28,0.84185,0.09402,1741.25714,35.0,76.0
8546444,58,2024-01-01 00:00:19,0.60561,0.25615,0.01999,35.0,78.0
8546444,58,2024-01-01 00:00:20,0.65924,0.03212,749.48578,35.0,76.0
8546444,58,2024-01-01 00:00:18,0.85461,0.00692,190.25449,25.0,78.0
8546444,58,2024-01-01 00:00:36,0.66547,0.1085,206.47598,35.0,76.0
8546444,58,2024-01-01 00:00:27,1.03766,0.14976,1284.91925,35.0,74.0
8546444,58,2024-01-01 00:00:37,0.64899,0.16651,997.90106,35.0,73.0
8546444,58,2024-01-01 00:00:14,0.85142,0.06079,0.01999,45.0,73.0
8546444,58,2024-01-01 00:00:10,0.76624,0.07457,0.01999,25.0,74.0
8546444,58,2024-01-01 00:00:20,0.07547,0.12866,2978.06383,25.0,75.0
8546444,58,2024-01-01 00:00:13,0.86975,0.06713,2276.36139,45.0,76.0
8546444,58,2024-01-01 00:00:17,0.53793,0.10907,556.64221,35.0,76.0
8546444,58,2024-01-01 00:00:19,0.28874,0.08676,1754.93975,35.0,79.0
8546444,58,2024-01-01 00:00:21,0.65365,0.03171,1736.86331,35.0,79.0
8546444,58,2024-01-01 00:00:29,0.295,0.15382,1787.60894,35.0,81.0
8546444,58,2024-01-01 00:00:10,0.27827,0.04273,1365.47973,35.0,81.0
8546444,58,2024-01-01 00:00:18,0.41499,0.03335,0.01999,25.0,81.0
8546444,58,2024-01-01 00:00:41,0.79658,0.24978,381.61447,25.0,79.0
8546444,58,2024-01-01 00:00:29,1.04342,0.21431,898.1172,35.0,75.0
8546444,58,2024-01-01 00:00:34,0.51149,0.12614,0.01999,35.0,77.0
8546444,58,2024-01-01 00:00:20,1.02825,0.31697,127.28891,25.0,79.0
8546444,58,2024-01-01 00:00:32,0.77515,0.21338,0.01999,45.0,72.0
8546444,58,2024-01-01 00:00:28,0.97572,-0.15137,0.01999,35.0,76.0
8546444,58,2024-01-01 00:00:28,0.95201,-0.01454,881.93127,25.0,77.0
8546444,58,2024-01-01 00:00:36,0.95993,0.07022,0.01999,45.0,76.0
8546444,58,2024-01-01 00:00:22,1.28626,0.23338,2545.6002,35.0,77.0
8546444,58,2024-01-01 00:00:15,0.92998,0.34172,0.01999,25.0,80.0
8546444,58,2024-01-01 00:00:31,1.20156,0.34679,1140.61496,35.0,75.0
8546444,58,2024-01-01 00:00:31,0.54913,0.19768,1287.76163,35.0,75.0
8546444,58,2024-01-01 00:00:21,0.90101,0.17805,56.89459,45.0,71.0
8546444,58,2024-01-01 00:00:37,0.95548,0.17955,2174.80552,45.0,77.0
8546444,58,2024-01-01 00:00:15,1.07995,0.20929,484.16844,35.0,77.0
8546444,58,2024-01-01 00:00:15,0.77674,0.28663,1345.54156,45.0,77.0
8546444,58,2024-01-01 00:00:26,0.80166,0.20473,2733.71246,35.0,78.0
8546444,58,2024-01-01 00:00:26,0.71725,0.15213,2618.48075,25.0,77.0
8546444,58,2024-01-01 00:00:20,1.19438,0.31364,4313.78583,45.0,75.0
8546444,58,2024-01-01 00:00:26,0.5764,0.07339,0.01999,45.0,73.0
8546444,58,2024-01-01 00:00:26,0.48617,0.09575,1233.14972,45.0,76.0
8546444,58,2024-01-01 00:00:35,0.71423,0.08648,1805.37487,25.0,78.0
8546444,58,2024-01-01 00:00:36,0.76512,0.36601,0.01999,35.0,76.0
8546444,58,2024-01-01 00:00:37,0.70329,0.16219,0.01999,25.0,74.0
8546444,58,2024-01-01 00:00:25,1.09811,0.06035,410.60281,25.0,74.0
8546444,58,2024-01-01 00:00:21,1.05061,0.07596,1355.56165,35.0,75.0
8546444,58,2024-01-01 00:00:15,0.4141,0.28322,3177.69857,45.0,76.0
8546444,58,2024-01-01 00:00:22,0.43905,0.26126,0.01999,45.0,74.0
8546444,58,2024-01-01 00:00:16,0.62706,0.10871,2381.14855,35.0,75.0
8546444,58,2024-01-01 00:00:08,0.60664,0.07061,2355.97445,25.0,73.0
8546444,58,2024-01-01 00:00:23,0.80765,0.0386,2901.05369,35.0,74.0
8546444,58,2024-01-01 00:00:32,0.41568,0.10053,0.01999,35.0,75.0
8546444,58,2024-01-01 00:00:16,0.83608,-0.05102,497.30503,35.0,77.0
8546444,58,2024-01-01 00:00:21,0.3175,0.10845,481.40065,25.0,76.0
8546444,58,2024-01-01 00:00:24,0.83626,0.12359,1300.23459,25.0,76.0
8546444,58,2024-01-01 00:00:30,0.99157,0.23058,4111.12282,25.0,74.0
8546444,58,2024-01-01 00:00:29,0.76704,0.20404,1594.47677,25.0,75.0
8546444,58,2024-01-01 00:00:16,0.42821,0.14956,974.51585,25.0,73.0
8546444,58,2024-01-01 00:00:15,0.66556,0.15854,259.5758,35.0,72.0
8546444,58,2024-01-01 00:00:21,0.55807,0.04331,1931.13728,45.0,74.0
8546444,58,2024-01-01 00:00:23,0.40567,0.04144,0.01999,25.0,74.0
8546444,58,2024-01-01 00:00:11,1.00723,0.23498,4606.61024,45.0,75.0
8546444,58,2024-01-01 00:00:18,0.56193,0.1853,0.01999,35.0,75.0
8546444,58,2024-01-01 00:00:20,0.55954,0.10416,2615.06483,25.0,73.0
8546444,58,2024-01-01 00:00:22,0.76321,0.13558,2492.1118,35.0,73.0
8546444,58,2024-01-01 00:00:21,0.48332,0.1203,245.5564,25.0,76.0
8546444,58,2024-01-01 00:00:12,0.54088,0.17313,1819.90399,25.0,75.0
8546444,58,2024-01-01 00:00:28,0.76522,-0.07343,0.01999,35.0,75.0
8546444,58,2024-01-01 00:00:36,0.80982,0.05466,424.54497,35.0,77.0
8546444,58,2024-01-01 00:00:32,0.62711,0.16579,1145.66091,35.0,75.0
8546444,58,2024-01-01 00:00:20,1.35974,0.23038,0.01999,35.0,77.0
8546444,58,2024-01-01 00:00:29,0.75341,0.01718,28.23524,35.0,73.0
8546444,58,2024-01-01 00:00:16,0.58785,0.07154,0.01999,45.0,74.0
8546444,58,2024-01-01 00:00:14,0.81579,0.17013,4153.03991,35.0,72.0
8546444,58,2024-01-01 00:00:23,0.88368,0.06537,2429.42962,25.0,78.0
8546444,58,2024-01-01 00:00:20,0.70014,0.11471,166.05696,25.0,75.0
8546444,58,2024-01-01 00:00:37,0.47703,0.00152,1803.49545,45.0,75.0
8546444,58,2024-01-01 00:00:21,0.79624,0.08088,0.01999,35.0,76.0
8546444,58,2024-01-01 00:00:41,0.42236,0.20267,0.01999,35.0,76.0
8546444,58,2024-01-01 00:00:21,0.62897,0.04844,0.01999,35.0,79.0
8546444,58,2024-01-01 00:00:30,0.77901,0.17386,1305.92848,25.0,77.0
8546444,58,2024-01-01 00:00:13,0.90086,-0.03896,0.01999,25.0,78.0
8546444,58,2024-01-01 00:00:19,0.8067,0.26959,3100.80298,35.0,78.0
8546444,58,2024-01-01 00:00:21,0.73815,0.08301,0.01999,45.0,80.0
8546444,58,2024-01-01 00:00:24,0.41602,0.14273,957.84962,35.0,78.0
8546444,58,2024-01-01 00:00:28,0.72219,0.09453,0.01999,35.0,78.0
8546444,58,2024-01-01 00:00:38,0.83132,0.27419,0.01999,45.0,75.0
8546444,58,2024-01-01 00:00:35,0.8513,0.21896,497.32258,25.0,74.0
8546444,58,2024-01-01 00:00:24,0.93034,0.23571,19.283,45.0,74.0
8546444,58,2024-01-01 00:00:18,1.03547,0.34516,1416.96646,45.0,75.0
8546444,58,2024-01-01 00:00:39,1.04895,0.24027,828.95166,45.0,75.0
8546444,58,2024-01-01 00:00:31,0.83177,0.07027,0.01999,25.0,76.0
8546444,58,2024-01-01 00:00:49,0.78432,0.27145,0.01999,35.0,74.0
8546444,58,2024-01-01 00:00:43,0.89826,0.0101,1806.57942,45.0,77.0
8546444,58,2024-01-01 00:00:52,1.03967,-0.0966,0.01999,45.0,82.0
8546444,58,2024-01-01 00:00:47,0.82991,0.13475,512.92062,45.0,79.0
8546444,58,2024-01-01 00:00:48,1.37244,0.12989,739.39031,45.0,82.0
8546444,58,2024-01-01 00:00:47,1.09221,-0.08248,590.03719,45.0,79.0
8546444,58,2024-01-01 00:00:41,0.80783,0.10449,1510.73083,45.0,81.0
8546444,58,2024-01-01 00:00:31,1.24783,0.11112,1207.33729,45.0,81.0
8546444,58,2024-01-01 00:00:40,1.20792,-0.06392,12.48319,35.0,84.0
8546444,58,2024-01-01 00:00:42,0.98162,0.15594,2878.87129,35.0,83.0
8546444,58,2024-01-01 00:00:40,0.88617,0.1881,1328.08772,35.0,83.0
8546444,58,2024-01-01 00:00:38,1.03275,0.21705,1115.33629,25.0,82.0
8546444,58,2024-01-01 00:00:33,1.25043,0.22457,0.01999,45.0,80.0
8546444,58,2024-01-01 00:00:36,1.14901,-0.07769,0.01999,45.0,82.0
8546444,58,2024-01-01 00:00:52,0.99747,0.08649,175.58038,45.0,83.0
8546444,58,2024-01-01 00:00:29,1.08394,0.11624,0.01999,45.0,85.0
8546444,58,2024-01-01 00:00:38,0.84782,0.10524,1175.06094,35.0,84.0
8546444,58,2024-01-01 00:00:30,0.58184,0.29116,1393.37816,45.0,81.0
8546444,58,2024-01-01 00:00:23,0.84379,-0.01193,2544.29688,25.0,80.0
8546444,58,2024-01-01 00:00:37,0.84933,0.18156,0.01999,25.0,83.0
8546444,58,2024-01-01 00:00:30,0.6989,-0.07031,2554.57453,45.0,82.0
8546444,58,2024-01-01 00:00:48,0.80236,0.18609,0.01999,45.0,82.0
8546444,58,2024-01-01 00:00:41,0.70801,0.01875,1888.04869,35.0,81.0
8546444,58,2024-01-01 00:00:45,0.83966,0.15919,0.01999,35.0,82.0
8546444,58,2024-01-01 00:00:28,0.77846,0.00423,0.01999,25.0,80.0
8546444,58,2024-01-01 00:00:26,1.51059,-0.01125,1785.14197,35.0,78.0
8546444,58,2024-01-01 00:00:24,0.88782,-0.05644,2108.11851,25.0,84.0
8546444,58,2024-01-01 00:00:38,0.68918,0.15455,3039.48186,25.0,83.0
8546444,58,2024-01-01 00:00:10,0.83722,-0.02363,1103.06222,35.0,80.0
8546444,58,2024-01-01 00:00:23,1.14416,0.03544,4705.49496,25.0,83.0
8546444,58,2024-01-01 00:00:33,1.16384,0.15558,762.02947,35.0,83.0
8546444,58,2024-01-01 00:00:25,1.65967,0.02826,1026.42472,35.0,81.0
8546444,58,2024-01-01 00:00:37,0.41497,0.01869,0.01999,45.0,80.0
8546444,58,2024-01-01 00:00:30,1.20389,0.20257,0.01999,35.0,83.0
8546444,58,2024-01-01 00:00:25,1.24834,0.05454,0.01999,25.0,83.0
8546444,58,2024-01-01 00:00:44,0.94544,-0.01549,487.88874,25.0,80.0
8546444,58,2024-01-01 00:00:55,0.88311,0.15952,272.51281,35.0,83.0
8546444,58,2024-01-01 00:00:31,0.93456,0.26988,0.01999,35.0,76.0
8546444,58,2024-01-01 00:00:43,1.28029,0.12063,757.43616,35.0,79.0
8546444,58,2024-01-01 00:00:49,1.22524,0.20773,0.01999,25.0,79.0
8546444,58,2024-01-01 00:00:32,1.49338,0.08501,738.84405,25.0,78.0
8546444,58,2024-01-01 00:00:50,1.36003,0.3428,1304.03161,45.0,76.0
8546444,58,2024-01-01 00:00:45,1.25342,0.23198,3740.43833,45.0,76.0
8546444,58,2024-01-01 00:00:49,1.1612,-0.06983,1929.71848,45.0,79.0
8546444,58,2024-01-01 00:00:33,1.39595,0.10563,3605.02876,25.0,80.0
8546444,58,2024-01-01 00:00:50,1.05491,0.1903,2900.84222,25.0,79.0
8546444,58,2024-01-01 00:00:58,0.97769,0.17138,1764.67588,25.0,79.0
8546444,58,2024-01-01 00:00:51,1.30139,0.16465,942.13241,45.0,78.0
8546444,58,2024-01-01 00:00:52,0.86283,0.16052,0.01999,45.0,79.0
8546444,58,2024-01-01 00:00:39,1.0295,0.00044,116.37408,45.0,80.0
8546444,58,2024-01-01 00:00:48,1.45044,-0.05768,762.56519,25.0,79.0
8546444,58,2024-01-01 00:00:51,1.39725,0.07126,0.01999,25.0,83.0
8546444,58,2024-01-01 00:00:58,1.70461,0.19769,1215.07838,25.0,80.0
8546444,58,2024-01-01 00:00:43,1.35536,0.62013,0.01999,35.0,79.0
8546444,58,2024-01-01 00:00:51,1.3836,0.16517,0.01999,25.0,79.0
8546444,58,2024-01-01 00:00:58,1.70235,-0.1181,0.01999,35.0,80.0
8546444,58,2024-01-01 00:00:35,1.85017,0.4515,0.01999,25.0,78.0
8546444,58,2024-01-01 00:00:29,1.69171,0.07293,0.01999,35.0,79.0
8546444,58,2024-01-01 00:00:36,1.45919,0.45002,0.01999,25.0,82.0
8546444,58,2024-01-01 00:00:38,1.65506,0.37633,0.01999,45.0,81.0
8546444,58,2024-01-01 00:00:31,1.42297,0.18268,0.01999,25.0,78.0
8546444,58,2024-01-01 00:00:28,1.4717,0.36795,0.01999,25.0,78.0
8546444,58,2024-01-01 00:00:38,1.05743,0.21576,2686.10273,45.0,77.0
8546444,58,2024-01-01 00:00:45,1.10576,0.11954,0.01999,35.0,78.0
8546444,58,2024-01-01 00:00:45,0.79486,0.14543,1249.87364,45.0,76.0
8546444,58,2024-01-01 00:00:23,1.66167,-0.06614,853.39421,35.0,77.0
8546444,58,2024-01-01 00:00:51,1.06779,-0.04484,111.52294,35.0,76.0
8546444,58,2024-01-01 00:00:40,1.16793,0.15024,588.40433,35.0,77.0
8546444,58,2024-01-01 00:00:48,1.18665,0.14723,490.4355,35.0,75.0
8546444,58,2024-01-01 00:00:48,1.22553,0.095,0.01999,45.0,76.0
8546444,58,2024-01-01 00:00:52,1.25089,0.02732,340.72156,35.0,77.0
8546444,58,2024-01-01 00:00:46,1.45404,0.12607,1083.60031,25.0,77.0
8546444,58,2024-01-01 00:00:39,0.96633,0.23924,386.89931,35.0,80.0
8546444,58,2024-01-01 00:00:58,0.87033,-0.00896,281.02253,35.0,79.0
8546444,58,2024-01-01 00:00:47,1.2524,0.01123,481.58659,35.0,78.0
8546444,58,2024-01-01 00:00:40,1.44297,0.24943,1137.15314,45.0,78.0
8546444,58,2024-01-01 00:00:47,0.90906,0.20222,0.01999,25.0,77.0
8546444,58,2024-01-01 00:00:49,1.26513,0.13104,1378.90112,45.0,76.0
7273738,0,2024-01-01 00:00:26,0.33556,0.13954,3239.71684,35.0,86.0
7273738,1,2024-01-01 00:00:09,0.61362,-0.03636,3860.1171,45.0,87.0
7273738,2,2024-01-01 00:00:05,0.59681,0.13924,1205.49203,25.0,85.0
7273738,3,2024-01-01 00:00:08,0.91489,0.12747,1824.82972,25.0,85.0
7273738,4,2024-01-01 00:00:24,1.00353,0.11756,0.01999,45.0,82.0
7273738,5,2024-01-01 00:00:27,0.64507,0.00522,0.01999,35.0,83.0
7273738,6,2024-01-01 00:00:17,0.66315,0.26186,0.01999,45.0,83.0
7273738,7,2024-01-01 00:00:17,0.76819,0.08706,2185.3805,45.0,84.0
7273738,8,2024-01-01 00:00:03,0.67106,0.1942,2850.39453,35.0,87.0
7273738,9,2024-01-01 00:00:15,0.52401,0.22965,365.40617,25.0,84.0
7273738,10,2024-01-01 00:00:14,0.68083,0.25334,158.03487,45.0,84.0
7273738,11,2024-01-01 00:00:07,0.87759,0.27947,753.81569,45.0,84.0
7273738,12,2024-01-01 00:00:31,0.53657,0.34648,3248.47079,25.0,84.0
7273738,13,2024-01-01 00:00:10,0.87238,0.11672,3430.76324,25.0,81.0
7273738,14,2024-01-01 00:00:06,0.67387,0.02687,848.92028,45.0,81.0
7273738,15,2024-01-01 00:00:08,0.66468,0.15971,700.56261,35.0,82.0
7273738,16,2024-01-01 00:00:09,0.28472,-0.05836,0.01999,45.0,83.0
7273738,17,2024-01-01 00:00:24,0.96687,0.08698,1048.17707,35.0,85.0
7273738,18,2024-01-01 00:00:10,0.86799,0.0121,2759.67968,35.0,84.0
7273738,19,2024-01-01 00:00:11,0.51076,0.15634,3460.70112,35.0,82.0
7273738,20,2024-01-01 00:00:12,0.43834,0.13993,3529.49238,45.0,81.0
7273738,21,2024-01-01 00:00:09,0.71292,0.09045,752.53915,35.0,82.0
7273738,22,2024-01-01 00:00:10,0.42087,-0.02086,10.67952,45.0,83.0
7273738,23,2024-01-01 00:00:29,0.30068,0.05658,15.74288,35.0,80.0
7273738,24,2024-01-01 00:00:07,0.52128,0.17331,871.45668,25.0,80.0
7273738,25,2024-01-01 00:00:13,0.24718,0.15685,1904.98277,35.0,78.0
7273738,26,2024-01-01 00:00:20,0.74687,0.04732,0.01999,35.0,79.0
7273738,27,2024-01-01 00:00:21,0.42444,0.17736,3149.20028,25.0,80.0
7273738,28,2024-01-01 00:00:04,0.52418,0.07584,1913.01187,25.0,80.0
7273738,29,2024-01-01 00:00:13,0.73993,0.13117,1258.643,35.0,75.0
7273738,30,2024-01-01 00:00:20,0.30422,-0.05306,1275.80326,45.0,78.0
7273738,31,2024-01-01 00:00:18,0.85636,0.13954,2747.42292,35.0,74.0
7273738,32,2024-01-01 00:00:21,0.94288,0.19814,1384.81495,35.0,80.0
7273738,33,2024-01-01 00:00:25,0.68036,0.00914,1134.07653,35.0,83.0
7273738,34,2024-01-01 00:00:17,0.57249,0.24498,0.01999,45.0,80.0
7273738,35,2024-01-01 00:00:36,0.74134,0.12179,2872.7288,35.0,83.0
7273738,36,2024-01-01 00:00:13,0.80689,0.04153,1125.31541,35.0,80.0
7273738,37,2024-01-01 00:00:24,0.58202,0.08931,2140.48379,45.0,80.0
7273738,38,2024-01-01 00:00:26,0.59545,0.0877,1344.65427,25.0,79.0
7273738,39,2024-01-01 00:00:37,1.1475,-0.03236,2893.43856,25.0,78.0
7273738,40,2024-01-01 00:00:29,1.2186,-0.037,0.01999,25.0,79.0
7273738,41,2024-01-01 00:00:48,1.27802,-0.05642,0.01999,45.0,79.0
7273738,42,2024-01-01 00:00:51,1.19527,0.09989,0.01999,45.0,76.0
7273738,43,2024-01-01 00:00:48,1.29362,0.03682,0.01999,45.0,80.0
7273738,44,2024-01-01 00:00:45,1.72805,0.05491,67.77025,35.0,79.0
7273738,45,2024-01-01 00:00:58,1.37511,0.04268,1474.16913,25.0,79.0
7273738,46,2024-01-01 00:00:52,1.65037,-0.02082,165.09349,25.0,77.0
7273738,47,2024-01-01 00:00:49,1.36299,0.41258,1330.00933,35.0,76.0
7273738,48,2024-01-01 00:00:52,1.48835,0.15405,0.01999,35.0,78.0
7273738,49,2024-01-01 00:00:58,1.05216,0.24355,0.01999,45.0,80.0
7273738,50,2024-01-01 00:00:27,1.34778,0.21584,0.01999,35.0,77.0
7273738,51,2024-01-01 00:00:44,0.84882,0.01311,596.49038,45.0,78.0
7273738,52,2024-01-01 00:00:39,1.123,0.12091,1153.13554,25.0,79.0
7273738,53,2024-01-01 00:00:38,0.98203,0.16192,0.01999,25.0,79.0
7273738,54,2024-01-01 00:00:50,1.36082,0.25097,0.01999,35.0,80.0
7273738,55,2024-01-01 00:00:40,0.89879,-0.14412,630.22218,25.0,78.0
7273738,56,2024-01-01 00:00:55,1.54028,-0.01115,0.01999,45.0,81.0
7273738,57,2024-01-01 00:00:34,1.16907,0.36059,1284.91925,35.0,82.0
7273738,58,2024-01-01 00:00:32,1.07146,0.46223,0.01999,25.0,80.0
7273738,58,2024-01-01 00:00:55,1.06293,0.0805,0.01999,25.0,78.0
7273738,58,2024-01-01 00:00:51,1.73196,-0.12283,0.01999,25.0,76.0
7273738,58,2024-01-01 00:00:48,1.03925,0.66192,0.01999,25.0,77.0
7273738,58,2024-01-01 00:00:47,1.45372,0.27614,0.01999,25.0,75.0
7273738,58,2024-01-01 00:00:39,0.80178,0.2621,0.01999,35.0,79.0
7273738,58,2024-01-01 00:00:33,1.23831,0.45296,3637.72515,45.0,76.0
7273738,58,2024-01-01 00:00:37,1.18429,0.12218,423.27711,25.0,80.0
7273738,58,2024-01-01 00:00:38,1.26666,0.10359,0.01999,35.0,79.0
7273738,58,2024-01-01 00:00:56,1.28481,0.2278,0.01999,35.0,78.0
7273738,58,2024-01-01 00:00:27,1.4039,0.38125,1300.00117,25.0,81.0
7273738,58,2024-01-01 00:00:47,1.12493,-0.07497,1154.17068,45.0,78.0
7273738,58,2024-01-01 00:00:30,0.99715,-0.06032,0.01999,35.0,80.0
7273738,58,2024-01-01 00:00:50,1.00063,0.25362,1094.44612,45.0,81.0
7273738,58,2024-01-01 00:00:46,1.06048,-0.11496,0.01999,25.0,80.0
7273738,58,2024-01-01 00:00:37,1.27431,0.10293,1118.67229,25.0,78.0
7273738,58,2024-01-01 00:00:44,0.85895,0.08022,333.25533,45.0,77.0
7273738,58,2024-01-01 00:00:28,0.84119,0.13009,2823.1717,35.0,80.0
7273738,58,2024-01-01 00:00:07,0.60867,0.19716,2514.06955,25.0,80.0
7273738,58,2024-01-01 00:00:27,0.56224,0.20866,289.31243,45.0,80.0
7273738,58,2024-01-01 00:00:30,0.53225,0.18577,0.01999,45.0,81.0
7273738,58,2024-01-01 00:00:38,0.55724,0.32279,897.60854,45.0,81.0
7273738,58,2024-01-01 00:00:30,0.55408,-0.12717,0.01999,35.0,82.0
7273738,58,2024-01-01 00:00:19,0.61416,0.00079,316.11614,25.0,80.0
7273738,58,2024-01-01 00:00:40,1.06099,-0.1773,957.68585,45.0,81.0
7273738,58,2024-01-01 00:00:21,0.78314,0.12513,336.75387,25.0,83.0
7273738,58,2024-01-01 00:00:31,0.91643,0.07302,0.01999,25.0,82.0
7273738,58,2024-01-01 00:00:37,1.21241,-0.12167,2261.04332,45.0,81.0
7273738,58,2024-01-01 00:00:24,0.95691,0.05888,3178.10832,25.0,83.0
7273738,58,2024-01-01 00:00:24,0.92888,0.21035,1215.7185,45.0,85.0
7273738,58,2024-01-01 00:00:23,0.77912,0.11562,2998.0239,25.0,86.0
7273738,58,2024-01-01 00:00:14,1.05903,0.07092,1342.45017,45.0,84.0
7273738,58,2024-01-01 00:00:43,0.51982,-0.00835,721.72408,45.0,80.0
7273738,58,2024-01-01 00:00:35,0.72719,0.19975,185.99235,45.0,81.0
7273738,58,2024-01-01 00:00:39,0.80079,0.18305,0.01999,25.0,83.0
7273738,58,2024-01-01 00:00:37,0.80139,0.2973,0.01999,45.0,80.0
7273738,58,2024-01-01 00:00:29,0.95334,-0.13143,0.01999,45.0,79.0
7273738,58,2024-01-01 00:00:42,1.06312,0.44089,0.01999,45.0,78.0
7273738,58,2024-01-01 00:00:36,1.14079,0.10837,1869.77902,35.0,79.0
7273738,58,2024-01-01 00:00:22,0.95386,0.06729,0.01999,35.0,79.0
7273738,58,2024-01-01 00:00:34,0.72883,0.0053,0.01999,35.0,81.0
7273738,58,2024-01-01 00:00:45,1.10536,0.0215,1993.5406,35.0,81.0
7273738,58,2024-01-01 00:00:46,1.06431,0.0062,1125.71053,45.0,74.0
7273738,58,2024-01-01 00:00:51,1.58344,0.01244,0.01999,45.0,75.0
7273738,58,2024-01-01 00:00:58,1.04748,0.09708,0.01999,35.0,76.0
7273738,58,2024-01-01 00:00:55,1.66817,0.08823,0.01999,25.0,80.0
7273738,58,2024-01-01 00:00:34,1.86681,0.47721,1315.80362,25.0,77.0
7273738,58,2024-01-01 00:00:51,0.94288,-0.03457,0.01999,35.0,77.0
7273738,58,2024-01-01 00:00:49,1.10005,0.28553,594.2758,35.0,80.0
7273738,58,2024-01-01 00:00:27,1.53793,0.20973,3848.04785,35.0,80.0
7273738,58,2024-01-01 00:00:51,0.65446,0.20242,0.01999,25.0,77.0
7273738,58,2024-01-01 00:00:43,1.00657,0.16076,0.01999,35.0,79.0
7273738,58,2024-01-01 00:00:32,1.02261,0.0272,511.91863,45.0,77.0
7273738,58,2024-01-01 00:00:32,0.86979,0.29685,1010.22791,45.0,77.0
7273738,58,2024-01-01 00:00:15,1.01494,0.29667,0.01999,45.0,82.0
7273738,58,2024-01-01 00:00:25,0.78836,-0.11375,354.41893,35.0,84.0
7273738,58,2024-01-01 00:00:25,0.85681,0.37321,541.92883,35.0,83.0
7273738,58,2024-01-01 00:00:20,0.61855,0.1625,944.62264,25.0,81.0
7273738,58,2024-01-01 00:00:24,0.92328,0.14391,0.01999,35.0,82.0
7273738,58,2024-01-01 00:00:37,0.91413,0.15501,1246.17761,25.0,79.0
7273738,58,2024-01-01 00:00:36,0.83241,0.02114,124.86542,35.0,82.0
7273738,58,2024-01-01 00:00:20,0.49685,0.19893,2326.39526,25.0,80.0
7273738,58,2024-01-01 00:00:15,0.82669,0.21605,0.01999,35.0,79.0
7273738,58,2024-01-01 00:00:24,0.89232,0.1444,2223.96429,35.0,79.0
7273738,58,2024-01-01 00:00:28,0.73904,0.09489,3619.49968,35.0,79.0
7273738,58,2024-01-01 00:00:17,0.5576,-0.02514,1409.7196,35.0,81.0
7273738,58,2024-01-01 00:00:20,0.80243,0.06558,0.01999,25.0,80.0
7273738,58,2024-01-01 00:00:20,1.02991,0.21196,1316.30467,25.0,79.0
7273738,58,2024-01-01 00:00:34,0.38436,0.15814,179.18372,25.0,79.0
7273738,58,2024-01-01 00:00:20,0.6718,0.15723,0.01999,25.0,79.0
7273738,58,2024-01-01 00:00:23,0.70401,0.10864,2300.89496,25.0,78.0
7273738,58,2024-01-01 00:00:21,0.6945,-0.03229,1345.23141,35.0,78.0
7273738,58,2024-01-01 00:00:24,0.91564,0.15246,1658.34725,35.0,79.0
7273738,58,2024-01-01 00:00:15,0.98801,0.20697,580.06277,45.0,78.0
7273738,58,2024-01-01 00:00:16,0.80393,0.06379,420.95704,35.0,76.0
7273738,58,2024-01-01 00:00:23,0.52286,0.16527,0.01999,35.0,75.0
7273738,58,2024-01-01 00:00:27,1.09046,0.23631,2984.0292,35.0,76.0
7273738,58,2024-01-01 00:00:34,0.75092,0.16722,3996.83815,25.0,74.0
7273738,58,2024-01-01 00:00:10,0.82352,0.23338,1322.98069,35.0,73.0
7273738,58,2024-01-01 00:00:29,0.16974,0.27811,1443.28183,25.0,76.0
7273738,58,2024-01-01 00:00:11,1.10831,0.19781,4628.31364,35.0,73.0
7273738,58,2024-01-01 00:00:15,0.30456,0.1121,3292.00329,35.0,74.0
7273738,58,2024-01-01 00:00:16,0.6248,0.05558,0.01999,35.0,70.0
7273738,58,2024-01-01 00:00:25,0.58598,0.26354,190.65143,25.0,74.0
7273738,58,2024-01-01 00:00:24,0.73077,0.32834,1947.82221,45.0,71.0
7273738,58,2024-01-01 00:00:23,1.21373,0.08923,1170.59977,45.0,74.0
7273738,58,2024-01-01 00:00:24,0.96899,0.13594,2090.19492,25.0,72.0
7273738,58,2024-01-01 00:00:24,0.68747,0.22701,0.01999,45.0,71.0
7273738,58,2024-01-01 00:00:43,0.94925,-0.02154,99.16973,35.0,74.0
7273738,58,2024-01-01 00:00:45,0.72462,-0.05544,0.01999,45.0,72.0
7273738,58,2024-01-01 00:00:44,0.74138,0.12525,0.01999,25.0,76.0
7273738,58,2024-01-01 00:00:49,1.01187,0.03848,78.88985,35.0,77.0
7273738,58,2024-01-01 00:00:52,0.78655,0.20152,981.08134,25.0,73.0
7273738,58,2024-01-01 00:00:23,1.21583,0.12589,230.9571,35.0,72.0
7273738,58,2024-01-01 00:00:32,0.81277,0.17391,0.01999,25.0,70.0
7273738,58,2024-01-01 00:00:38,1.59368,0.26093,0.01999,25.0,73.0
7273738,58,2024-01-01 00:00:37,1.01714,0.04207,840.82736,35.0,67.0
7273738,58,2024-01-01 00:00:33,0.68477,0.27681,0.01999,25.0,69.0
7273738,58,2024-01-01 00:00:26,0.4918,0.25603,536.97483,25.0,68.0
7273738,58,2024-01-01 00:00:38,0.90204,0.15582,0.01999,25.0,69.0
7273738,58,2024-01-01 00:00:38,0.87065,0.1882,245.26501,25.0,65.0
7273738,58,2024-01-01 00:00:28,1.53316,0.19187,0.01999,35.0,63.0
7273738,58,2024-01-01 00:00:36,0.60729,0.009,0.01999,25.0,66.0
7273738,58,2024-01-01 00:00:15,1.18161,0.21788,0.01999,25.0,63.0
7273738,58,2024-01-01 00:00:27,1.19905,0.24163,0.01999,25.0,66.0
7273738,58,2024-01-01 00:00:39,0.67632,0.2116,0.01999,25.0,62.0
7273738,58,2024-01-01 00:00:37,1.96551,0.06843,1424.03594,25.0,58.0
7273738,58,2024-01-01 00:00:40,1.52292,0.17934,0.01999,25.0,60.0
7273738,58,2024-01-01 00:00:40,1.02991,0.04573,0.01999,25.0,59.0
7273738,58,2024-01-01 00:00:47,1.52735,0.36285,1224.40314,35.0,58.0
7273738,58,2024-01-01 00:00:36,1.71055,3e-05,406.22676,25.0,59.0
7273738,58,2024-01-01 00:00:22,1.60624,0.08138,134.93978,25.0,59.0
7273738,58,2024-01-01 00:00:26,0.78234,0.08074,0.01999,25.0,53.0
7273738,58,2024-01-01 00:00:43,1.03343,0.35001,0.01999,25.0,55.0
7273738,58,2024-01-01 00:00:43,2.01633,0.11599,3256.84898,25.0,53.0
7273738,58,2024-01-01 00:00:29,0.86884,-0.07401,0.01999,25.0,52.0
7273738,58,2024-01-01 00:00:46,1.63769,0.58828,0.01999,25.0,50.0
7273738,58,2024-01-01 00:00:44,0.97667,0.17278,0.01999,25.0,48.0
7273738,58,2024-01-01 00:00:34,1.07318,-0.29375,1703.02039,25.0,50.0
7273738,58,2024-01-01 00:00:17,1.38022,0.29002,1726.84173,25.0,49.0
7273738,58,2024-01-01 00:00:29,1.18644,0.61879,195.34468,25.0,46.0
7273738,58,2024-01-01 00:00:43,0.96812,0.91647,888.13688,25.0,41.0
7273738,58,2024-01-01 00:00:37,1.59703,0.20885,1188.20543,25.0,45.0
7273738,58,2024-01-01 00:00:22,0.57778,0.75222,3026.28512,25.0,42.0
7273738,58,2024-01-01 00:00:24,0.59951,-0.40936,0.01999,25.0,37.0
7273738,58,2024-01-01 00:00:28,0.31743,0.54239,0.01999,25.0,37.0
7273738,58,2024-01-01 00:00:36,2.27532,0.36385,306.25501,25.0,28.0
7273738,58,2024-01-01 00:00:43,1.32362,-0.37162,0.01999,25.0,28.0
7273738,58,2024-01-01 00:00:40,2.36097,0.38834,2651.52971,25.0,35.0
7273738,58,2024-01-01 00:00:41,1.82858,0.36328,0.01999,25.0,31.0
7273738,58,2024-01-01 00:00:51,-0.14204,0.55689,0.01999,25.0,78.0
7273738,58,2024-01-01 00:00:38,0.16626,0.54177,2517.86366,25.0,59.0
7273738,58,2024-01-01 00:00:27,1.82147,0.22134,1376.27448,25.0,52.0
7273738,58,2024-01-01 00:00:43,1.21224,0.14806,2486.48655,25.0,51.0
7273738,58,2024-01-01 00:00:37,2.48518,0.08425,1284.85218,45.0,40.0
7273738,58,2024-01-01 00:00:32,1.67747,0.50793,1627.16913,25.0,43.0
7273738,58,2024-01-01 00:00:36,2.035,0.48276,153.06444,25.0,45.0
7273738,58,2024-01-01 00:00:31,1.55756,-0.21282,0.01999,25.0,38.0
7273738,58,2024-01-01 00:00:35,0.94288,0.20061,0.01999,25.0,40.0
7273738,58,2024-01-01 00:00:33,1.22687,0.2914,0.01999,25.0,43.0
7273738,58,2024-01-01 00:00:24,1.59601,0.27459,0.01999,25.0,42.0
7273738,58,2024-01-01 00:00:17,1.06695,0.1763,0.01999,35.0,35.0
7273738,58,2024-01-01 00:00:30,1.77632,0.82695,1488.9073,25.0,32.0
7273738,58,2024-01-01 00:00:41,1.84958,0.75751,2587.74565,25.0,36.0
7273738,58,2024-01-01 00:00:29,2.49394,0.72519,0.01999,25.0,38.0
7273738,58,2024-01-01 00:00:43,2.92041,1.1272,5016.36791,25.0,40.0
7273738,58,2024-01-01 00:00:43,2.85705,-0.86399,0.01999,25.0,39.0
7273738,58,2024-01-01 00:00:53,1.99522,0.98667,0.01999,25.0,33.0
7273738,58,2024-01-01 00:00:54,2.37417,0.3727,0.01999,25.0,32.0
7273738,58,2024-01-01 00:00:21,2.20766,0.7045,0.01999,25.0,35.0
7273738,58,2024-01-01 00:00:34,1.9185,0.13954,1166.44944,25.0,36.0
7273738,58,2024-01-01 00:00:30,1.34223,0.05809,0.01999,25.0,25.0
7273738,58,2024-01-01 00:00:20,1.46916,0.88725,0.01999,25.0,78.0
7273738,58,2024-01-01 00:00:29,1.47788,-0.00667,0.01999,25.0,42.0
7273738,58,2024-01-01 00:00:43,0.91417,0.15305,3144.32954,25.0,35.0
7273738,58,2024-01-01 00:00:28,3.02631,0.51528,598.67548,25.0,40.0
7273738,58,2024-01-01 00:00:29,1.10938,-0.37179,1196.1184,25.0,37.0
7273738,58,2024-01-01 00:00:29,1.70969,0.21415,4821.53149,25.0,33.0
7273738,58,2024-01-01 00:00:17,0.87449,-0.02472,1210.36615,25.0,29.0
7273738,58,2024-01-01 00:00:36,1.29273,0.70087,678.47346,25.0,28.0
7273738,58,2024-01-01 00:00:23,1.03475,0.80274,0.01999,25.0,33.0
7273738,58,2024-01-01 00:00:33,1.84916,0.79774,0.01999,25.0,32.0
7273738,58,2024-01-01 00:00:27,1.94685,0.22704,0.01999,25.0,32.0
7273738,58,2024-01-01 00:00:33,2.0526,0.56756,0.01999,25.0,25.0
7273738,58,2024-01-01 00:00:39,1.64278,0.65665,1284.91925,25.0,32.0
7273738,58,2024-01-01 00:00:47,1.15667,0.69218,569.13959,25.0,28.0
7273738,58,2024-01-01 00:00:41,1.39344,0.00262,4314.58193,25.0,31.0
7273738,58,2024-01-01 00:00:07,3.64209,0.50782,1352.38703,25.0,43.0
7273738,58,2024-01-01 00:00:40,-0.23731,0.31391,0.01999,25.0,35.0
7273738,58,2024-01-01 00:00:00,2.94673,1.49468,2266.15708,25.0,35.0
7273738,58,2024-01-01 00:00:01,1.77117,1.2879,1553.5465,25.0,14.0
7273738,58,2024-01-01 00:00:24,3.23671,1.40083,6871.14121,25.0,13.0
7273738,58,2024-01-01 00:00:14,1.89827,0.13624,1284.91925,25.0,32.0
7273738,58,2024-01-01 00:00:09,1.07826,1.07419,4172.55682,25.0,27.0
7273738,58,2024-01-01 00:00:19,1.26474,0.87564,4518.56014,25.0,24.0
7273738,58,2024-01-01 00:00:22,0.55604,0.15318,8981.9393,25.0,15.0
7273738,58,2024-01-01 00:00:17,1.44422,0.05724,1499.13408,25.0,18.0
7273738,58,2024-01-01 00:00:15,1.92185,-0.06251,0.01999,25.0,24.0
7273738,58,2024-01-01 00:00:20,2.96341,-0.15234,2857.70388,25.0,33.0
7273738,58,2024-01-01 00:00:22,1.8674,0.20495,0.01999,25.0,15.0
7273738,58,2024-01-01 00:00:39,-0.26885,0.18295,825.81994,25.0,25.0
7273738,58,2024-01-01 00:00:43,0.94288,0.32188,1586.78111,25.0,35.0
7273738,58,2024-01-01 00:00:24,2.08645,0.2466,0.01999,25.0,24.0
7273738,58,2024-01-01 00:00:28,0.13963,0.53586,1756.18389,25.0,22.0
7273738,58,2024-01-01 00:00:13,1.46815,-1.00463,1284.91925,25.0,27.0
7273738,58,2024-01-01 00:00:10,1.37692,0.43283,1037.20785,25.0,78.0
7273738,58,2024-01-01 00:00:05,0.82594,0.31492,3956.10017,25.0,49.0
7273738,58,2024-01-01 00:00:25,1.73437,-0.02631,485.55075,25.0,43.0
7273738,58,2024-01-01 00:00:27,1.25917,0.62014,1048.31434,25.0,38.0
7273738,58,2024-01-01 00:00:21,0.57953,0.43626,446.60233,25.0,36.0
7273738,58,2024-01-01 00:00:21,1.60478,-0.2061,2258.97258,25.0,35.0
7273738,58,2024-01-01 00:00:14,0.90769,-0.253,0.01999,25.0,32.0
7273738,58,2024-01-01 00:00:17,1.41683,0.93557,0.01999,25.0,36.0
7273738,58,2024-01-01 00:00:22,1.91994,-0.73629,3205.98151,25.0,31.0
7273738,58,2024-01-01 00:00:19,0.30964,0.34846,0.01999,25.0,30.0
7273738,58,2024-01-01 00:00:30,0.94288,0.26218,767.77192,25.0,23.0
7273738,58,2024-01-01 00:00:25,0.97515,0.567,4437.76815,25.0,23.0
7273738,58,2024-01-01 00:00:18,0.69921,-0.84071,1284.91925,25.0,28.0
7273738,58,2024-01-01 00:00:22,1.40807,-0.07297,1284.91925,25.0,26.0
7273738,58,2024-01-01 00:00:22,2.78551,0.69539,0.01999,25.0,35.0
7273738,58,2024-01-01 00:00:34,1.79553,0.46198,0.01999,25.0,24.0
7273738,58,2024-01-01 00:00:24,0.04492,-0.84368,687.825,25.0,30.0
7273738,58,2024-01-01 00:00:13,0.19471,0.29094,1689.62573,25.0,35.0
7273738,58,2024-01-01 00:00:20,0.71723,0.27061,6338.7658,25.0,28.0
7273738,58,2024-01-01 00:00:23,1.17255,0.089,4089.0468,25.0,30.0
7273738,58,2024-01-01 00:00:17,0.77166,0.22033,2425.53823,25.0,26.0
7273738,58,2024-01-01 00:00:23,1.31795,0.16252,2846.8765,25.0,29.0
7273738,58,2024-01-01 00:00:21,2.95715,0.1565,2154.0732,25.0,28.0
7273738,58,2024-01-01 00:00:30,0.92694,1.05455,3641.36591,25.0,23.0
7273738,58,2024-01-01 00:00:23,1.24793,0.45813,701.55504,25.0,19.0
7273738,58,2024-01-01 00:00:23,1.176,0.67453,4604.80935,25.0,25.0
7273738,58,2024-01-01 00:00:04,1.2242,-0.00728,0.01999,25.0,17.0
7273738,58,2024-01-01 00:00:31,1.30119,1.13042,590.03649,25.0,28.0
7273738,58,2024-01-01 00:00:20,1.30056,0.39341,860.67163,25.0,23.0
7273738,58,2024-01-01 00:00:25,1.12269,-0.23874,0.01999,25.0,18.0
7273738,58,2024-01-01 00:00:00,2.1339,-1.04622,1213.00189,25.0,20.0
7273738,58,2024-01-01 00:00:25,1.01609,0.30329,1319.25572,25.0,31.0
7273738,58,2024-01-01 00:00:27,0.94288,0.26041,2246.7886,25.0,25.0
7273738,58,2024-01-01 00:00:06,2.75369,-0.23491,0.01999,25.0,78.0
7273738,58,2024-01-01 00:00:30,1.76204,0.12185,1265.1109,25.0,50.0
7273738,58,2024-01-01 00:00:42,0.49088,-0.35552,735.79193,25.0,46.0
7273738,58,2024-01-01 00:00:22,1.28531,1.0349,1642.40621,25.0,49.0
7273738,58,2024-01-01 00:00:42,-0.15068,-0.00099,0.01999,25.0,38.0
7273738,58,2024-01-01 00:00:41,1.8551,0.49051,3865.57488,25.0,49.0
7273738,58,2024-01-01 00:00:19,2.23952,0.31423,2864.68016,25.0,46.0
7273738,58,2024-01-01 00:00:23,0.76645,0.80613,1002.63673,25.0,78.0
7273738,58,2024-01-01 00:00:27,0.80507,0.09865,0.01999,35.0,57.0
7273738,58,2024-01-01 00:00:20,0.58448,-0.12767,707.66337,25.0,55.0
7273738,58,2024-01-01 00:00:09,0.91916,0.09722,0.01999,25.0,57.0
7273738,58,2024-01-01 00:00:21,0.29198,0.15582,481.73734,25.0,55.0
7273738,58,2024-01-01 00:00:21,0.57483,0.13349,3989.52137,25.0,51.0
7273738,58,2024-01-01 00:00:26,1.00281,-0.03515,3906.34442,25.0,52.0
7273738,58,2024-01-01 00:00:23,1.08734,0.32397,681.57213,35.0,49.0
7273738,58,2024-01-01 00:00:17,0.32584,-0.08761,0.01999,35.0,47.0
7273738,58,2024-01-01 00:00:27,1.59472,0.16545,3477.17455,35.0,51.0
7273738,58,2024-01-01 00:00:37,0.92913,0.38787,0.01999,25.0,55.0
7273738,58,2024-01-01 00:00:32,0.5765,0.03406,0.01999,35.0,51.0
7273738,58,2024-01-01 00:00:46,1.61672,0.51413,0.01999,25.0,51.0
7273738,58,2024-01-01 00:00:19,0.97385,1.11438,1117.62666,25.0,46.0
7273738,58,2024-01-01 00:00:20,1.45484,0.28923,0.01999,25.0,43.0
7273738,58,2024-01-01 00:00:29,0.8734,0.47771,273.14219,25.0,78.0
7273738,58,2024-01-01 00:00:33,1.26744,0.59966,0.01999,25.0,62.0
7273738,58,2024-01-01 00:00:43,0.99183,0.59334,693.53681,25.0,57.0
7273738,58,2024-01-01 00:00:43,0.94394,0.04525,2552.30913,25.0,54.0
7273738,58,2024-01-01 00:00:44,2.41516,0.31417,25.32607,25.0,54.0
7273738,58,2024-01-01 00:00:48,1.25715,0.80932,0.01999,25.0,51.0
7273738,58,2024-01-01 00:00:38,1.66852,0.01468,0.01999,25.0,51.0
7273738,58,2024-01-01 00:00:43,0.66352,0.2462,0.01999,25.0,51.0
7273738,58,2024-01-01 00:00:29,2.66709,-0.10299,0.01999,25.0,51.0
7273738,58,2024-01-01 00:00:42,1.92187,0.12876,9.34112,35.0,51.0
7273738,58,2024-01-01 00:00:36,1.91959,0.41225,1983.40851,25.0,53.0
7273738,58,2024-01-01 00:00:29,1.83777,0.34894,1813.67252,25.0,55.0
7273738,58,2024-01-01 00:00:28,1.4362,0.28647,2479.5357,25.0,44.0
7273738,58,2024-01-01 00:00:35,1.38109,-0.08476,629.78626,25.0,49.0
7273738,58,2024-01-01 00:00:34,1.33642,0.28312,1326.43629,25.0,43.0
7273738,58,2024-01-01 00:00:16,1.07856,0.16897,0.01999,25.0,40.0
7273738,58,2024-01-01 00:00:12,0.98591,0.31932,222.91301,25.0,46.0
7273738,58,2024-01-01 00:00:22,0.73627,0.5712,0.01999,25.0,41.0
7273738,58,2024-01-01 00:00:35,1.19636,0.12994,707.65766,25.0,37.0
7273738,58,2024-01-01 00:00:22,1.20979,-0.01412,2017.2816,25.0,42.0
7273738,58,2024-01-01 00:00:33,0.83058,0.74164,0.01999,25.0,42.0
7273738,58,2024-01-01 00:00:09,1.03104,-0.1622,3351.23688,25.0,36.0
7273738,58,2024-01-01 00:00:32,1.3189,0.04624,718.52162,25.0,33.0
7273738,58,2024-01-01 00:00:34,1.74475,-0.74987,0.01999,25.0,38.0
7273738,58,2024-01-01 00:00:40,0.17902,0.22577,252.09388,25.0,41.0
7273738,58,2024-01-01 00:00:26,1.63999,0.58658,3600.51393,25.0,38.0
7273738,58,2024-01-01 00:00:32,0.75455,-0.03126,694.70891,25.0,41.0
7273738,58,2024-01-01 00:00:38,1.50358,0.06516,891.21388,25.0,45.0
7273738,58,2024-01-01 00:00:13,0.72191,0.69252,144.09113,25.0,44.0
7273738,58,2024-01-01 00:00:24,1.77199,0.09011,310.49247,25.0,34.0
7273738,58,2024-01-01 00:00:29,1.46562,-0.22051,986.67233,25.0,36.0
7273738,58,2024-01-01 00:00:39,0.67398,0.17866,1141.92243,25.0,43.0
7273738,58,2024-01-01 00:00:33,0.91527,0.13149,917.35077,25.0,43.0
7273738,58,2024-01-01 00:00:22,1.68023,0.13155,0.01999,25.0,38.0
7273738,58,2024-01-01 00:00:37,1.79158,0.85515,0.01999,25.0,36.0
7273738,58,2024-01-01 00:00:18,1.69901,0.41317,251.62686,25.0,37.0
7273738,58,2024-01-01 00:00:24,0.63864,1.67077,0.01999,25.0,36.0
7273738,58,2024-01-01 00:00:27,0.70144,0.75195,1808.03799,25.0,26.0
7273738,58,2024-01-01 00:00:20,2.00976,-0.04588,1869.34143,25.0,22.0
7273738,58,2024-01-01 00:00:33,0.93169,0.53344,2641.33115,25.0,29.0
7273738,58,2024-01-01 00:00:22,0.94288,0.28288,556.59153,25.0,32.0
7273738,58,2024-01-01 00:00:27,0.77428,0.69026,2394.57142,35.0,78.0
7273738,58,2024-01-01 00:00:28,1.29406,0.11804,3726.65341,25.0,58.0
7273738,58,2024-01-01 00:00:22,0.83648,0.32256,74.51696,25.0,44.0
7273738,58,2024-01-01 00:00:22,1.08204,0.19107,326.71785,25.0,53.0
7273738,58,2024-01-01 00:00:20,1.36844,-0.04261,0.01999,25.0,44.0
7273738,58,2024-01-01 00:00:43,1.00841,0.27395,3393.06671,25.0,45.0
7273738,58,2024-01-01 00:00:35,0.98029,-0.06647,0.01999,25.0,45.0
7273738,58,2024-01-01 00:00:26,0.68641,0.67251,2313.13724,25.0,40.0
7273738,58,2024-01-01 00:00:20,0.68095,-0.19491,1425.45631,45.0,47.0
7273738,58,2024-01-01 00:00:35,0.82936,-0.36089,46.02433,25.0,47.0
7273738,58,2024-01-01 00:00:28,0.52682,0.72203,0.01999,25.0,50.0
7273738,58,2024-01-01 00:00:27,-0.20655,0.1005,0.01999,25.0,48.0
7273738,58,2024-01-01 00:00:23,1.77181,0.64021,987.94803,25.0,45.0
7273738,58,2024-01-01 00:00:07,2.21284,0.28808,0.01999,35.0,37.0
7273738,58,2024-01-01 00:00:37,1.11787,0.72022,1285.49368,25.0,38.0
7273738,58,2024-01-01 00:00:28,1.03211,0.20259,3656.59523,25.0,33.0
7273738,58,2024-01-01 00:00:18,0.70913,-0.12869,1948.11801,25.0,41.0
7273738,58,2024-01-01 00:00:27,0.71117,-0.17243,3341.4256,25.0,37.0
7273738,58,2024-01-01 00:00:09,1.46297,0.1454,342.04623,25.0,35.0
7273738,58,2024-01-01 00:00:24,-1.0652,-0.2215,2353.22022,25.0,33.0
7273738,58,2024-01-01 00:00:20,0.39301,1.05458,680.33918,25.0,38.0
7273738,58,2024-01-01 00:00:26,1.03085,0.02819,945.85487,25.0,35.0
7273738,58,2024-01-01 00:00:23,1.85795,0.25479,1284.91925,25.0,34.0
7273738,58,2024-01-01 00:00:32,1.84384,0.55633,0.01999,25.0,34.0
7273738,58,2024-01-01 00:00:49,0.82027,1.01623,2590.00083,25.0,34.0
7273738,58,2024-01-01 00:00:30,1.09745,-0.05711,242.82965,25.0,39.0
7273738,58,2024-01-01 00:00:31,1.31816,0.45883,3185.72568,25.0,37.0
7273738,58,2024-01-01 00:00:30,2.07118,-0.20503,1019.91797,25.0,36.0
7273738,58,2024-01-01 00:00:25,1.06132,-0.02523,0.01999,25.0,40.0
7273738,58,2024-01-01 00:00:19,1.71366,0.77226,0.01999,25.0,36.0
7273738,58,2024-01-01 00:00:24,1.5625,0.43667,0.01999,25.0,36.0
7273738,58,2024-01-01 00:00:32,1.45498,0.6442,0.01999,25.0,34.0
7273738,58,2024-01-01 00:00:51,3.79508,-0.2883,0.01999,25.0,33.0
7273738,58,2024-01-01 00:00:39,1.40695,1.26103,0.01999,25.0,27.0
7273738,58,2024-01-01 00:00:53,2.85087,0.97924,637.73367,25.0,40.0
7273738,58,2024-01-01 00:00:58,2.81536,0.89449,2274.25232,25.0,43.0
7273738,58,2024-01-01 00:00:42,2.93828,0.11652,0.01999,25.0,33.0
7273738,58,2024-01-01 00:00:51,2.95442,0.88415,2758.76197,25.0,43.0
7273738,58,2024-01-01 00:00:35,-1.37012,1.44594,0.01999,25.0,37.0
7273738,58,2024-01-01 00:00:45,2.09216,1.20354,0.01999,25.0,28.0
7273738,58,2024-01-01 00:00:46,2.10169,0.54107,0.01999,25.0,26.0
7273738,58,2024-01-01 00:00:58,2.90117,-0.3802,0.01999,35.0,28.0
7273738,58,2024-01-01 00:00:58,0.67399,0.09832,233.02236,25.0,33.0
7273738,58,2024-01-01 00:00:34,2.945,0.69274,4364.08871,25.0,39.0
7273738,58,2024-01-01 00:00:29,2.88981,0.53835,1242.3237,25.0,37.0
7273738,58,2024-01-01 00:00:45,1.47211,0.11836,4236.04605,25.0,35.0
7273738,58,2024-01-01 00:00:43,2.14937,-0.01625,0.01999,25.0,37.0
7273738,58,2024-01-01 00:00:49,2.78128,0.39363,0.01999,25.0,44.0
7273738,58,2024-01-01 00:00:44,1.96714,0.93835,1808.91685,25.0,43.0
7273738,58,2024-01-01 00:00:45,1.80472,0.73082,630.94268,25.0,36.0
7273738,58,2024-01-01 00:00:58,2.77453,0.60408,1872.7891,25.0,37.0
7273738,58,2024-01-01 00:00:46,2.35398,0.42536,2943.08533,25.0,39.0
7273738,58,2024-01-01 00:00:35,1.65566,1.35117,0.01999,25.0,41.0
7273738,58,2024-01-01 00:00:46,0.94288,0.19101,0.01999,25.0,33.0
7273738,58,2024-01-01 00:00:46,0.85227,0.50258,104.05318,25.0,19.0
7273738,58,2024-01-01 00:00:23,0.94288,-0.52116,0.01999,25.0,31.0
7273738,58,2024-01-01 00:00:20,2.63249,0.13954,950.58766,25.0,22.0
7273738,58,2024-01-01 00:00:26,0.54693,-0.33303,597.89312,25.0,28.0
7273738,58,2024-01-01 00:00:32,2.7255,-1.05795,2806.25103,25.0,37.0
7273738,58,2024-01-01 00:00:24,1.70726,0.46436,5634.21129,35.0,24.0
7273738,58,2024-01-01 00:00:15,3.15796,0.54832,1600.15943,25.0,18.0
7273738,58,2024-01-01 00:00:11,0.30641,0.0941,1257.87556,25.0,27.0
7273738,58,2024-01-01 00:00:00,0.95198,-0.22043,581.46328,25.0,26.0
7273738,58,2024-01-01 00:00:07,1.7994,0.53661,4309.34415,25.0,34.0
7273738,58,2024-01-01 00:00:11,1.11053,0.40635,1310.93001,25.0,18.0
7273738,58,2024-01-01 00:00:01,0.83666,0.13954,5647.62878,25.0,15.0
7273738,58,2024-01-01 00:00:02,1.61032,-0.36326,1855.09497,25.0,24.0
7273738,58,2024-01-01 00:00:08,1.49905,0.27118,3668.16915,25.0,24.0
7273738,58,2024-01-01 00:00:17,0.95101,0.55086,3007.79007,25.0,11.0
7273738,58,2024-01-01 00:00:18,1.07766,0.23552,9709.71664,25.0,19.0
7273738,58,2024-01-01 00:00:21,1.21696,0.06158,0.01999,25.0,19.0
7273738,58,2024-01-01 00:00:20,-0.73269,-0.41022,959.5622,25.0,28.0
7273738,58,2024-01-01 00:00:18,1.07194,0.28401,436.00572,25.0,24.0
7273738,58,2024-01-01 00:00:21,1.45659,0.59807,4127.765,25.0,29.0
7273738,58,2024-01-01 00:00:09,0.25793,0.13383,5352.75248,25.0,25.0
7273738,58,2024-01-01 00:00:08,2.0477,0.45541,3055.17979,25.0,20.0
7273738,58,2024-01-01 00:00:27,1.94276,0.03213,3659.39421,25.0,22.0
7273738,58,2024-01-01 00:00:23,2.53735,0.59926,2650.62305,35.0,29.0
7273738,58,2024-01-01 00:00:01,1.55254,1.26833,4587.59516,25.0,16.0
7273738,58,2024-01-01 00:00:06,1.07868,0.13954,0.01999,25.0,78.0
7273738,58,2024-01-01 00:00:13,1.82561,0.16658,1059.78516,25.0,48.0
7273738,58,2024-01-01 00:00:20,1.65455,-0.32666,4073.94891,25.0,44.0
7273738,58,2024-01-01 00:00:21,0.47851,0.12953,0.01999,25.0,39.0
7273738,58,2024-01-01 00:00:18,1.18434,0.25986,1901.09463,25.0,39.0
7273738,58,2024-01-01 00:00:25,1.37191,-0.52141,0.01999,25.0,43.0
7273738,58,2024-01-01 00:00:27,1.94596,0.03366,0.01999,25.0,43.0
7273738,58,2024-01-01 00:00:39,0.20195,0.76844,936.81874,25.0,39.0
7273738,58,2024-01-01 00:00:15,1.59874,0.29062,0.01999,25.0,42.0
7273738,58,2024-01-01 00:00:36,1.8681,-0.0405,1284.91925,25.0,38.0
7273738,58,2024-01-01 00:00:24,-0.43265,0.65053,0.01999,25.0,39.0
7273738,58,2024-01-01 00:00:27,0.49847,-0.3467,0.01999,25.0,30.0
7273738,58,2024-01-01 00:00:28,1.72308,-0.84809,0.01999,25.0,30.0
7273738,58,2024-01-01 00:00:25,2.04398,-0.18148,0.01999,25.0,25.0
7273738,58,2024-01-01 00:00:11,2.16751,0.24705,1298.94533,25.0,29.0
7273738,58,2024-01-01 00:00:16,1.2671,0.29345,0.01999,25.0,33.0
7273738,58,2024-01-01 00:00:26,1.63717,-0.2207,2797.72766,25.0,31.0
7273738,58,2024-01-01 00:00:28,1.79374,0.31755,1091.40692,25.0,33.0
7273738,58,2024-01-01 00:00:14,1.07691,-0.3112,3328.23628,25.0,36.0
7273738,58,2024-01-01 00:00:23,0.35264,0.29146,3416.78004,25.0,22.0
7273738,58,2024-01-01 00:00:15,1.99088,0.21756,5027.02319,25.0,33.0
7273738,58,2024-01-01 00:00:31,1.62424,0.66844,0.01999,25.0,26.0
7273738,58,2024-01-01 00:00:11,0.25873,1.23516,1074.17451,25.0,30.0
7273738,58,2024-01-01 00:00:29,1.00781,-0.3209,2490.35677,25.0,29.0
7273738,58,2024-01-01 00:00:24,1.08791,0.21571,2520.57667,25.0,26.0
7273738,58,2024-01-01 00:00:08,1.08092,0.75504,2121.02879,25.0,34.0
7273738,58,2024-01-01 00:00:35,0.92519,0.56116,2307.53855,35.0,78.0
7273738,58,2024-01-01 00:00:29,1.5977,0.04284,1714.31632,45.0,48.0
7273738,58,2024-01-01 00:00:46,0.96697,0.07035,381.53389,25.0,44.0
7273738,58,2024-01-01 00:00:26,1.9281,-0.05915,1747.91617,25.0,50.0
7273738,58,2024-01-01 00:00:28,1.25087,0.15596,0.01999,25.0,47.0
7273738,58,2024-01-01 00:00:21,0.7712,0.66634,1894.38909,25.0,45.0
7273738,58,2024-01-01 00:00:37,1.52323,0.04037,0.01999,25.0,40.0
7273738,58,2024-01-01 00:00:23,1.19834,0.54269,1593.56208,25.0,44.0
7273738,58,2024-01-01 00:00:31,2.54156,0.51008,0.01999,25.0,40.0
7273738,58,2024-01-01 00:00:24,1.31595,0.35456,499.1915,25.0,44.0
7273738,58,2024-01-01 00:00:22,0.98561,0.21071,1318.59852,25.0,42.0
7273738,58,2024-01-01 00:00:33,0.5866,0.09217,1284.91925,25.0,29.0
7273738,58,2024-01-01 00:00:41,1.62656,-0.39134,0.01999,25.0,35.0
7273738,58,2024-01-01 00:00:22,1.04742,0.61055,0.01999,25.0,43.0
7273738,58,2024-01-01 00:00:17,1.23191,0.52664,1429.56293,35.0,78.0
7273738,58,2024-01-01 00:00:35,1.02405,0.37805,3245.43974,35.0,54.0
7273738,58,2024-01-01 00:00:44,1.2696,0.14436,0.01999,25.0,52.0
7273738,58,2024-01-01 00:00:58,1.30947,0.19715,0.01999,25.0,51.0
7273738,58,2024-01-01 00:00:29,1.33352,0.26904,0.01999,25.0,53.0
7273738,58,2024-01-01 00:00:46,1.70409,0.25379,1666.08849,25.0,48.0
7273738,58,2024-01-01 00:00:36,1.41588,0.15594,693.21483,25.0,45.0
7273738,58,2024-01-01 00:00:48,2.04437,-0.18261,2772.67666,35.0,44.0
7273738,58,2024-01-01 00:00:21,0.88207,-0.36344,0.01999,25.0,48.0
7273738,58,2024-01-01 00:00:36,0.7999,0.01755,279.94367,25.0,46.0
7273738,58,2024-01-01 00:00:20,0.55079,0.16448,2100.50589,25.0,46.0
7273738,58,2024-01-01 00:00:33,0.62133,0.05839,4220.05423,25.0,45.0
7273738,58,2024-01-01 00:00:15,0.3369,0.13185,0.01999,25.0,41.0
7273738,58,2024-01-01 00:00:16,1.14335,-0.03326,502.92777,25.0,47.0
7273738,58,2024-01-01 00:00:20,1.67352,0.03097,0.01999,35.0,40.0
7273738,58,2024-01-01 00:00:31,1.21489,0.20072,0.01999,25.0,46.0
7273738,58,2024-01-01 00:00:37,2.31637,0.04885,504.13408,25.0,44.0
7273738,58,2024-01-01 00:00:17,1.18808,0.22771,184.6609,25.0,34.0
7273738,58,2024-01-01 00:00:38,0.09737,0.75602,0.01999,25.0,39.0
7273738,58,2024-01-01 00:00:22,0.7463,0.12022,0.01999,25.0,41.0
7273738,58,2024-01-01 00:00:16,0.33719,0.16794,0.01999,25.0,38.0
7273738,58,2024-01-01 00:00:16,1.83061,0.96798,2209.41428,25.0,38.0
7273738,58,2024-01-01 00:00:09,2.02664,0.33488,1580.37629,25.0,32.0
7273738,58,2024-01-01 00:00:24,2.12536,0.53344,0.01999,25.0,34.0
7273738,58,2024-01-01 00:00:29,0.94288,0.13954,1400.74813,25.0,29.0
7273738,58,2024-01-01 00:00:37,2.14069,0.5566,580.03909,25.0,33.0
7273738,58,2024-01-01 00:00:20,0.86887,-0.0999,0.01999,25.0,39.0
7273738,58,2024-01-01 00:00:05,0.81086,-0.01167,0.01999,25.0,28.0
7273738,58,2024-01-01 00:00:09,0.59074,0.488,1795.95315,25.0,34.0
7273738,58,2024-01-01 00:00:21,0.22697,0.43407,0.01999,25.0,29.0
7273738,58,2024-01-01 00:00:24,0.64791,0.21566,1808.74177,25.0,32.0
7273738,58,2024-01-01 00:00:13,2.28598,0.19881,0.01999,25.0,29.0
7273738,58,2024-01-01 00:00:25,2.70861,-0.55417,928.97574,25.0,22.0
7273738,58,2024-01-01 00:00:29,0.69661,-0.51243,0.01999,25.0,39.0
7273738,58,2024-01-01 00:00:39,0.90903,0.32024,1582.55085,25.0,32.0
7273738,58,2024-01-01 00:00:39,0.94288,0.18909,4568.71598,25.0,28.0
7273738,58,2024-01-01 00:00:41,1.30822,0.4338,0.01999,25.0,38.0
7273738,58,2024-01-01 00:00:41,1.30641,0.16268,327.92546,25.0,34.0
7273738,58,2024-01-01 00:00:16,1.2486,0.50767,0.01999,25.0,26.0
7273738,58,2024-01-01 00:00:45,1.3871,-0.62271,3966.62586,25.0,78.0
7273738,58,2024-01-01 00:00:27,0.7402,0.09936,1032.48972,25.0,59.0
7273738,58,2024-01-01 00:00:50,0.62536,-0.0331,839.28194,25.0,54.0
11857206,0,2024-01-01 00:00:21,0.84856,0.0743,1284.91925,35.0,72.0
11857206,1,2024-01-01 00:00:35,0.57113,-0.18876,2542.99672,25.0,79.0
11857206,2,2024-01-01 00:00:32,1.1252,0.2744,608.51841,25.0,78.0
11857206,3,2024-01-01 00:00:30,1.24036,0.30129,0.01999,45.0,79.0
11857206,4,2024-01-01 00:00:45,0.8894,0.12776,1265.76697,25.0,77.0
11857206,5,2024-01-01 00:00:30,0.91271,0.02704,89.32113,25.0,73.0
11857206,6,2024-01-01 00:00:27,0.72811,0.12873,0.01999,45.0,77.0
11857206,7,2024-01-01 00:00:34,1.0172,0.39273,0.01999,45.0,78.0
11857206,8,2024-01-01 00:00:30,0.82892,0.17716,0.01999,25.0,77.0
11857206,9,2024-01-01 00:00:34,1.1368,0.11708,407.21121,45.0,82.0
11857206,10,2024-01-01 00:00:25,1.09153,-0.04945,4098.248,25.0,79.0
11857206,11,2024-01-01 00:00:33,1.29176,0.12155,0.01999,25.0,79.0
11857206,12,2024-01-01 00:00:46,1.29734,0.0904,0.01999,35.0,75.0
11857206,13,2024-01-01 00:00:34,1.31771,0.12125,324.36594,35.0,78.0
11857206,14,2024-01-01 00:00:49,0.86763,0.20705,269.71903,35.0,78.0
11857206,15,2024-01-01 00:00:28,0.69223,0.34244,0.01999,25.0,77.0
11857206,16,2024-01-01 00:00:22,1.03152,-0.02282,0.01999,25.0,78.0
11857206,17,2024-01-01 00:00:26,1.00542,0.32543,0.01999,35.0,75.0
11857206,18,2024-01-01 00:00:43,1.66066,-0.14141,0.01999,35.0,73.0
11857206,19,2024-01-01 00:00:30,1.41692,0.21685,490.37517,25.0,75.0
11857206,20,2024-01-01 00:00:10,1.65487,0.2252,0.01999,25.0,78.0
11857206,21,2024-01-01 00:00:19,0.47059,0.02636,2570.211,35.0,75.0
11857206,22,2024-01-01 00:00:17,0.93819,0.19192,0.01999,25.0,79.0
11857206,23,2024-01-01 00:00:31,1.14734,0.1668,1190.93107,35.0,79.0
11857206,24,2024-01-01 00:00:26,0.76637,-0.25823,853.69391,45.0,81.0
11857206,25,2024-01-01 00:00:25,0.92338,0.1539,0.01999,35.0,86.0
11857206,26,2024-01-01 00:00:15,0.79843,0.07644,0.01999,45.0,85.0
11857206,27,2024-01-01 00:00:30,0.99001,-0.00519,0.01999,45.0,82.0
11857206,28,2024-01-01 00:00:40,0.7298,0.18615,1346.54151,35.0,82.0
11857206,29,2024-01-01 00:00:34,1.01483,0.15303,691.99691,35.0,80.0
11857206,30,2024-01-01 00:00:29,0.94643,0.24081,73.36059,45.0,81.0
11857206,31,2024-01-01 00:00:38,1.05047,0.40618,1091.21748,45.0,77.0
11857206,32,2024-01-01 00:00:36,1.26071,0.05784,223.56532,25.0,79.0
11857206,33,2024-01-01 00:00:53,0.98677,0.02808,342.69492,45.0,80.0
11857206,34,2024-01-01 00:00:43,1.28041,0.24666,797.13436,25.0,81.0
11857206,35,2024-01-01 00:00:34,1.12203,0.26598,0.01999,25.0,79.0
11857206,36,2024-01-01 00:00:32,1.56992,0.17385,0.01999,35.0,77.0
11857206,37,2024-01-01 00:00:39,0.79618,0.46591,0.01999,35.0,76.0
11857206,38,2024-01-01 00:00:36,1.32575,0.19566,529.56666,25.0,76.0
11857206,39,2024-01-01 00:00:37,0.80891,0.2662,2033.41991,35.0,73.0
11857206,40,2024-01-01 00:00:31,0.84132,0.566,2387.83409,25.0,71.0
11857206,41,2024-01-01 00:00:32,0.8773,0.02922,942.31637,35.0,73.0
11857206,42,2024-01-01 00:00:27,0.83941,-0.0206,0.01999,25.0,73.0
11857206,43,2024-01-01 00:00:32,0.92982,0.065,0.01999,45.0,73.0
11857206,44,2024-01-01 00:00:26,1.11973,0.14165,456.53429,25.0,74.0
11857206,45,2024-01-01 00:00:27,0.73298,-0.13586,0.01999,35.0,75.0
11857206,46,2024-01-01 00:00:20,0.68181,0.1637,102.73389,25.0,77.0
11857206,47,2024-01-01 00:00:22,1.07102,-0.05299,2129.51475,25.0,75.0
11857206,48,2024-01-01 00:00:12,0.86401,0.01757,0.01999,25.0,75.0
11857206,49,2024-01-01 00:00:38,0.87524,0.06242,819.84231,45.0,73.0
11857206,50,2024-01-01 00:00:26,0.88073,-0.0045,229.87258,35.0,75.0
11857206,51,2024-01-01 00:00:21,1.10159,0.13107,472.38288,35.0,73.0
11857206,52,2024-01-01 00:00:14,0.89422,0.2252,0.01999,35.0,76.0
11857206,53,2024-01-01 00:00:21,0.3033,0.05827,1891.77085,25.0,78.0
11857206,54,2024-01-01 00:00:23,0.8876,0.08803,114.59353,25.0,75.0
11857206,55,2024-01-01 00:00:29,0.48871,0.14868,0.01999,35.0,72.0
11857206,56,2024-01-01 00:00:28,0.40183,0.15109,0.01999,25.0,77.0
11857206,57,2024-01-01 00:00:12,1.13283,-0.00883,1452.50652,25.0,74.0
11857206,58,2024-01-01 00:00:10,0.9775,-0.02038,3145.33971,25.0,75.0
11857206,58,2024-01-01 00:00:12,0.77744,0.12725,481.02219,25.0,73.0
11857206,58,2024-01-01 00:00:24,0.84408,-0.17144,3627.73509,25.0,72.0
11857206,58,2024-01-01 00:00:18,0.68558,0.12954,1064.06878,35.0,73.0
11857206,58,2024-01-01 00:00:22,0.04821,0.13044,874.11057,45.0,71.0
11857206,58,2024-01-01 00:00:25,0.56994,0.13937,1351.1338,25.0,73.0
11857206,58,2024-01-01 00:00:19,0.85426,0.10901,0.01999,45.0,75.0
11857206,58,2024-01-01 00:00:23,0.40043,0.05086,1879.3741,35.0,71.0
11857206,58,2024-01-01 00:00:28,0.52264,0.17928,160.31633,35.0,74.0
11857206,58,2024-01-01 00:00:34,0.5539,0.20601,0.01999,45.0,77.0
11857206,58,2024-01-01 00:00:33,0.70957,0.03834,1284.91925,35.0,80.0
11857206,58,2024-01-01 00:00:19,0.6426,0.08465,291.78623,35.0,80.0
11857206,58,2024-01-01 00:00:18,0.83102,0.12923,2816.59978,35.0,80.0
11857206,58,2024-01-01 00:00:15,0.87942,0.04714,0.01999,45.0,78.0
11857206,58,2024-01-01 00:00:25,0.76887,0.02541,1938.91852,45.0,77.0
11857206,58,2024-01-01 00:00:25,0.92811,0.27069,3306.14931,45.0,78.0
11857206,58,2024-01-01 00:00:29,0.67452,-0.02952,1748.15725,35.0,78.0
11857206,58,2024-01-01 00:00:17,0.53101,0.08835,1104.99504,35.0,77.0
11857206,58,2024-01-01 00:00:29,0.54836,0.12888,0.01999,35.0,81.0
11857206,58,2024-01-01 00:00:22,0.6043,0.16114,1404.65446,35.0,77.0
11857206,58,2024-01-01 00:00:25,0.59877,0.05972,940.05768,45.0,78.0
11857206,58,2024-01-01 00:00:14,0.56765,0.01237,3459.84468,25.0,79.0
11857206,58,2024-01-01 00:00:22,0.71805,0.15864,4983.14592,45.0,77.0
11857206,58,2024-01-01 00:00:16,0.71122,0.04841,3330.99237,25.0,83.0
11857206,58,2024-01-01 00:00:10,0.68038,0.0519,3722.4841,45.0,82.0
11857206,58,2024-01-01 00:00:26,0.36807,0.0184,2845.20075,45.0,84.0
11857206,58,2024-01-01 00:00:08,1.24998,0.11081,253.16875,25.0,81.0
11857206,58,2024-01-01 00:00:20,0.47232,0.19311,671.17381,35.0,82.0
11857206,58,2024-01-01 00:00:13,0.82951,0.08971,2316.03833,45.0,79.0
11857206,58,2024-01-01 00:00:04,0.95148,0.19998,914.63759,35.0,82.0
11857206,58,2024-01-01 00:00:14,0.68878,0.19779,548.29624,25.0,82.0
11857206,58,2024-01-01 00:00:27,0.8516,0.07684,0.01999,45.0,82.0
11857206,58,2024-01-01 00:00:21,0.39694,0.13857,0.01999,25.0,81.0
11857206,58,2024-01-01 00:00:21,0.96663,0.254,3292.5974,45.0,83.0
11857206,58,2024-01-01 00:00:16,0.87329,0.24279,1229.1759,45.0,82.0
11857206,58,2024-01-01 00:00:15,0.73037,0.06022,3498.23298,35.0,82.0
11857206,58,2024-01-01 00:00:12,0.69006,0.06517,2177.02042,35.0,80.0
11857206,58,2024-01-01 00:00:18,0.6076,0.07991,0.01999,35.0,82.0
11857206,58,2024-01-01 00:00:24,0.57715,0.24602,0.01999,35.0,80.0
11857206,58,2024-01-01 00:00:22,0.59975,0.11558,499.24395,45.0,81.0
11857206,58,2024-01-01 00:00:21,1.23649,0.04962,1463.19253,35.0,81.0
11857206,58,2024-01-01 00:00:46,0.8094,0.21392,1257.21492,35.0,79.0
11857206,58,2024-01-01 00:00:55,1.15973,0.02354,0.01999,35.0,78.0
11857206,58,2024-01-01 00:00:36,0.77374,0.01067,930.94044,25.0,78.0
11857206,58,2024-01-01 00:00:35,0.92438,-0.02822,0.01999,25.0,76.0
11857206,58,2024-01-01 00:00:31,0.93982,0.21968,2.35593,25.0,75.0
11857206,58,2024-01-01 00:00:40,0.97336,0.16783,1584.30175,25.0,77.0
11857206,58,2024-01-01 00:00:44,1.2281,0.28957,1993.9218,25.0,76.0
11857206,58,2024-01-01 00:00:29,1.32188,0.02232,27.30834,25.0,72.0
11857206,58,2024-01-01 00:00:44,1.14404,0.14123,0.01999,45.0,75.0
11857206,58,2024-01-01 00:00:45,1.07933,0.29153,0.01999,45.0,80.0
11857206,58,2024-01-01 00:00:36,0.99128,0.23249,0.01999,25.0,79.0
11857206,58,2024-01-01 00:00:33,1.16929,0.21147,3273.6098,25.0,76.0
11857206,58,2024-01-01 00:00:35,0.77844,0.11521,2499.42439,25.0,78.0
11857206,58,2024-01-01 00:00:30,0.78072,0.09052,1503.30233,45.0,75.0
11857206,58,2024-01-01 00:00:47,0.65111,-0.0475,0.01999,25.0,78.0
11857206,58,2024-01-01 00:00:42,1.38747,0.1585,1822.16948,45.0,77.0
11857206,58,2024-01-01 00:00:23,1.08246,0.1388,403.856,45.0,76.0
11857206,58,2024-01-01 00:00:42,1.12901,0.03361,2146.17735,35.0,78.0
11857206,58,2024-01-01 00:00:33,0.99958,0.1018,731.62563,45.0,79.0
11857206,58,2024-01-01 00:00:42,0.6997,-0.12151,2132.59203,45.0,79.0
11857206,58,2024-01-01 00:00:33,1.22679,0.16799,0.01999,25.0,81.0
11857206,58,2024-01-01 00:00:42,1.16118,0.21556,1169.30569,35.0,73.0
11857206,58,2024-01-01 00:00:51,1.02038,0.13831,2628.33454,25.0,75.0
11857206,58,2024-01-01 00:00:41,0.81534,0.34022,1319.81611,25.0,74.0
11857206,58,2024-01-01 00:00:27,0.95273,0.0735,1542.43984,25.0,72.0
11857206,58,2024-01-01 00:00:20,0.85991,0.09791,957.60207,25.0,73.0
11857206,58,2024-01-01 00:00:33,1.4682,0.20627,1229.61946,35.0,74.0
11857206,58,2024-01-01 00:00:41,0.96343,0.13954,1284.91925,25.0,74.0
11857206,58,2024-01-01 00:00:36,1.19244,0.21223,1658.20462,45.0,76.0
11857206,58,2024-01-01 00:00:49,0.986,0.04819,0.01999,45.0,76.0
11857206,58,2024-01-01 00:00:38,0.73704,0.12146,1156.04503,45.0,77.0
11857206,58,2024-01-01 00:00:32,1.06969,0.06514,0.01999,35.0,78.0
11857206,58,2024-01-01 00:00:24,0.5129,0.23359,0.01999,35.0,79.0
11857206,58,2024-01-01 00:00:30,0.89904,0.13334,1712.8157,25.0,77.0
11857206,58,2024-01-01 00:00:25,0.77924,0.09867,362.06739,25.0,78.0
11857206,58,2024-01-01 00:00:48,1.04546,0.07069,1885.60302,45.0,75.0
11857206,58,2024-01-01 00:00:51,1.38251,0.05357,0.01999,35.0,76.0
11857206,58,2024-01-01 00:00:45,1.33082,0.18342,202.27538,25.0,77.0
11857206,58,2024-01-01 00:00:41,0.31068,0.03075,0.01999,25.0,78.0
11857206,58,2024-01-01 00:00:40,0.80071,0.02085,0.01999,35.0,77.0
11857206,58,2024-01-01 00:00:36,1.07316,0.03029,873.47956,45.0,79.0
11857206,58,2024-01-01 00:00:38,0.95364,0.40207,508.11431,35.0,78.0
11857206,58,2024-01-01 00:00:31,0.9893,0.24978,3186.94211,45.0,79.0
11857206,58,2024-01-01 00:00:20,0.62621,0.22405,1049.48935,45.0,79.0
11857206,58,2024-01-01 00:00:33,0.66065,0.34711,0.01999,45.0,80.0
11857206,58,2024-01-01 00:00:19,0.81632,0.11732,475.64108,35.0,80.0
11857206,58,2024-01-01 00:00:17,0.93829,0.17925,2155.57907,35.0,78.0
11857206,58,2024-01-01 00:00:25,0.88007,0.0878,3144.35442,45.0,75.0
11857206,58,2024-01-01 00:00:23,0.94108,-0.02466,0.01999,25.0,76.0
11857206,58,2024-01-01 00:00:32,0.91219,0.12324,0.01999,35.0,75.0
11857206,58,2024-01-01 00:00:37,0.469,0.18362,0.01999,25.0,74.0
11857206,58,2024-01-01 00:00:24,1.1367,0.288,263.14563,25.0,76.0
11857206,58,2024-01-01 00:00:21,0.87262,0.1116,738.34139,35.0,75.0
11857206,58,2024-01-01 00:00:25,0.66136,0.30343,719.67776,45.0,76.0
11857206,58,2024-01-01 00:00:34,0.84939,0.26683,2923.72586,25.0,74.0
11857206,58,2024-01-01 00:00:08,0.53531,0.1508,666.12976,25.0,73.0
11857206,58,2024-01-01 00:00:25,0.99461,0.01191,4205.47247,35.0,75.0
11857206,58,2024-01-01 00:00:37,0.57428,0.14112,0.01999,35.0,76.0
11857206,58,2024-01-01 00:00:29,0.67496,0.20988,850.81566,45.0,77.0
11857206,58,2024-01-01 00:00:34,1.231,-0.03527,0.01999,35.0,78.0
11857206,58,2024-01-01 00:00:38,0.82744,0.08729,0.01999,45.0,73.0
11857206,58,2024-01-01 00:00:31,0.92308,0.08812,1199.29097,35.0,75.0
11857206,58,2024-01-01 00:00:41,0.94288,0.28465,1702.817,45.0,81.0
11857206,58,2024-01-01 00:00:16,0.96131,0.22132,0.01999,45.0,78.0
11857206,58,2024-01-01 00:00:35,0.73128,0.14511,2110.87024,25.0,77.0
11857206,58,2024-01-01 00:00:30,0.87675,0.37261,3110.10444,35.0,79.0
11857206,58,2024-01-01 00:00:20,1.00155,0.16641,1435.8596,35.0,80.0
11857206,58,2024-01-01 00:00:29,0.74922,0.20171,2366.40768,45.0,79.0
11857206,58,2024-01-01 00:00:38,0.94288,0.19897,110.77826,25.0,82.0
11857206,58,2024-01-01 00:00:42,0.73467,0.22789,480.8718,35.0,83.0
11857206,58,2024-01-01 00:00:27,0.55873,0.17726,2044.99753,35.0,79.0
11857206,58,2024-01-01 00:00:23,0.54172,0.19731,690.76303,45.0,82.0
11857206,58,2024-01-01 00:00:22,-0.0472,0.12023,4237.09613,25.0,85.0
11857206,58,2024-01-01 00:00:27,0.31906,0.03586,471.67636,35.0,81.0
11857206,58,2024-01-01 00:00:21,0.78566,0.02494,3087.04778,35.0,83.0
11857206,58,2024-01-01 00:00:20,0.31125,0.08135,782.01675,35.0,82.0
11857206,58,2024-01-01 00:00:18,0.75708,0.12746,3676.51948,35.0,83.0
11857206,58,2024-01-01 00:00:24,0.45065,0.13243,3020.88229,45.0,80.0
11857206,58,2024-01-01 00:00:31,0.53385,0.12755,3268.97856,45.0,82.0
11857206,58,2024-01-01 00:00:17,0.77307,0.10298,4591.77172,25.0,85.0
11857206,58,2024-01-01 00:00:19,0.65482,0.07189,4986.23378,35.0,84.0
11857206,58,2024-01-01 00:00:30,0.16759,0.0365,0.01999,25.0,82.0
11857206,58,2024-01-01 00:00:14,0.62019,0.12616,0.01999,35.0,85.0
11857206,58,2024-01-01 00:00:24,0.86172,0.11082,0.01999,35.0,82.0
11857206,58,2024-01-01 00:00:34,0.54235,0.13644,728.75327,35.0,80.0
11857206,58,2024-01-01 00:00:25,0.85065,0.14952,0.01999,25.0,79.0
11857206,58,2024-01-01 00:00:34,0.86147,0.20614,0.01999,25.0,79.0
11857206,58,2024-01-01 00:00:30,0.825,0.2404,0.01999,45.0,78.0
11857206,58,2024-01-01 00:00:22,1.07862,0.22889,419.58568,25.0,78.0
11857206,58,2024-01-01 00:00:30,1.15091,0.28158,0.01999,25.0,80.0
11857206,58,2024-01-01 00:00:37,0.61393,0.35285,0.01999,25.0,74.0
11857206,58,2024-01-01 00:00:28,1.11482,-0.01139,924.30104,45.0,75.0
11857206,58,2024-01-01 00:00:20,1.4198,-0.06971,0.01999,25.0,75.0
11857206,58,2024-01-01 00:00:33,1.19689,-0.09359,0.01999,25.0,76.0
11857206,58,2024-01-01 00:00:46,0.97896,0.35962,1601.90638,25.0,75.0
11857206,58,2024-01-01 00:00:21,0.99177,0.11819,1004.77745,45.0,75.0
11857206,58,2024-01-01 00:00:23,1.2621,0.043,1980.47493,45.0,78.0
11857206,58,2024-01-01 00:00:23,0.9234,0.21719,390.77984,25.0,79.0
11857206,58,2024-01-01 00:00:08,1.26407,0.04153,0.01999,45.0,78.0
11857206,58,2024-01-01 00:00:26,0.68265,0.12633,0.01999,45.0,78.0
11857206,58,2024-01-01 00:00:25,0.63332,0.06597,1438.11409,35.0,79.0
11857206,58,2024-01-01 00:00:38,0.97518,0.00177,1905.81011,35.0,81.0
11857206,58,2024-01-01 00:00:25,0.58182,0.14984,621.82748,25.0,78.0
11857206,58,2024-01-01 00:00:32,0.53889,0.1196,0.01999,45.0,77.0
11857206,58,2024-01-01 00:00:23,1.23905,0.22898,0.01999,25.0,76.0
11857206,58,2024-01-01 00:00:41,0.93402,0.23446,480.28652,45.0,74.0
11857206,58,2024-01-01 00:00:30,0.95759,0.05492,0.01999,35.0,75.0
11857206,58,2024-01-01 00:00:09,1.01712,0.19693,584.94083,25.0,76.0
11857206,58,2024-01-01 00:00:17,0.61832,0.27088,1864.95508,25.0,73.0
11857206,58,2024-01-01 00:00:25,0.76843,0.03142,4280.55864,35.0,71.0
11857206,58,2024-01-01 00:00:30,1.04881,-0.03813,2818.81969,25.0,72.0
11857206,58,2024-01-01 00:00:17,0.77043,0.09521,0.01999,35.0,73.0
11857206,58,2024-01-01 00:00:24,0.78889,0.11021,316.68342,35.0,74.0
11857206,58,2024-01-01 00:00:29,0.99199,0.47421,0.01999,25.0,77.0
11857206,58,2024-01-01 00:00:26,1.29405,0.30403,2623.451,25.0,72.0
11857206,58,2024-01-01 00:00:34,1.15576,0.19849,494.17131,45.0,72.0
11857206,58,2024-01-01 00:00:21,1.10416,0.01436,0.01999,45.0,74.0
11857206,58,2024-01-01 00:00:33,1.21161,0.16981,157.46397,25.0,75.0
11857206,58,2024-01-01 00:00:33,0.97204,0.07724,0.01999,25.0,74.0
11857206,58,2024-01-01 00:00:28,1.09207,0.42896,967.18856,45.0,72.0
11857206,58,2024-01-01 00:00:30,0.92971,0.31546,477.09246,25.0,75.0
11857206,58,2024-01-01 00:00:48,1.35084,-0.02859,742.23036,25.0,72.0
11857206,58,2024-01-01 00:00:44,0.98662,0.37628,0.01999,45.0,69.0
11857206,58,2024-01-01 00:00:27,1.41714,0.38987,583.86086,25.0,72.0
11857206,58,2024-01-01 00:00:26,0.90832,-0.00313,0.01999,25.0,71.0
11857206,58,2024-01-01 00:00:40,1.31413,-0.16567,1927.5694,35.0,71.0
11857206,58,2024-01-01 00:00:12,1.18485,0.14987,1061.72958,35.0,71.0
11857206,58,2024-01-01 00:00:36,0.52726,-0.04604,0.01999,35.0,73.0
11857206,58,2024-01-01 00:00:23,0.79866,0.26379,564.96061,45.0,73.0
11857206,58,2024-01-01 00:00:25,0.76173,0.1231,1375.17362,25.0,78.0
11857206,58,2024-01-01 00:00:19,1.0337,0.08445,1356.95608,45.0,74.0
11857206,58,2024-01-01 00:00:36,0.87099,0.11125,811.21307,45.0,77.0
11857206,58,2024-01-01 00:00:31,1.33519,-0.02647,1429.19351,35.0,78.0
11857206,58,2024-01-01 00:00:36,0.6951,0.12137,50.13925,35.0,79.0
11857206,58,2024-01-01 00:00:44,0.84701,0.3226,777.06196,25.0,78.0
11857206,58,2024-01-01 00:00:05,1.30165,0.16406,1494.62593,35.0,78.0
11857206,58,2024-01-01 00:00:28,0.56793,0.12939,18.22429,25.0,73.0
11857206,58,2024-01-01 00:00:22,0.79693,0.10552,486.09659,25.0,74.0
11857206,58,2024-01-01 00:00:30,0.68331,0.19259,0.01999,35.0,75.0
11857206,58,2024-01-01 00:00:24,1.05852,0.08579,1577.2706,35.0,75.0
11857206,58,2024-01-01 00:00:31,0.46337,-0.00762,0.01999,35.0,74.0
11857206,58,2024-01-01 00:00:27,0.67315,0.27565,1097.62518,45.0,74.0
11857206,58,2024-01-01 00:00:27,0.84537,0.17959,0.01999,35.0,79.0
11857206,58,2024-01-01 00:00:27,0.65242,-0.02604,1915.90916,45.0,77.0
11857206,58,2024-01-01 00:00:27,0.31293,0.14172,1504.68632,35.0,78.0
11857206,58,2024-01-01 00:00:12,0.71135,0.13954,1702.28036,45.0,79.0
11857206,58,2024-01-01 00:00:12,0.58344,0.0305,2490.19776,35.0,81.0
11857206,58,2024-01-01 00:00:18,0.32928,0.19432,645.13515,35.0,81.0
11857206,58,2024-01-01 00:00:01,0.65711,0.16071,2617.83503,45.0,80.0
11857206,58,2024-01-01 00:00:13,0.94288,0.13602,5388.36946,35.0,80.0
11857206,58,2024-01-01 00:00:24,0.37231,0.09901,1432.77012,35.0,81.0
11857206,58,2024-01-01 00:00:22,0.53225,0.18862,3607.58044,45.0,81.0
11857206,58,2024-01-01 00:00:27,0.23507,0.02323,1513.88441,35.0,81.0
11857206,58,2024-01-01 00:00:28,0.46685,0.07923,886.02655,35.0,84.0
11857206,58,2024-01-01 00:00:22,0.36725,0.09925,0.01999,25.0,83.0
11857206,58,2024-01-01 00:00:31,0.87049,0.00614,0.01999,35.0,80.0
11857206,58,2024-01-01 00:00:19,0.39651,0.24936,1949.98155,45.0,82.0
11857206,58,2024-01-01 00:00:21,0.95029,0.24216,2793.03999,35.0,84.0
11857206,58,2024-01-01 00:00:20,0.41839,-0.01225,3407.37369,35.0,82.0
11857206,58,2024-01-01 00:00:10,0.33766,0.06123,1049.2417,25.0,82.0
11857206,58,2024-01-01 00:00:30,0.249,0.04414,0.01999,25.0,83.0
11857206,58,2024-01-01 00:00:26,0.86554,0.18751,2988.79448,35.0,83.0
11857206,58,2024-01-01 00:00:25,0.83537,0.13213,2522.08449,35.0,82.0
11857206,58,2024-01-01 00:00:30,0.61315,0.15693,1901.4937,25.0,80.0
11857206,58,2024-01-01 00:00:23,0.71936,0.09784,0.01999,35.0,80.0
11857206,58,2024-01-01 00:00:19,0.50955,0.09719,0.01999,35.0,81.0
11857206,58,2024-01-01 00:00:25,0.57604,0.14319,0.01999,25.0,78.0
11857206,58,2024-01-01 00:00:24,0.644,0.18212,181.34728,35.0,81.0
11857206,58,2024-01-01 00:00:03,0.6068,-0.04104,0.01999,25.0,82.0
11857206,58,2024-01-01 00:00:31,0.30822,0.04987,0.01999,45.0,83.0
11857206,58,2024-01-01 00:00:26,0.52771,0.16999,0.01999,45.0,84.0
11857206,58,2024-01-01 00:00:38,0.98788,0.09494,0.01999,45.0,83.0
11857206,58,2024-01-01 00:00:26,0.50213,0.1174,0.01999,25.0,81.0
11857206,58,2024-01-01 00:00:39,0.8316,0.03773,2412.29414,35.0,82.0
11857206,58,2024-01-01 00:00:27,0.79477,0.12042,0.01999,25.0,81.0
11857206,58,2024-01-01 00:00:32,1.08458,0.29182,1754.64697,35.0,77.0
11857206,58,2024-01-01 00:00:19,0.90421,-0.02424,307.5743,45.0,81.0
11857206,58,2024-01-01 00:00:22,1.09392,-0.00825,2837.5017,45.0,83.0
11857206,58,2024-01-01 00:00:00,0.51489,0.27346,1398.97463,35.0,82.0
11857206,58,2024-01-01 00:00:17,0.35881,0.27303,2829.54051,45.0,84.0
11857206,58,2024-01-01 00:00:06,0.87891,0.04972,5462.25609,45.0,78.0
11857206,58,2024-01-01 00:00:19,0.13858,0.09299,161.45246,45.0,81.0
11857206,58,2024-01-01 00:00:25,0.93537,0.14219,3146.47259,25.0,83.0
11857206,58,2024-01-01 00:00:15,0.99356,0.07243,225.50758,35.0,80.0
11857206,58,2024-01-01 00:00:40,1.22418,-0.01489,1930.92094,25.0,80.0
11857206,58,2024-01-01 00:00:17,0.72648,-0.09133,0.01999,45.0,81.0
11857206,58,2024-01-01 00:00:26,0.9789,0.05761,0.01999,35.0,81.0
11857206,58,2024-01-01 00:00:24,0.39876,0.12259,900.58199,35.0,84.0
11857206,58,2024-01-01 00:00:17,0.71974,0.10894,3574.10874,35.0,84.0
11857206,58,2024-01-01 00:00:18,0.58199,0.14378,387.03753,35.0,83.0
11857206,58,2024-01-01 00:00:27,0.93521,0.08153,698.87201,35.0,81.0
11857206,58,2024-01-01 00:00:31,0.7133,0.26932,2440.1651,45.0,83.0
11857206,58,2024-01-01 00:00:25,0.68154,-0.04453,0.01999,25.0,82.0
11857206,58,2024-01-01 00:00:28,0.43916,0.33152,4837.1728,35.0,80.0
11857206,58,2024-01-01 00:00:17,0.2554,0.2266,1164.39154,45.0,81.0
11857206,58,2024-01-01 00:00:31,0.45422,0.06761,4265.82502,35.0,83.0
11857206,58,2024-01-01 00:00:18,0.72818,0.05407,837.27456,25.0,85.0
11857206,58,2024-01-01 00:00:23,0.81397,0.09751,0.01999,25.0,84.0
11857206,58,2024-01-01 00:00:22,0.83164,0.20752,525.11537,45.0,81.0
11857206,58,2024-01-01 00:00:32,1.04198,0.10463,3456.48131,25.0,83.0
11857206,58,2024-01-01 00:00:15,0.61609,0.11414,302.09173,35.0,80.0
11857206,58,2024-01-01 00:00:33,0.80626,0.24715,2287.40636,45.0,86.0
11857206,58,2024-01-01 00:00:21,0.72206,0.22845,3331.7363,35.0,85.0
11857206,58,2024-01-01 00:00:28,0.52483,0.12398,2220.81683,45.0,81.0
11857206,58,2024-01-01 00:00:33,0.53014,0.13787,2504.64704,45.0,83.0
11857206,58,2024-01-01 00:00:12,0.95227,0.17441,0.01999,45.0,82.0
11857206,58,2024-01-01 00:00:13,0.9074,0.11655,368.66929,45.0,82.0
11857206,58,2024-01-01 00:00:32,0.67412,-0.01335,2686.23306,45.0,83.0
11857206,58,2024-01-01 00:00:30,0.74942,0.20521,0.01999,35.0,82.0
11857206,58,2024-01-01 00:00:36,0.82958,0.20858,0.01999,35.0,83.0
11857206,58,2024-01-01 00:00:35,0.66866,-0.09139,955.20128,45.0,83.0
11857206,58,2024-01-01 00:00:40,0.78929,0.04133,0.01999,35.0,82.0
11857206,58,2024-01-01 00:00:13,1.11425,0.12147,0.01999,45.0,81.0
11857206,58,2024-01-01 00:00:36,0.76695,0.08397,450.98915,25.0,83.0
11857206,58,2024-01-01 00:00:29,0.79513,-0.09554,0.01999,45.0,80.0
11857206,58,2024-01-01 00:00:09,0.9845,0.0603,821.55078,25.0,85.0
11857206,58,2024-01-01 00:00:32,1.00903,0.2196,2607.85778,45.0,82.0
11857206,58,2024-01-01 00:00:20,0.75561,0.09965,2871.93529,35.0,80.0
11857206,58,2024-01-01 00:00:27,0.89452,0.00614,0.01999,45.0,81.0
11857206,58,2024-01-01 00:00:37,0.74747,0.10617,1011.93262,35.0,84.0
11857206,58,2024-01-01 00:00:35,0.67542,0.22753,35.70101,45.0,84.0
11857206,58,2024-01-01 00:00:13,1.24678,0.11111,1032.03059,35.0,83.0
11857206,58,2024-01-01 00:00:24,1.29254,0.02522,1508.7163,45.0,84.0
11857206,58,2024-01-01 00:00:18,0.50112,0.11594,0.01999,35.0,87.0
11857206,58,2024-01-01 00:00:16,0.64345,0.16755,2398.69758,35.0,85.0
11857206,58,2024-01-01 00:00:11,0.21843,0.0673,0.01999,25.0,82.0
11857206,58,2024-01-01 00:00:29,0.51124,0.15938,2593.7437,35.0,80.0
11857206,58,2024-01-01 00:00:21,1.04912,0.15625,123.49972,25.0,84.0
11857206,58,2024-01-01 00:00:30,0.63081,0.1468,1047.42044,45.0,82.0
11857206,58,2024-01-01 00:00:37,0.8073,0.07326,451.26968,45.0,80.0
11857206,58,2024-01-01 00:00:26,0.57548,-0.01192,873.16325,45.0,84.0
11857206,58,2024-01-01 00:00:35,1.2326,0.1489,468.34881,45.0,84.0
11857206,58,2024-01-01 00:00:56,0.79279,0.01852,1313.82618,45.0,83.0
11857206,58,2024-01-01 00:00:44,0.95135,0.1349,0.01999,35.0,83.0
11857206,58,2024-01-01 00:00:36,1.05366,0.06036,2151.77605,45.0,83.0
11857206,58,2024-01-01 00:00:39,0.93743,0.21177,950.30855,25.0,85.0
11857206,58,2024-01-01 00:00:41,0.92933,0.05044,2149.69669,45.0,83.0
11857206,58,2024-01-01 00:00:26,0.71138,0.3096,0.01999,45.0,85.0
11857206,58,2024-01-01 00:00:38,0.82005,0.17625,1821.28292,45.0,83.0
11857206,58,2024-01-01 00:00:45,0.50297,0.23156,998.42213,45.0,79.0
11857206,58,2024-01-01 00:00:31,1.284,0.15238,486.26479,35.0,81.0
11857206,58,2024-01-01 00:00:16,0.71463,0.0448,627.23035,45.0,80.0
11857206,58,2024-01-01 00:00:25,1.04089,-0.01972,0.01999,35.0,82.0
11857206,58,2024-01-01 00:00:27,0.67336,0.01339,0.01999,25.0,83.0
11857206,58,2024-01-01 00:00:35,0.11863,0.24649,0.01999,35.0,80.0
11857206,58,2024-01-01 00:00:18,0.7254,0.24241,0.01999,45.0,78.0
11857206,58,2024-01-01 00:00:32,0.32193,0.15016,1252.23878,25.0,79.0
11857206,58,2024-01-01 00:00:18,0.87296,0.0948,610.20386,35.0,81.0
11857206,58,2024-01-01 00:00:15,0.61136,0.06157,4109.76491,35.0,80.0
11857206,58,2024-01-01 00:00:21,0.44692,0.04766,6409.24115,45.0,83.0
11857206,58,2024-01-01 00:00:08,0.51491,0.05262,8604.17011,45.0,82.0
11857206,58,2024-01-01 00:00:08,0.24113,0.1361,0.01999,35.0,79.0
11857206,58,2024-01-01 00:00:15,0.29347,0.13769,1728.81346,45.0,81.0
11857206,58,2024-01-01 00:00:24,0.76423,0.08068,4305.39892,45.0,79.0
11857206,58,2024-01-01 00:00:19,0.69512,0.1413,0.01999,35.0,80.0
11857206,58,2024-01-01 00:00:14,0.83761,0.21801,0.01999,45.0,81.0
11857206,58,2024-01-01 00:00:13,0.67896,0.10916,0.01999,35.0,80.0
11857206,58,2024-01-01 00:00:26,0.82552,0.05995,358.47426,45.0,81.0
11857206,58,2024-01-01 00:00:14,0.70054,0.11035,545.8457,45.0,80.0
11857206,58,2024-01-01 00:00:16,0.34524,0.02719,1692.62373,35.0,79.0
11857206,58,2024-01-01 00:00:19,0.61221,0.18327,1002.09558,45.0,81.0
11857206,58,2024-01-01 00:00:15,0.41774,0.37375,2177.11185,45.0,82.0
11857206,58,2024-01-01 00:00:08,0.55178,-0.07286,240.98866,35.0,81.0
11857206,58,2024-01-01 00:00:23,0.41745,0.16429,4884.2289,35.0,84.0
11857206,58,2024-01-01 00:00:26,0.57251,0.09588,0.01999,45.0,82.0
11857206,58,2024-01-01 00:00:07,0.45998,-0.01223,3538.48824,45.0,83.0
11857206,58,2024-01-01 00:00:03,0.40982,0.16491,960.57301,25.0,82.0
11857206,58,2024-01-01 00:00:07,0.54968,0.21586,4142.82074,25.0,80.0
11857206,58,2024-01-01 00:00:10,0.64102,0.07663,2232.31016,45.0,80.0
11857206,58,2024-01-01 00:00:26,0.4156,-0.01511,2409.82777,35.0,81.0
11857206,58,2024-01-01 00:00:31,0.21858,0.04572,40.87288,35.0,81.0
11857206,58,2024-01-01 00:00:16,0.5142,0.01033,0.01999,35.0,80.0
11857206,58,2024-01-01 00:00:26,0.71855,-0.00277,601.50657,35.0,80.0
11857206,58,2024-01-01 00:00:09,0.78033,0.07476,1731.55382,35.0,77.0
11857206,58,2024-01-01 00:00:21,0.96394,0.05378,4065.25196,35.0,77.0
11857206,58,2024-01-01 00:00:20,0.68272,0.21399,2407.69502,45.0,81.0
11857206,58,2024-01-01 00:00:15,0.69334,0.14569,3148.71292,45.0,78.0
11857206,58,2024-01-01 00:00:26,0.56322,0.12067,940.6406,35.0,77.0
11857206,58,2024-01-01 00:00:26,0.37262,0.08172,2592.35479,35.0,78.0
11857206,58,2024-01-01 00:00:16,-0.00218,0.09715,3854.32643,35.0,79.0
11857206,58,2024-01-01 00:00:23,0.66796,0.05224,2601.25207,35.0,80.0
11857206,58,2024-01-01 00:00:13,0.53205,0.12401,604.09669,35.0,81.0
11857206,58,2024-01-01 00:00:20,0.36706,0.10099,0.01999,45.0,79.0
11857206,58,2024-01-01 00:00:20,0.82779,-0.00842,0.01999,35.0,78.0
11857206,58,2024-01-01 00:00:22,0.64034,0.01321,1188.5165,35.0,77.0
11857206,58,2024-01-01 00:00:29,0.4246,0.03571,2771.02133,25.0,77.0
11857206,58,2024-01-01 00:00:00,0.66302,0.0747,405.60926,35.0,73.0
11857206,58,2024-01-01 00:00:06,0.28044,0.13694,405.45442,45.0,72.0
11857206,58,2024-01-01 00:00:31,0.65607,0.19122,5229.6253,25.0,75.0
11857206,58,2024-01-01 00:00:16,0.48132,0.02661,0.01999,25.0,77.0
11857206,58,2024-01-01 00:00:24,0.41213,0.14506,0.01999,35.0,77.0
11857206,58,2024-01-01 00:00:40,0.55224,-0.08421,0.01999,25.0,76.0
11857206,58,2024-01-01 00:00:30,0.92592,0.17023,0.01999,25.0,76.0
11857206,58,2024-01-01 00:00:37,0.59129,0.15671,0.01999,25.0,76.0
11857206,58,2024-01-01 00:00:49,0.72696,0.23581,1601.60051,25.0,77.0
11857206,58,2024-01-01 00:00:20,0.67283,0.19103,327.95136,35.0,76.0
11857206,58,2024-01-01 00:00:39,0.87628,0.11473,842.52483,35.0,80.0
11857206,58,2024-01-01 00:00:41,0.65319,0.08219,2800.04133,35.0,80.0
11857206,58,2024-01-01 00:00:40,0.57032,0.2295,0.01999,45.0,80.0
11857206,58,2024-01-01 00:00:11,0.86126,-0.01867,694.19181,45.0,80.0
11857206,58,2024-01-01 00:00:25,0.65769,0.09425,2968.96511,25.0,83.0
11857206,58,2024-01-01 00:00:33,0.77686,0.06878,0.01999,35.0,82.0
11857206,58,2024-01-01 00:00:16,1.14556,-0.10092,498.90865,45.0,81.0
11857206,58,2024-01-01 00:00:20,1.16754,0.12289,1575.31038,45.0,79.0
11857206,58,2024-01-01 00:00:36,0.67142,0.27845,0.01999,25.0,84.0
11857206,58,2024-01-01 00:00:58,0.69303,-0.10455,1701.05446,25.0,79.0
11857206,58,2024-01-01 00:00:50,1.20163,0.21797,0.01999,45.0,79.0
11857206,58,2024-01-01 00:00:50,1.40347,0.15463,1344.58579,25.0,84.0
11857206,58,2024-01-01 00:00:30,0.9954,0.11497,0.01999,35.0,80.0
11857206,58,2024-01-01 00:00:44,1.07063,0.2665,1590.40998,25.0,81.0
11857206,58,2024-01-01 00:00:35,1.03322,0.1754,801.27912,35.0,79.0
11857206,58,2024-01-01 00:00:31,0.60211,0.0993,1644.65777,45.0,77.0
11857206,58,2024-01-01 00:00:26,0.76804,0.20578,1275.28338,45.0,82.0
11857206,58,2024-01-01 00:00:24,0.86791,0.28733,1596.712,25.0,82.0
11857206,58,2024-01-01 00:00:18,0.7798,0.20069,0.01999,35.0,82.0
11857206,58,2024-01-01 00:00:26,0.93611,0.16302,1077.64362,35.0,80.0
11857206,58,2024-01-01 00:00:25,1.18122,0.14802,1781.20143,25.0,80.0
11857206,58,2024-01-01 00:00:40,0.88017,-0.00135,863.89071,45.0,82.0
11857206,58,2024-01-01 00:00:33,0.62788,0.091,0.01999,35.0,81.0
11857206,58,2024-01-01 00:00:30,0.72313,0.08217,1057.12712,45.0,81.0
11857206,58,2024-01-01 00:00:24,0.71357,0.13078,2237.13207,45.0,78.0
11857206,58,2024-01-01 00:00:34,1.26093,0.22263,356.01949,45.0,82.0
11857206,58,2024-01-01 00:00:33,1.14175,-0.02744,1284.91925,45.0,84.0
11857206,58,2024-01-01 00:00:40,0.75421,0.02443,301.11387,25.0,82.0
11857206,58,2024-01-01 00:00:36,1.36269,0.3344,0.01999,45.0,82.0
11857206,58,2024-01-01 00:00:41,1.30734,0.24722,0.01999,45.0,85.0
11857206,58,2024-01-01 00:00:30,1.31802,0.65244,0.01999,25.0,83.0
11857206,58,2024-01-01 00:00:32,0.93696,0.02324,958.15473,45.0,83.0
11857206,58,2024-01-01 00:00:23,1.35353,0.32303,2172.81295,45.0,84.0
11857206,58,2024-01-01 00:00:30,1.13506,0.11164,2415.73085,45.0,87.0
11857206,58,2024-01-01 00:00:39,0.74426,0.00755,2421.48996,45.0,87.0
11857206,58,2024-01-01 00:00:16,0.90874,0.00014,1847.15912,35.0,89.0
11857206,58,2024-01-01 00:00:34,0.75866,-0.03674,3002.76765,45.0,91.0
11857206,58,2024-01-01 00:00:26,0.85298,0.24848,0.01999,45.0,87.0
11857206,58,2024-01-01 00:00:29,0.82712,-0.00233,2529.82262,25.0,88.0
11857206,58,2024-01-01 00:00:30,0.92219,0.13368,2258.06834,45.0,86.0
11857206,58,2024-01-01 00:00:29,0.81162,0.16921,1613.83365,45.0,86.0
11857206,58,2024-01-01 00:00:29,0.60252,-0.10953,1434.51688,45.0,88.0
11857206,58,2024-01-01 00:00:12,0.98787,0.0785,0.01999,45.0,89.0
11857206,58,2024-01-01 00:00:13,0.68005,0.11253,0.01999,25.0,88.0
11857206,58,2024-01-01 00:00:26,0.73634,0.22142,440.61412,35.0,90.0
11857206,58,2024-01-01 00:00:21,0.6928,0.07717,2415.16849,35.0,87.0
11857206,58,2024-01-01 00:00:21,0.60349,0.0656,0.01999,25.0,84.0
11857206,58,2024-01-01 00:00:20,0.84266,0.02017,0.01999,35.0,83.0
11857206,58,2024-01-01 00:00:06,0.70336,0.10023,0.01999,35.0,84.0
11857206,58,2024-01-01 00:00:10,0.77257,0.0178,1001.93942,45.0,83.0
11857206,58,2024-01-01 00:00:25,0.82678,0.13914,2105.00512,45.0,80.0
11857206,58,2024-01-01 00:00:18,0.46788,0.04637,0.01999,45.0,83.0
11857206,58,2024-01-01 00:00:33,0.67803,-0.01355,3055.36266,35.0,83.0
11857206,58,2024-01-01 00:00:20,1.04699,0.1669,0.01999,45.0,81.0
11857206,58,2024-01-01 00:00:15,1.10525,0.15273,1674.03474,45.0,83.0
11857206,58,2024-01-01 00:00:35,0.96891,-0.00877,887.98501,45.0,82.0
11857206,58,2024-01-01 00:00:32,0.67818,0.19574,233.10266,35.0,84.0
11857206,58,2024-01-01 00:00:37,0.88511,0.12058,0.01999,35.0,84.0
11857206,58,2024-01-01 00:00:21,0.92196,0.10688,944.5855,35.0,82.0
11857206,58,2024-01-01 00:00:32,0.83617,0.22602,2355.36327,45.0,80.0
11857206,58,2024-01-01 00:00:31,0.94729,0.22586,1509.51653,35.0,80.0
11857206,58,2024-01-01 00:00:45,0.81154,0.05018,0.01999,25.0,84.0
11857206,58,2024-01-01 00:00:26,1.41335,0.16605,348.53915,45.0,82.0
11857206,58,2024-01-01 00:00:48,1.10326,0.33089,0.01999,25.0,82.0
11857206,58,2024-01-01 00:00:28,1.22483,0.27927,0.01999,25.0,80.0
11857206,58,2024-01-01 00:00:46,1.04791,0.25718,1556.91591,25.0,82.0
11857206,58,2024-01-01 00:00:50,1.53986,0.1641,317.18822,25.0,82.0
11857206,58,2024-01-01 00:00:40,1.07748,0.38614,83.80078,25.0,80.0
11857206,58,2024-01-01 00:00:41,1.28868,0.43982,1561.70115,35.0,78.0
11857206,58,2024-01-01 00:00:50,1.03259,0.29039,0.01999,45.0,79.0
11857206,58,2024-01-01 00:00:37,1.39313,-0.00121,0.01999,25.0,80.0
11857206,58,2024-01-01 00:00:49,1.50802,0.34196,583.07869,35.0,78.0
11857206,58,2024-01-01 00:00:45,1.47805,0.24289,225.21758,35.0,79.0
11857206,58,2024-01-01 00:00:45,1.47865,0.07125,100.87286,25.0,80.0
11857206,58,2024-01-01 00:00:38,1.16154,0.5229,1249.29346,25.0,77.0
11857206,58,2024-01-01 00:00:51,1.00897,0.42769,0.01999,25.0,74.0
11857206,58,2024-01-01 00:00:44,1.68029,0.37664,439.07771,35.0,76.0
11857206,58,2024-01-01 00:00:37,0.76349,-0.11305,0.01999,35.0,76.0
11857206,58,2024-01-01 00:00:27,0.99939,-0.00122,1897.65258,25.0,78.0
11857206,58,2024-01-01 00:00:39,0.858,0.24146,0.01999,45.0,77.0
11857206,58,2024-01-01 00:00:36,0.76355,0.3762,0.01999,45.0,77.0
11857206,58,2024-01-01 00:00:35,0.9018,0.16629,296.05451,25.0,81.0
11857206,58,2024-01-01 00:00:53,1.01826,0.19603,0.01999,25.0,83.0
11857206,58,2024-01-01 00:00:41,1.24203,0.28343,0.01999,45.0,80.0
11857206,58,2024-01-01 00:00:49,0.9322,0.0328,0.01999,45.0,81.0
11857206,58,2024-01-01 00:00:28,1.42613,0.12347,0.01999,35.0,83.0
11857206,58,2024-01-01 00:00:57,0.90122,0.10318,304.36975,35.0,83.0
11857206,58,2024-01-01 00:00:52,1.11242,0.20598,1154.48569,35.0,80.0
11857206,58,2024-01-01 00:00:51,0.89501,0.14739,0.01999,25.0,81.0
11857206,58,2024-01-01 00:00:50,0.76557,-0.05543,2161.19336,25.0,79.0
11857206,58,2024-01-01 00:00:48,0.88165,0.22924,0.01999,35.0,78.0
11857206,58,2024-01-01 00:00:25,1.25994,0.05361,52.25389,45.0,81.0
11857206,58,2024-01-01 00:00:31,1.2802,0.01971,326.29177,35.0,79.0
11857206,58,2024-01-01 00:00:34,0.6821,0.29712,243.06933,45.0,78.0
11857206,58,2024-01-01 00:00:28,0.79821,0.13832,1569.98158,35.0,81.0
11857206,58,2024-01-01 00:00:47,1.04975,0.25278,457.70616,35.0,81.0
11857206,58,2024-01-01 00:00:34,0.60691,0.17131,0.01999,45.0,80.0
11857206,58,2024-01-01 00:00:25,0.76429,0.28247,2949.21761,45.0,79.0
11857206,58,2024-01-01 00:00:22,1.11514,0.03,698.21891,45.0,83.0
11857206,58,2024-01-01 00:00:19,0.89842,0.10438,446.38428,35.0,84.0
11857206,58,2024-01-01 00:00:28,0.31245,0.16936,0.01999,35.0,84.0
11857206,58,2024-01-01 00:00:31,0.76253,-0.05622,1360.89982,25.0,85.0
11857206,58,2024-01-01 00:00:28,0.72621,0.11736,306.08226,35.0,86.0
11857206,58,2024-01-01 00:00:34,0.9781,0.16816,792.01661,25.0,82.0
11857206,58,2024-01-01 00:00:29,0.90208,0.02929,58.36213,25.0,78.0
